<?xml version='1.0' encoding='UTF-8'?>
<gpx version="1.1" creator="https://www.komoot.de" xmlns="http://www.topografix.com/GPX/1/1" xmlns:xsi="http://www.w3.org/2001/XMLSchema-instance" xsi:schemaLocation="http://www.topografix.com/GPX/1/1 http://www.topografix.com/GPX/1/1/gpx.xsd">
  <metadata>
    <name>Col du Chaussy - Col de la Madeleine</name>
    <author>
      <link href="https://www.komoot.de">
        <text>komoot</text>
        <type>text/html</type>
      </link>
    </author>
  </metadata>
  <trk>
    <name>Col du Chaussy - Col de la Madeleine</name>
    <type>racebike</type>
    <trkseg>
      <trkpt lat="45.269645" lon="6.349147">
        <ele>539.372144</ele>
        <time>2026-09-03T08:22:33.666Z</time>
      </trkpt>
      <trkpt lat="45.269547" lon="6.349173">
        <ele>539.372144</ele>
        <time>2026-09-03T08:22:35.628Z</time>
      </trkpt>
      <trkpt lat="45.269407" lon="6.349205">
        <ele>539.372144</ele>
        <time>2026-09-03T08:22:37.634Z</time>
      </trkpt>
      <trkpt lat="45.269307" lon="6.349233">
        <ele>539.372144</ele>
        <time>2026-09-03T08:22:39.632Z</time>
      </trkpt>
      <trkpt lat="45.269255" lon="6.349348">
        <ele>539.372144</ele>
        <time>2026-09-03T08:22:43.816Z</time>
      </trkpt>
      <trkpt lat="45.269338" lon="6.349413">
        <ele>539.372144</ele>
        <time>2026-09-03T08:22:48.803Z</time>
      </trkpt>
      <trkpt lat="45.269440" lon="6.349385">
        <ele>539.372144</ele>
        <time>2026-09-03T08:22:50.818Z</time>
      </trkpt>
      <trkpt lat="45.269552" lon="6.349405">
        <ele>539.372144</ele>
        <time>2026-09-03T08:22:52.819Z</time>
      </trkpt>
      <trkpt lat="45.269658" lon="6.349472">
        <ele>539.372144</ele>
        <time>2026-09-03T08:22:54.813Z</time>
      </trkpt>
      <trkpt lat="45.269763" lon="6.349557">
        <ele>539.624883</ele>
        <time>2026-09-03T08:22:56.822Z</time>
      </trkpt>
      <trkpt lat="45.269873" lon="6.349648">
        <ele>539.987596</ele>
        <time>2026-09-03T08:22:58.820Z</time>
      </trkpt>
      <trkpt lat="45.269987" lon="6.349720">
        <ele>540.343097</ele>
        <time>2026-09-03T08:23:00.816Z</time>
      </trkpt>
      <trkpt lat="45.270090" lon="6.349805">
        <ele>540.682517</ele>
        <time>2026-09-03T08:23:02.805Z</time>
      </trkpt>
      <trkpt lat="45.270208" lon="6.349873">
        <ele>541.045372</ele>
        <time>2026-09-03T08:23:04.819Z</time>
      </trkpt>
      <trkpt lat="45.270332" lon="6.349925">
        <ele>541.413791</ele>
        <time>2026-09-03T08:23:06.802Z</time>
      </trkpt>
      <trkpt lat="45.270450" lon="6.350007">
        <ele>541.788103</ele>
        <time>2026-09-03T08:23:08.804Z</time>
      </trkpt>
      <trkpt lat="45.270540" lon="6.350118">
        <ele>542.127701</ele>
        <time>2026-09-03T08:23:10.814Z</time>
      </trkpt>
      <trkpt lat="45.270625" lon="6.350235">
        <ele>542.464930</ele>
        <time>2026-09-03T08:23:12.807Z</time>
      </trkpt>
      <trkpt lat="45.270727" lon="6.350317">
        <ele>542.798885</ele>
        <time>2026-09-03T08:23:14.795Z</time>
      </trkpt>
      <trkpt lat="45.270842" lon="6.350343">
        <ele>543.130712</ele>
        <time>2026-09-03T08:23:16.811Z</time>
      </trkpt>
      <trkpt lat="45.270947" lon="6.350363">
        <ele>543.432597</ele>
        <time>2026-09-03T08:23:18.796Z</time>
      </trkpt>
      <trkpt lat="45.271062" lon="6.350468">
        <ele>543.822123</ele>
        <time>2026-09-03T08:23:21.813Z</time>
      </trkpt>
      <trkpt lat="45.271127" lon="6.350567">
        <ele>544.093647</ele>
        <time>2026-09-03T08:23:23.811Z</time>
      </trkpt>
      <trkpt lat="45.271237" lon="6.350685">
        <ele>544.486398</ele>
        <time>2026-09-03T08:23:26.818Z</time>
      </trkpt>
      <trkpt lat="45.271300" lon="6.350792">
        <ele>544.292738</ele>
        <time>2026-09-03T08:23:28.812Z</time>
      </trkpt>
      <trkpt lat="45.271372" lon="6.350892">
        <ele>544.073939</ele>
        <time>2026-09-03T08:23:30.820Z</time>
      </trkpt>
      <trkpt lat="45.271450" lon="6.350993">
        <ele>543.844606</ele>
        <time>2026-09-03T08:23:32.813Z</time>
      </trkpt>
      <trkpt lat="45.271522" lon="6.351077">
        <ele>543.642154</ele>
        <time>2026-09-03T08:23:34.813Z</time>
      </trkpt>
      <trkpt lat="45.271620" lon="6.351177">
        <ele>543.379957</ele>
        <time>2026-09-03T08:23:37.816Z</time>
      </trkpt>
      <trkpt lat="45.271647" lon="6.351305">
        <ele>543.175592</ele>
        <time>2026-09-03T08:23:39.816Z</time>
      </trkpt>
      <trkpt lat="45.271683" lon="6.351470">
        <ele>542.911396</ele>
        <time>2026-09-03T08:23:44.818Z</time>
      </trkpt>
      <trkpt lat="45.271750" lon="6.351650">
        <ele>542.599974</ele>
        <time>2026-09-03T08:23:47.820Z</time>
      </trkpt>
      <trkpt lat="45.271818" lon="6.351762">
        <ele>542.373748</ele>
        <time>2026-09-03T08:23:49.807Z</time>
      </trkpt>
      <trkpt lat="45.271902" lon="6.351860">
        <ele>542.137555</ele>
        <time>2026-09-03T08:23:51.804Z</time>
      </trkpt>
      <trkpt lat="45.271995" lon="6.351960">
        <ele>541.884105</ele>
        <time>2026-09-03T08:23:53.824Z</time>
      </trkpt>
      <trkpt lat="45.272087" lon="6.352067">
        <ele>541.625741</ele>
        <time>2026-09-03T08:23:55.805Z</time>
      </trkpt>
      <trkpt lat="45.272185" lon="6.352185">
        <ele>541.346590</ele>
        <time>2026-09-03T08:23:57.811Z</time>
      </trkpt>
      <trkpt lat="45.272302" lon="6.352295">
        <ele>541.041712</ele>
        <time>2026-09-03T08:23:59.812Z</time>
      </trkpt>
      <trkpt lat="45.272422" lon="6.352393">
        <ele>540.740928</ele>
        <time>2026-09-03T08:24:01.820Z</time>
      </trkpt>
      <trkpt lat="45.272527" lon="6.352490">
        <ele>540.571386</ele>
        <time>2026-09-03T08:24:03.848Z</time>
      </trkpt>
      <trkpt lat="45.272653" lon="6.352597">
        <ele>540.525154</ele>
        <time>2026-09-03T08:24:05.831Z</time>
      </trkpt>
      <trkpt lat="45.272775" lon="6.352692">
        <ele>540.481337</ele>
        <time>2026-09-03T08:24:07.846Z</time>
      </trkpt>
      <trkpt lat="45.272905" lon="6.352783">
        <ele>540.435694</ele>
        <time>2026-09-03T08:24:09.805Z</time>
      </trkpt>
      <trkpt lat="45.273023" lon="6.352865">
        <ele>540.394322</ele>
        <time>2026-09-03T08:24:11.834Z</time>
      </trkpt>
      <trkpt lat="45.273143" lon="6.352955">
        <ele>540.351586</ele>
        <time>2026-09-03T08:24:13.812Z</time>
      </trkpt>
      <trkpt lat="45.273267" lon="6.353047">
        <ele>540.307527</ele>
        <time>2026-09-03T08:24:15.818Z</time>
      </trkpt>
      <trkpt lat="45.273395" lon="6.353135">
        <ele>540.262742</ele>
        <time>2026-09-03T08:24:17.825Z</time>
      </trkpt>
      <trkpt lat="45.273527" lon="6.353220">
        <ele>540.217097</ele>
        <time>2026-09-03T08:24:19.846Z</time>
      </trkpt>
      <trkpt lat="45.273655" lon="6.353298">
        <ele>540.173232</ele>
        <time>2026-09-03T08:24:21.846Z</time>
      </trkpt>
      <trkpt lat="45.273783" lon="6.353377">
        <ele>540.129278</ele>
        <time>2026-09-03T08:24:23.814Z</time>
      </trkpt>
      <trkpt lat="45.273917" lon="6.353463">
        <ele>540.082968</ele>
        <time>2026-09-03T08:24:25.845Z</time>
      </trkpt>
      <trkpt lat="45.274043" lon="6.353553">
        <ele>540.038552</ele>
        <time>2026-09-03T08:24:27.813Z</time>
      </trkpt>
      <trkpt lat="45.274165" lon="6.353637">
        <ele>539.978405</ele>
        <time>2026-09-03T08:24:29.834Z</time>
      </trkpt>
      <trkpt lat="45.274292" lon="6.353720">
        <ele>539.905303</ele>
        <time>2026-09-03T08:24:31.822Z</time>
      </trkpt>
      <trkpt lat="45.274423" lon="6.353805">
        <ele>539.829993</ele>
        <time>2026-09-03T08:24:33.845Z</time>
      </trkpt>
      <trkpt lat="45.274558" lon="6.353890">
        <ele>539.752776</ele>
        <time>2026-09-03T08:24:35.818Z</time>
      </trkpt>
      <trkpt lat="45.274693" lon="6.353970">
        <ele>539.676285</ele>
        <time>2026-09-03T08:24:37.821Z</time>
      </trkpt>
      <trkpt lat="45.274822" lon="6.354047">
        <ele>539.603115</ele>
        <time>2026-09-03T08:24:39.838Z</time>
      </trkpt>
      <trkpt lat="45.274945" lon="6.354123">
        <ele>539.532975</ele>
        <time>2026-09-03T08:24:41.838Z</time>
      </trkpt>
      <trkpt lat="45.275072" lon="6.354203">
        <ele>539.460327</ele>
        <time>2026-09-03T08:24:43.846Z</time>
      </trkpt>
      <trkpt lat="45.275192" lon="6.354278">
        <ele>539.391772</ele>
        <time>2026-09-03T08:24:45.815Z</time>
      </trkpt>
      <trkpt lat="45.275297" lon="6.354333">
        <ele>539.333251</ele>
        <time>2026-09-03T08:24:47.844Z</time>
      </trkpt>
      <trkpt lat="45.275422" lon="6.354423">
        <ele>539.259971</ele>
        <time>2026-09-03T08:24:49.800Z</time>
      </trkpt>
      <trkpt lat="45.275540" lon="6.354512">
        <ele>539.190110</ele>
        <time>2026-09-03T08:24:51.810Z</time>
      </trkpt>
      <trkpt lat="45.275647" lon="6.354567">
        <ele>539.130606</ele>
        <time>2026-09-03T08:24:53.814Z</time>
      </trkpt>
      <trkpt lat="45.275753" lon="6.354638">
        <ele>539.048657</ele>
        <time>2026-09-03T08:24:56.816Z</time>
      </trkpt>
      <trkpt lat="45.275850" lon="6.354665">
        <ele>538.910486</ele>
        <time>2026-09-03T08:25:01.801Z</time>
      </trkpt>
      <trkpt lat="45.275963" lon="6.354625">
        <ele>538.747698</ele>
        <time>2026-09-03T08:25:07.818Z</time>
      </trkpt>
      <trkpt lat="45.276013" lon="6.354517">
        <ele>538.620530</ele>
        <time>2026-09-03T08:25:09.805Z</time>
      </trkpt>
      <trkpt lat="45.276067" lon="6.354373">
        <ele>538.460022</ele>
        <time>2026-09-03T08:25:11.811Z</time>
      </trkpt>
      <trkpt lat="45.276117" lon="6.354223">
        <ele>538.296753</ele>
        <time>2026-09-03T08:25:13.805Z</time>
      </trkpt>
      <trkpt lat="45.276170" lon="6.354068">
        <ele>538.127235</ele>
        <time>2026-09-03T08:25:15.827Z</time>
      </trkpt>
      <trkpt lat="45.276223" lon="6.353900">
        <ele>537.946130</ele>
        <time>2026-09-03T08:25:17.798Z</time>
      </trkpt>
      <trkpt lat="45.276283" lon="6.353742">
        <ele>537.769522</ele>
        <time>2026-09-03T08:25:19.814Z</time>
      </trkpt>
      <trkpt lat="45.276337" lon="6.353583">
        <ele>537.595854</ele>
        <time>2026-09-03T08:25:21.812Z</time>
      </trkpt>
      <trkpt lat="45.276390" lon="6.353427">
        <ele>537.425452</ele>
        <time>2026-09-03T08:25:23.813Z</time>
      </trkpt>
      <trkpt lat="45.276453" lon="6.353288">
        <ele>537.262814</ele>
        <time>2026-09-03T08:25:25.817Z</time>
      </trkpt>
      <trkpt lat="45.276553" lon="6.353207">
        <ele>537.101912</ele>
        <time>2026-09-03T08:25:27.814Z</time>
      </trkpt>
      <trkpt lat="45.276673" lon="6.353200">
        <ele>536.934025</ele>
        <time>2026-09-03T08:25:29.816Z</time>
      </trkpt>
      <trkpt lat="45.276772" lon="6.353293">
        <ele>536.768131</ele>
        <time>2026-09-03T08:25:31.806Z</time>
      </trkpt>
      <trkpt lat="45.276865" lon="6.353420">
        <ele>536.587833</ele>
        <time>2026-09-03T08:25:33.820Z</time>
      </trkpt>
      <trkpt lat="45.276965" lon="6.353547">
        <ele>536.560693</ele>
        <time>2026-09-03T08:25:35.809Z</time>
      </trkpt>
      <trkpt lat="45.277067" lon="6.353667">
        <ele>536.553282</ele>
        <time>2026-09-03T08:25:37.815Z</time>
      </trkpt>
      <trkpt lat="45.277157" lon="6.353802">
        <ele>536.545959</ele>
        <time>2026-09-03T08:25:39.811Z</time>
      </trkpt>
      <trkpt lat="45.277255" lon="6.353940">
        <ele>536.538238</ele>
        <time>2026-09-03T08:25:41.801Z</time>
      </trkpt>
      <trkpt lat="45.277363" lon="6.354052">
        <ele>536.530755</ele>
        <time>2026-09-03T08:25:43.816Z</time>
      </trkpt>
      <trkpt lat="45.277477" lon="6.354113">
        <ele>536.523938</ele>
        <time>2026-09-03T08:25:45.815Z</time>
      </trkpt>
      <trkpt lat="45.277605" lon="6.354058">
        <ele>536.516454</ele>
        <time>2026-09-03T08:25:47.803Z</time>
      </trkpt>
      <trkpt lat="45.277723" lon="6.353958">
        <ele>536.508766</ele>
        <time>2026-09-03T08:25:49.798Z</time>
      </trkpt>
      <trkpt lat="45.277828" lon="6.353798">
        <ele>536.500150</ele>
        <time>2026-09-03T08:25:51.816Z</time>
      </trkpt>
      <trkpt lat="45.277915" lon="6.353655">
        <ele>536.492705</ele>
        <time>2026-09-03T08:25:53.815Z</time>
      </trkpt>
      <trkpt lat="45.278013" lon="6.353513">
        <ele>536.484873</ele>
        <time>2026-09-03T08:25:55.816Z</time>
      </trkpt>
      <trkpt lat="45.278117" lon="6.353380">
        <ele>536.477043</ele>
        <time>2026-09-03T08:25:57.830Z</time>
      </trkpt>
      <trkpt lat="45.278220" lon="6.353253">
        <ele>536.469411</ele>
        <time>2026-09-03T08:25:59.844Z</time>
      </trkpt>
      <trkpt lat="45.278310" lon="6.353118">
        <ele>536.254463</ele>
        <time>2026-09-03T08:26:01.836Z</time>
      </trkpt>
      <trkpt lat="45.278380" lon="6.352968">
        <ele>535.929653</ele>
        <time>2026-09-03T08:26:03.840Z</time>
      </trkpt>
      <trkpt lat="45.278452" lon="6.352805">
        <ele>535.582348</ele>
        <time>2026-09-03T08:26:05.800Z</time>
      </trkpt>
      <trkpt lat="45.278523" lon="6.352635">
        <ele>535.225597</ele>
        <time>2026-09-03T08:26:07.841Z</time>
      </trkpt>
      <trkpt lat="45.278595" lon="6.352458">
        <ele>534.856650</ele>
        <time>2026-09-03T08:26:09.842Z</time>
      </trkpt>
      <trkpt lat="45.278665" lon="6.352283">
        <ele>534.493386</ele>
        <time>2026-09-03T08:26:11.849Z</time>
      </trkpt>
      <trkpt lat="45.278733" lon="6.352115">
        <ele>534.143634</ele>
        <time>2026-09-03T08:26:13.816Z</time>
      </trkpt>
      <trkpt lat="45.278805" lon="6.351947">
        <ele>533.788656</ele>
        <time>2026-09-03T08:26:15.839Z</time>
      </trkpt>
      <trkpt lat="45.278875" lon="6.351777">
        <ele>533.433209</ele>
        <time>2026-09-03T08:26:17.816Z</time>
      </trkpt>
      <trkpt lat="45.278953" lon="6.351603">
        <ele>533.060905</ele>
        <time>2026-09-03T08:26:19.838Z</time>
      </trkpt>
      <trkpt lat="45.279038" lon="6.351432">
        <ele>532.683090</ele>
        <time>2026-09-03T08:26:21.845Z</time>
      </trkpt>
      <trkpt lat="45.279147" lon="6.351283">
        <ele>532.295222</ele>
        <time>2026-09-03T08:26:23.815Z</time>
      </trkpt>
      <trkpt lat="45.279280" lon="6.351192">
        <ele>531.916659</ele>
        <time>2026-09-03T08:26:25.843Z</time>
      </trkpt>
      <trkpt lat="45.279410" lon="6.351128">
        <ele>532.048463</ele>
        <time>2026-09-03T08:26:27.833Z</time>
      </trkpt>
      <trkpt lat="45.279550" lon="6.351073">
        <ele>532.298248</ele>
        <time>2026-09-03T08:26:29.793Z</time>
      </trkpt>
      <trkpt lat="45.279667" lon="6.351025">
        <ele>532.507667</ele>
        <time>2026-09-03T08:26:31.818Z</time>
      </trkpt>
      <trkpt lat="45.279775" lon="6.350968">
        <ele>532.705787</ele>
        <time>2026-09-03T08:26:33.806Z</time>
      </trkpt>
      <trkpt lat="45.279882" lon="6.350905">
        <ele>532.904960</ele>
        <time>2026-09-03T08:26:35.806Z</time>
      </trkpt>
      <trkpt lat="45.279972" lon="6.350812">
        <ele>533.096319</ele>
        <time>2026-09-03T08:26:37.806Z</time>
      </trkpt>
      <trkpt lat="45.280047" lon="6.350702">
        <ele>533.281662</ele>
        <time>2026-09-03T08:26:39.811Z</time>
      </trkpt>
      <trkpt lat="45.280110" lon="6.350598">
        <ele>533.447717</ele>
        <time>2026-09-03T08:26:41.808Z</time>
      </trkpt>
      <trkpt lat="45.280195" lon="6.350488">
        <ele>533.645412</ele>
        <time>2026-09-03T08:26:44.825Z</time>
      </trkpt>
      <trkpt lat="45.280293" lon="6.350383">
        <ele>533.856469</ele>
        <time>2026-09-03T08:26:47.812Z</time>
      </trkpt>
      <trkpt lat="45.280367" lon="6.350272">
        <ele>534.041495</ele>
        <time>2026-09-03T08:26:49.796Z</time>
      </trkpt>
      <trkpt lat="45.280422" lon="6.350147">
        <ele>534.219887</ele>
        <time>2026-09-03T08:26:51.814Z</time>
      </trkpt>
      <trkpt lat="45.280482" lon="6.350027">
        <ele>534.398018</ele>
        <time>2026-09-03T08:26:53.815Z</time>
      </trkpt>
      <trkpt lat="45.280562" lon="6.349922">
        <ele>534.585286</ele>
        <time>2026-09-03T08:26:55.817Z</time>
      </trkpt>
      <trkpt lat="45.280655" lon="6.349813">
        <ele>534.792587</ele>
        <time>2026-09-03T08:26:57.817Z</time>
      </trkpt>
      <trkpt lat="45.280755" lon="6.349700">
        <ele>534.990792</ele>
        <time>2026-09-03T08:26:59.818Z</time>
      </trkpt>
      <trkpt lat="45.280865" lon="6.349578">
        <ele>535.151695</ele>
        <time>2026-09-03T08:27:01.819Z</time>
      </trkpt>
      <trkpt lat="45.280973" lon="6.349462">
        <ele>535.307803</ele>
        <time>2026-09-03T08:27:03.819Z</time>
      </trkpt>
      <trkpt lat="45.281072" lon="6.349345">
        <ele>535.456280</ele>
        <time>2026-09-03T08:27:05.805Z</time>
      </trkpt>
      <trkpt lat="45.281160" lon="6.349240">
        <ele>535.588781</ele>
        <time>2026-09-03T08:27:07.822Z</time>
      </trkpt>
      <trkpt lat="45.281243" lon="6.349145">
        <ele>535.711674</ele>
        <time>2026-09-03T08:27:09.811Z</time>
      </trkpt>
      <trkpt lat="45.281320" lon="6.349065">
        <ele>535.821664</ele>
        <time>2026-09-03T08:27:11.810Z</time>
      </trkpt>
      <trkpt lat="45.281423" lon="6.348947">
        <ele>535.974224</ele>
        <time>2026-09-03T08:27:14.828Z</time>
      </trkpt>
      <trkpt lat="45.281520" lon="6.348828">
        <ele>536.121991</ele>
        <time>2026-09-03T08:27:17.813Z</time>
      </trkpt>
      <trkpt lat="45.281613" lon="6.348715">
        <ele>536.263086</ele>
        <time>2026-09-03T08:27:20.803Z</time>
      </trkpt>
      <trkpt lat="45.281702" lon="6.348598">
        <ele>536.402891</ele>
        <time>2026-09-03T08:27:23.834Z</time>
      </trkpt>
      <trkpt lat="45.281792" lon="6.348482">
        <ele>536.542999</ele>
        <time>2026-09-03T08:27:26.834Z</time>
      </trkpt>
      <trkpt lat="45.281863" lon="6.348353">
        <ele>536.675886</ele>
        <time>2026-09-03T08:27:29.824Z</time>
      </trkpt>
      <trkpt lat="45.281942" lon="6.348225">
        <ele>536.814037</ele>
        <time>2026-09-03T08:27:32.864Z</time>
      </trkpt>
      <trkpt lat="45.282032" lon="6.348180">
        <ele>536.924057</ele>
        <time>2026-09-03T08:27:34.802Z</time>
      </trkpt>
      <trkpt lat="45.282138" lon="6.348178">
        <ele>536.922253</ele>
        <time>2026-09-03T08:27:36.805Z</time>
      </trkpt>
      <trkpt lat="45.282245" lon="6.348223">
        <ele>536.416014</ele>
        <time>2026-09-03T08:27:38.806Z</time>
      </trkpt>
      <trkpt lat="45.282358" lon="6.348308">
        <ele>535.835986</ele>
        <time>2026-09-03T08:27:40.809Z</time>
      </trkpt>
      <trkpt lat="45.282478" lon="6.348423">
        <ele>535.179374</ele>
        <time>2026-09-03T08:27:42.806Z</time>
      </trkpt>
      <trkpt lat="45.282605" lon="6.348547">
        <ele>534.480345</ele>
        <time>2026-09-03T08:27:44.809Z</time>
      </trkpt>
      <trkpt lat="45.282735" lon="6.348673">
        <ele>533.766479</ele>
        <time>2026-09-03T08:27:46.826Z</time>
      </trkpt>
      <trkpt lat="45.282872" lon="6.348800">
        <ele>533.024421</ele>
        <time>2026-09-03T08:27:48.815Z</time>
      </trkpt>
      <trkpt lat="45.283008" lon="6.348938">
        <ele>532.266310</ele>
        <time>2026-09-03T08:27:50.812Z</time>
      </trkpt>
      <trkpt lat="45.283153" lon="6.349077">
        <ele>531.472832</ele>
        <time>2026-09-03T08:27:52.811Z</time>
      </trkpt>
      <trkpt lat="45.283228" lon="6.349150">
        <ele>531.060434</ele>
        <time>2026-09-03T08:27:53.813Z</time>
      </trkpt>
      <trkpt lat="45.283305" lon="6.349222">
        <ele>530.642280</ele>
        <time>2026-09-03T08:27:54.812Z</time>
      </trkpt>
      <trkpt lat="45.283380" lon="6.349293">
        <ele>530.233455</ele>
        <time>2026-09-03T08:27:55.831Z</time>
      </trkpt>
      <trkpt lat="45.283455" lon="6.349367">
        <ele>529.819245</ele>
        <time>2026-09-03T08:27:56.816Z</time>
      </trkpt>
      <trkpt lat="45.283532" lon="6.349442">
        <ele>529.395753</ele>
        <time>2026-09-03T08:27:57.830Z</time>
      </trkpt>
      <trkpt lat="45.283608" lon="6.349515">
        <ele>528.979604</ele>
        <time>2026-09-03T08:27:58.816Z</time>
      </trkpt>
      <trkpt lat="45.283685" lon="6.349590">
        <ele>528.632242</ele>
        <time>2026-09-03T08:27:59.816Z</time>
      </trkpt>
      <trkpt lat="45.283763" lon="6.349665">
        <ele>528.311621</ele>
        <time>2026-09-03T08:28:00.819Z</time>
      </trkpt>
      <trkpt lat="45.283840" lon="6.349743">
        <ele>527.989697</ele>
        <time>2026-09-03T08:28:01.818Z</time>
      </trkpt>
      <trkpt lat="45.283917" lon="6.349820">
        <ele>527.669157</ele>
        <time>2026-09-03T08:28:02.815Z</time>
      </trkpt>
      <trkpt lat="45.283993" lon="6.349897">
        <ele>527.351396</ele>
        <time>2026-09-03T08:28:03.830Z</time>
      </trkpt>
      <trkpt lat="45.284065" lon="6.349980">
        <ele>527.035771</ele>
        <time>2026-09-03T08:28:04.840Z</time>
      </trkpt>
      <trkpt lat="45.284133" lon="6.350065">
        <ele>526.727460</ele>
        <time>2026-09-03T08:28:05.837Z</time>
      </trkpt>
      <trkpt lat="45.284208" lon="6.350143">
        <ele>526.411057</ele>
        <time>2026-09-03T08:28:06.837Z</time>
      </trkpt>
      <trkpt lat="45.284290" lon="6.350218">
        <ele>526.079069</ele>
        <time>2026-09-03T08:28:07.828Z</time>
      </trkpt>
      <trkpt lat="45.284370" lon="6.350297">
        <ele>525.747414</ele>
        <time>2026-09-03T08:28:08.835Z</time>
      </trkpt>
      <trkpt lat="45.284443" lon="6.350373">
        <ele>525.439336</ele>
        <time>2026-09-03T08:28:09.832Z</time>
      </trkpt>
      <trkpt lat="45.284520" lon="6.350445">
        <ele>525.125536</ele>
        <time>2026-09-03T08:28:10.828Z</time>
      </trkpt>
      <trkpt lat="45.284597" lon="6.350517">
        <ele>524.811737</ele>
        <time>2026-09-03T08:28:11.832Z</time>
      </trkpt>
      <trkpt lat="45.284675" lon="6.350585">
        <ele>524.500203</ele>
        <time>2026-09-03T08:28:12.841Z</time>
      </trkpt>
      <trkpt lat="45.284755" lon="6.350655">
        <ele>524.180359</ele>
        <time>2026-09-03T08:28:13.847Z</time>
      </trkpt>
      <trkpt lat="45.284837" lon="6.350735">
        <ele>523.841741</ele>
        <time>2026-09-03T08:28:14.816Z</time>
      </trkpt>
      <trkpt lat="45.284913" lon="6.350810">
        <ele>523.526739</ele>
        <time>2026-09-03T08:28:15.845Z</time>
      </trkpt>
      <trkpt lat="45.285065" lon="6.350952">
        <ele>522.907463</ele>
        <time>2026-09-03T08:28:17.813Z</time>
      </trkpt>
      <trkpt lat="45.285150" lon="6.351017">
        <ele>522.634019</ele>
        <time>2026-09-03T08:28:18.832Z</time>
      </trkpt>
      <trkpt lat="45.285225" lon="6.351088">
        <ele>522.433883</ele>
        <time>2026-09-03T08:28:19.838Z</time>
      </trkpt>
      <trkpt lat="45.285368" lon="6.351232">
        <ele>522.044656</ele>
        <time>2026-09-03T08:28:21.803Z</time>
      </trkpt>
      <trkpt lat="45.285510" lon="6.351368">
        <ele>521.664364</ele>
        <time>2026-09-03T08:28:23.839Z</time>
      </trkpt>
      <trkpt lat="45.285652" lon="6.351497">
        <ele>521.290074</ele>
        <time>2026-09-03T08:28:25.839Z</time>
      </trkpt>
      <trkpt lat="45.285788" lon="6.351622">
        <ele>520.930374</ele>
        <time>2026-09-03T08:28:27.806Z</time>
      </trkpt>
      <trkpt lat="45.285922" lon="6.351748">
        <ele>520.573536</ele>
        <time>2026-09-03T08:28:29.839Z</time>
      </trkpt>
      <trkpt lat="45.286052" lon="6.351875">
        <ele>520.223190</ele>
        <time>2026-09-03T08:28:31.829Z</time>
      </trkpt>
      <trkpt lat="45.286187" lon="6.351988">
        <ele>519.875234</ele>
        <time>2026-09-03T08:28:33.848Z</time>
      </trkpt>
      <trkpt lat="45.286323" lon="6.352087">
        <ele>519.535877</ele>
        <time>2026-09-03T08:28:35.815Z</time>
      </trkpt>
      <trkpt lat="45.286445" lon="6.352215">
        <ele>519.199098</ele>
        <time>2026-09-03T08:28:37.842Z</time>
      </trkpt>
      <trkpt lat="45.286555" lon="6.352365">
        <ele>518.860541</ele>
        <time>2026-09-03T08:28:39.816Z</time>
      </trkpt>
      <trkpt lat="45.286672" lon="6.352495">
        <ele>518.698117</ele>
        <time>2026-09-03T08:28:41.847Z</time>
      </trkpt>
      <trkpt lat="45.286790" lon="6.352608">
        <ele>518.631461</ele>
        <time>2026-09-03T08:28:43.811Z</time>
      </trkpt>
      <trkpt lat="45.286902" lon="6.352728">
        <ele>518.565754</ele>
        <time>2026-09-03T08:28:45.846Z</time>
      </trkpt>
      <trkpt lat="45.287022" lon="6.352827">
        <ele>518.500753</ele>
        <time>2026-09-03T08:28:47.817Z</time>
      </trkpt>
      <trkpt lat="45.287152" lon="6.352898">
        <ele>518.435510</ele>
        <time>2026-09-03T08:28:49.841Z</time>
      </trkpt>
      <trkpt lat="45.287295" lon="6.352945">
        <ele>518.366751</ele>
        <time>2026-09-03T08:28:51.813Z</time>
      </trkpt>
      <trkpt lat="45.287438" lon="6.352973">
        <ele>518.299126</ele>
        <time>2026-09-03T08:28:53.837Z</time>
      </trkpt>
      <trkpt lat="45.287585" lon="6.352983">
        <ele>518.230182</ele>
        <time>2026-09-03T08:28:55.841Z</time>
      </trkpt>
      <trkpt lat="45.287733" lon="6.352987">
        <ele>518.160835</ele>
        <time>2026-09-03T08:28:57.808Z</time>
      </trkpt>
      <trkpt lat="45.287883" lon="6.352993">
        <ele>518.090536</ele>
        <time>2026-09-03T08:28:59.839Z</time>
      </trkpt>
      <trkpt lat="45.288032" lon="6.352995">
        <ele>518.020730</ele>
        <time>2026-09-03T08:29:01.839Z</time>
      </trkpt>
      <trkpt lat="45.288178" lon="6.353002">
        <ele>517.952294</ele>
        <time>2026-09-03T08:29:03.839Z</time>
      </trkpt>
      <trkpt lat="45.288328" lon="6.353005">
        <ele>517.880288</ele>
        <time>2026-09-03T08:29:05.850Z</time>
      </trkpt>
      <trkpt lat="45.288477" lon="6.353005">
        <ele>517.803873</ele>
        <time>2026-09-03T08:29:07.810Z</time>
      </trkpt>
      <trkpt lat="45.288620" lon="6.353007">
        <ele>517.730531</ele>
        <time>2026-09-03T08:29:09.847Z</time>
      </trkpt>
      <trkpt lat="45.288763" lon="6.353010">
        <ele>517.657185</ele>
        <time>2026-09-03T08:29:11.812Z</time>
      </trkpt>
      <trkpt lat="45.288908" lon="6.353030">
        <ele>517.582472</ele>
        <time>2026-09-03T08:29:13.843Z</time>
      </trkpt>
      <trkpt lat="45.289058" lon="6.353033">
        <ele>517.505536</ele>
        <time>2026-09-03T08:29:15.805Z</time>
      </trkpt>
      <trkpt lat="45.289203" lon="6.353040">
        <ele>517.431129</ele>
        <time>2026-09-03T08:29:17.846Z</time>
      </trkpt>
      <trkpt lat="45.289348" lon="6.353047">
        <ele>517.356722</ele>
        <time>2026-09-03T08:29:19.848Z</time>
      </trkpt>
      <trkpt lat="45.289502" lon="6.353047">
        <ele>517.277743</ele>
        <time>2026-09-03T08:29:21.816Z</time>
      </trkpt>
      <trkpt lat="45.289653" lon="6.353052">
        <ele>517.200280</ele>
        <time>2026-09-03T08:29:23.838Z</time>
      </trkpt>
      <trkpt lat="45.289802" lon="6.353055">
        <ele>517.123857</ele>
        <time>2026-09-03T08:29:25.838Z</time>
      </trkpt>
      <trkpt lat="45.289943" lon="6.353053">
        <ele>517.051541</ele>
        <time>2026-09-03T08:29:27.845Z</time>
      </trkpt>
      <trkpt lat="45.290070" lon="6.353058">
        <ele>516.986384</ele>
        <time>2026-09-03T08:29:29.845Z</time>
      </trkpt>
      <trkpt lat="45.290202" lon="6.353072">
        <ele>516.853847</ele>
        <time>2026-09-03T08:29:31.846Z</time>
      </trkpt>
      <trkpt lat="45.290337" lon="6.353085">
        <ele>516.708806</ele>
        <time>2026-09-03T08:29:33.808Z</time>
      </trkpt>
      <trkpt lat="45.290473" lon="6.353095">
        <ele>516.562829</ele>
        <time>2026-09-03T08:29:35.833Z</time>
      </trkpt>
      <trkpt lat="45.290617" lon="6.353102">
        <ele>516.408382</ele>
        <time>2026-09-03T08:29:37.846Z</time>
      </trkpt>
      <trkpt lat="45.290760" lon="6.353107">
        <ele>516.255050</ele>
        <time>2026-09-03T08:29:39.806Z</time>
      </trkpt>
      <trkpt lat="45.290903" lon="6.353110">
        <ele>516.101748</ele>
        <time>2026-09-03T08:29:41.846Z</time>
      </trkpt>
      <trkpt lat="45.291043" lon="6.353112">
        <ele>515.951671</ele>
        <time>2026-09-03T08:29:43.815Z</time>
      </trkpt>
      <trkpt lat="45.291183" lon="6.353117">
        <ele>515.801554</ele>
        <time>2026-09-03T08:29:45.849Z</time>
      </trkpt>
      <trkpt lat="45.291322" lon="6.353123">
        <ele>515.652488</ele>
        <time>2026-09-03T08:29:47.815Z</time>
      </trkpt>
      <trkpt lat="45.291463" lon="6.353120">
        <ele>515.501329</ele>
        <time>2026-09-03T08:29:49.844Z</time>
      </trkpt>
      <trkpt lat="45.291603" lon="6.353098">
        <ele>515.350346</ele>
        <time>2026-09-03T08:29:51.814Z</time>
      </trkpt>
      <trkpt lat="45.291740" lon="6.353050">
        <ele>515.199097</ele>
        <time>2026-09-03T08:29:53.842Z</time>
      </trkpt>
      <trkpt lat="45.291872" lon="6.352980">
        <ele>515.050277</ele>
        <time>2026-09-03T08:29:55.834Z</time>
      </trkpt>
      <trkpt lat="45.292000" lon="6.352892">
        <ele>515.093042</ele>
        <time>2026-09-03T08:29:57.830Z</time>
      </trkpt>
      <trkpt lat="45.292127" lon="6.352815">
        <ele>515.134569</ele>
        <time>2026-09-03T08:29:59.842Z</time>
      </trkpt>
      <trkpt lat="45.292260" lon="6.352730">
        <ele>515.178428</ele>
        <time>2026-09-03T08:30:01.837Z</time>
      </trkpt>
      <trkpt lat="45.292390" lon="6.352625">
        <ele>515.223399</ele>
        <time>2026-09-03T08:30:03.847Z</time>
      </trkpt>
      <trkpt lat="45.292522" lon="6.352522">
        <ele>515.268688</ele>
        <time>2026-09-03T08:30:05.802Z</time>
      </trkpt>
      <trkpt lat="45.292658" lon="6.352425">
        <ele>515.314453</ele>
        <time>2026-09-03T08:30:07.840Z</time>
      </trkpt>
      <trkpt lat="45.292797" lon="6.352357">
        <ele>515.358666</ele>
        <time>2026-09-03T08:30:09.811Z</time>
      </trkpt>
      <trkpt lat="45.292938" lon="6.352317">
        <ele>515.401911</ele>
        <time>2026-09-03T08:30:11.840Z</time>
      </trkpt>
      <trkpt lat="45.293078" lon="6.352320">
        <ele>515.444023</ele>
        <time>2026-09-03T08:30:13.811Z</time>
      </trkpt>
      <trkpt lat="45.293210" lon="6.352352">
        <ele>515.484298</ele>
        <time>2026-09-03T08:30:15.808Z</time>
      </trkpt>
      <trkpt lat="45.293330" lon="6.352412">
        <ele>515.522557</ele>
        <time>2026-09-03T08:30:17.841Z</time>
      </trkpt>
      <trkpt lat="45.293443" lon="6.352498">
        <ele>515.561109</ele>
        <time>2026-09-03T08:30:19.811Z</time>
      </trkpt>
      <trkpt lat="45.293547" lon="6.352602">
        <ele>515.727161</ele>
        <time>2026-09-03T08:30:21.837Z</time>
      </trkpt>
      <trkpt lat="45.293640" lon="6.352722">
        <ele>516.327399</ele>
        <time>2026-09-03T08:30:23.841Z</time>
      </trkpt>
      <trkpt lat="45.293715" lon="6.352855">
        <ele>516.900455</ele>
        <time>2026-09-03T08:30:25.838Z</time>
      </trkpt>
      <trkpt lat="45.293782" lon="6.352995">
        <ele>517.469707</ele>
        <time>2026-09-03T08:30:27.844Z</time>
      </trkpt>
      <trkpt lat="45.293843" lon="6.353137">
        <ele>518.029065</ele>
        <time>2026-09-03T08:30:29.814Z</time>
      </trkpt>
      <trkpt lat="45.293890" lon="6.353277">
        <ele>518.550576</ele>
        <time>2026-09-03T08:30:31.841Z</time>
      </trkpt>
      <trkpt lat="45.293915" lon="6.353423">
        <ele>519.055741</ele>
        <time>2026-09-03T08:30:33.851Z</time>
      </trkpt>
      <trkpt lat="45.293937" lon="6.353570">
        <ele>519.560996</ele>
        <time>2026-09-03T08:30:35.809Z</time>
      </trkpt>
      <trkpt lat="45.293945" lon="6.353727">
        <ele>520.090193</ele>
        <time>2026-09-03T08:30:37.806Z</time>
      </trkpt>
      <trkpt lat="45.293970" lon="6.353877">
        <ele>520.608434</ele>
        <time>2026-09-03T08:30:39.795Z</time>
      </trkpt>
      <trkpt lat="45.293993" lon="6.354013">
        <ele>521.078674</ele>
        <time>2026-09-03T08:30:41.808Z</time>
      </trkpt>
      <trkpt lat="45.294008" lon="6.354150">
        <ele>521.544796</ele>
        <time>2026-09-03T08:30:43.812Z</time>
      </trkpt>
      <trkpt lat="45.294030" lon="6.354290">
        <ele>522.027057</ele>
        <time>2026-09-03T08:30:45.812Z</time>
      </trkpt>
      <trkpt lat="45.294045" lon="6.354417">
        <ele>522.459990</ele>
        <time>2026-09-03T08:30:47.800Z</time>
      </trkpt>
      <trkpt lat="45.294050" lon="6.354613">
        <ele>523.119349</ele>
        <time>2026-09-03T08:30:50.814Z</time>
      </trkpt>
      <trkpt lat="45.294063" lon="6.354747">
        <ele>523.574102</ele>
        <time>2026-09-03T08:30:52.817Z</time>
      </trkpt>
      <trkpt lat="45.294110" lon="6.354868">
        <ele>524.038780</ele>
        <time>2026-09-03T08:30:54.806Z</time>
      </trkpt>
      <trkpt lat="45.294160" lon="6.354990">
        <ele>524.165862</ele>
        <time>2026-09-03T08:30:56.816Z</time>
      </trkpt>
      <trkpt lat="45.294200" lon="6.355110">
        <ele>524.137745</ele>
        <time>2026-09-03T08:30:58.803Z</time>
      </trkpt>
      <trkpt lat="45.294220" lon="6.355237">
        <ele>524.110188</ele>
        <time>2026-09-03T08:31:00.808Z</time>
      </trkpt>
      <trkpt lat="45.294242" lon="6.355375">
        <ele>524.080227</ele>
        <time>2026-09-03T08:31:02.809Z</time>
      </trkpt>
      <trkpt lat="45.294262" lon="6.355508">
        <ele>524.051428</ele>
        <time>2026-09-03T08:31:04.813Z</time>
      </trkpt>
      <trkpt lat="45.294283" lon="6.355637">
        <ele>524.023392</ele>
        <time>2026-09-03T08:31:06.813Z</time>
      </trkpt>
      <trkpt lat="45.294305" lon="6.355767">
        <ele>523.995080</ele>
        <time>2026-09-03T08:31:08.848Z</time>
      </trkpt>
      <trkpt lat="45.294350" lon="6.355935">
        <ele>523.957016</ele>
        <time>2026-09-03T08:31:11.821Z</time>
      </trkpt>
      <trkpt lat="45.294382" lon="6.356060">
        <ele>523.928850</ele>
        <time>2026-09-03T08:31:13.833Z</time>
      </trkpt>
      <trkpt lat="45.294412" lon="6.356195">
        <ele>523.898872</ele>
        <time>2026-09-03T08:31:15.839Z</time>
      </trkpt>
      <trkpt lat="45.294427" lon="6.356325">
        <ele>523.870978</ele>
        <time>2026-09-03T08:31:17.801Z</time>
      </trkpt>
      <trkpt lat="45.294443" lon="6.356470">
        <ele>523.839900</ele>
        <time>2026-09-03T08:31:19.846Z</time>
      </trkpt>
      <trkpt lat="45.294463" lon="6.356612">
        <ele>523.809236</ele>
        <time>2026-09-03T08:31:21.807Z</time>
      </trkpt>
      <trkpt lat="45.294500" lon="6.356745">
        <ele>523.778952</ele>
        <time>2026-09-03T08:31:23.841Z</time>
      </trkpt>
      <trkpt lat="45.294547" lon="6.356878">
        <ele>523.747437</ele>
        <time>2026-09-03T08:31:25.845Z</time>
      </trkpt>
      <trkpt lat="45.294617" lon="6.356993">
        <ele>523.715236</ele>
        <time>2026-09-03T08:31:27.813Z</time>
      </trkpt>
      <trkpt lat="45.294702" lon="6.357092">
        <ele>523.682160</ele>
        <time>2026-09-03T08:31:29.837Z</time>
      </trkpt>
      <trkpt lat="45.294797" lon="6.357168">
        <ele>523.649348</ele>
        <time>2026-09-03T08:31:31.851Z</time>
      </trkpt>
      <trkpt lat="45.294915" lon="6.357220">
        <ele>523.471165</ele>
        <time>2026-09-03T08:31:33.809Z</time>
      </trkpt>
      <trkpt lat="45.295028" lon="6.357273">
        <ele>523.281875</ele>
        <time>2026-09-03T08:31:35.799Z</time>
      </trkpt>
      <trkpt lat="45.295160" lon="6.357270">
        <ele>523.071864</ele>
        <time>2026-09-03T08:31:37.797Z</time>
      </trkpt>
      <trkpt lat="45.295288" lon="6.357262">
        <ele>522.868047</ele>
        <time>2026-09-03T08:31:39.817Z</time>
      </trkpt>
      <trkpt lat="45.295410" lon="6.357245">
        <ele>522.673041</ele>
        <time>2026-09-03T08:31:41.815Z</time>
      </trkpt>
      <trkpt lat="45.295525" lon="6.357217">
        <ele>522.487437</ele>
        <time>2026-09-03T08:31:43.800Z</time>
      </trkpt>
      <trkpt lat="45.295628" lon="6.357152">
        <ele>522.308166</ele>
        <time>2026-09-03T08:31:45.806Z</time>
      </trkpt>
      <trkpt lat="45.295720" lon="6.357063">
        <ele>522.131141</ele>
        <time>2026-09-03T08:31:47.802Z</time>
      </trkpt>
      <trkpt lat="45.295818" lon="6.356993">
        <ele>521.956671</ele>
        <time>2026-09-03T08:31:49.806Z</time>
      </trkpt>
      <trkpt lat="45.295920" lon="6.356958">
        <ele>521.789750</ele>
        <time>2026-09-03T08:31:51.806Z</time>
      </trkpt>
      <trkpt lat="45.296008" lon="6.356910">
        <ele>521.639810</ele>
        <time>2026-09-03T08:31:53.827Z</time>
      </trkpt>
      <trkpt lat="45.296068" lon="6.356800">
        <ele>521.484047</ele>
        <time>2026-09-03T08:31:55.828Z</time>
      </trkpt>
      <trkpt lat="45.296107" lon="6.356652">
        <ele>521.307192</ele>
        <time>2026-09-03T08:31:57.828Z</time>
      </trkpt>
      <trkpt lat="45.296157" lon="6.356487">
        <ele>521.106149</ele>
        <time>2026-09-03T08:31:59.830Z</time>
      </trkpt>
      <trkpt lat="45.296238" lon="6.356332">
        <ele>520.890076</ele>
        <time>2026-09-03T08:32:01.814Z</time>
      </trkpt>
      <trkpt lat="45.296347" lon="6.356210">
        <ele>520.933815</ele>
        <time>2026-09-03T08:32:03.844Z</time>
      </trkpt>
      <trkpt lat="45.296473" lon="6.356128">
        <ele>521.222802</ele>
        <time>2026-09-03T08:32:05.845Z</time>
      </trkpt>
      <trkpt lat="45.296615" lon="6.356080">
        <ele>521.527186</ele>
        <time>2026-09-03T08:32:07.832Z</time>
      </trkpt>
      <trkpt lat="45.296752" lon="6.356057">
        <ele>521.814873</ele>
        <time>2026-09-03T08:32:09.841Z</time>
      </trkpt>
      <trkpt lat="45.296898" lon="6.356063">
        <ele>522.119470</ele>
        <time>2026-09-03T08:32:11.847Z</time>
      </trkpt>
      <trkpt lat="45.297038" lon="6.356082">
        <ele>522.412754</ele>
        <time>2026-09-03T08:32:13.814Z</time>
      </trkpt>
      <trkpt lat="45.297170" lon="6.356110">
        <ele>522.691076</ele>
        <time>2026-09-03T08:32:15.841Z</time>
      </trkpt>
      <trkpt lat="45.297290" lon="6.356133">
        <ele>522.943589</ele>
        <time>2026-09-03T08:32:17.812Z</time>
      </trkpt>
      <trkpt lat="45.297403" lon="6.356152">
        <ele>523.180883</ele>
        <time>2026-09-03T08:32:19.841Z</time>
      </trkpt>
      <trkpt lat="45.297503" lon="6.356175">
        <ele>523.392135</ele>
        <time>2026-09-03T08:32:21.847Z</time>
      </trkpt>
      <trkpt lat="45.297598" lon="6.356190">
        <ele>523.591467</ele>
        <time>2026-09-03T08:32:23.806Z</time>
      </trkpt>
      <trkpt lat="45.297725" lon="6.356198">
        <ele>523.856574</ele>
        <time>2026-09-03T08:32:26.842Z</time>
      </trkpt>
      <trkpt lat="45.297857" lon="6.356183">
        <ele>524.132726</ele>
        <time>2026-09-03T08:32:29.842Z</time>
      </trkpt>
      <trkpt lat="45.297992" lon="6.356195">
        <ele>524.414806</ele>
        <time>2026-09-03T08:32:32.817Z</time>
      </trkpt>
      <trkpt lat="45.298082" lon="6.356207">
        <ele>524.438086</ele>
        <time>2026-09-03T08:32:34.825Z</time>
      </trkpt>
      <trkpt lat="45.298210" lon="6.356237">
        <ele>524.056995</ele>
        <time>2026-09-03T08:32:37.804Z</time>
      </trkpt>
      <trkpt lat="45.298337" lon="6.356292">
        <ele>523.666992</ele>
        <time>2026-09-03T08:32:40.842Z</time>
      </trkpt>
      <trkpt lat="45.298467" lon="6.356353">
        <ele>523.264838</ele>
        <time>2026-09-03T08:32:43.812Z</time>
      </trkpt>
      <trkpt lat="45.298560" lon="6.356395">
        <ele>522.978187</ele>
        <time>2026-09-03T08:32:45.836Z</time>
      </trkpt>
      <trkpt lat="45.298655" lon="6.356437">
        <ele>522.685930</ele>
        <time>2026-09-03T08:32:47.847Z</time>
      </trkpt>
      <trkpt lat="45.298755" lon="6.356485">
        <ele>522.375877</ele>
        <time>2026-09-03T08:32:49.811Z</time>
      </trkpt>
      <trkpt lat="45.298862" lon="6.356540">
        <ele>522.041637</ele>
        <time>2026-09-03T08:32:51.839Z</time>
      </trkpt>
      <trkpt lat="45.298975" lon="6.356598">
        <ele>521.688715</ele>
        <time>2026-09-03T08:32:53.839Z</time>
      </trkpt>
      <trkpt lat="45.299098" lon="6.356650">
        <ele>521.311751</ele>
        <time>2026-09-03T08:32:55.840Z</time>
      </trkpt>
      <trkpt lat="45.299238" lon="6.356672">
        <ele>520.897980</ele>
        <time>2026-09-03T08:32:57.841Z</time>
      </trkpt>
      <trkpt lat="45.299387" lon="6.356660">
        <ele>520.459574</ele>
        <time>2026-09-03T08:32:59.819Z</time>
      </trkpt>
      <trkpt lat="45.299538" lon="6.356603">
        <ele>520.000624</ele>
        <time>2026-09-03T08:33:01.843Z</time>
      </trkpt>
      <trkpt lat="45.299695" lon="6.356505">
        <ele>519.496922</ele>
        <time>2026-09-03T08:33:03.843Z</time>
      </trkpt>
      <trkpt lat="45.299773" lon="6.356440">
        <ele>519.197894</ele>
        <time>2026-09-03T08:33:04.841Z</time>
      </trkpt>
      <trkpt lat="45.299853" lon="6.356365">
        <ele>518.438074</ele>
        <time>2026-09-03T08:33:05.846Z</time>
      </trkpt>
      <trkpt lat="45.299935" lon="6.356292">
        <ele>517.670945</ele>
        <time>2026-09-03T08:33:06.843Z</time>
      </trkpt>
      <trkpt lat="45.300018" lon="6.356217">
        <ele>516.891158</ele>
        <time>2026-09-03T08:33:07.835Z</time>
      </trkpt>
      <trkpt lat="45.300102" lon="6.356135">
        <ele>516.083228</ele>
        <time>2026-09-03T08:33:08.841Z</time>
      </trkpt>
      <trkpt lat="45.300187" lon="6.356053">
        <ele>515.268750</ele>
        <time>2026-09-03T08:33:09.839Z</time>
      </trkpt>
      <trkpt lat="45.300273" lon="6.355972">
        <ele>514.450792</ele>
        <time>2026-09-03T08:33:10.847Z</time>
      </trkpt>
      <trkpt lat="45.300360" lon="6.355887">
        <ele>513.613784</ele>
        <time>2026-09-03T08:33:11.844Z</time>
      </trkpt>
      <trkpt lat="45.300448" lon="6.355805">
        <ele>512.779517</ele>
        <time>2026-09-03T08:33:12.844Z</time>
      </trkpt>
      <trkpt lat="45.300538" lon="6.355720">
        <ele>511.922799</ele>
        <time>2026-09-03T08:33:13.842Z</time>
      </trkpt>
      <trkpt lat="45.300625" lon="6.355633">
        <ele>511.079424</ele>
        <time>2026-09-03T08:33:14.848Z</time>
      </trkpt>
      <trkpt lat="45.300707" lon="6.355553">
        <ele>510.290884</ele>
        <time>2026-09-03T08:33:15.844Z</time>
      </trkpt>
      <trkpt lat="45.300780" lon="6.355478">
        <ele>509.576749</ele>
        <time>2026-09-03T08:33:16.841Z</time>
      </trkpt>
      <trkpt lat="45.300908" lon="6.355343">
        <ele>508.313060</ele>
        <time>2026-09-03T08:33:18.814Z</time>
      </trkpt>
      <trkpt lat="45.301008" lon="6.355232">
        <ele>507.307118</ele>
        <time>2026-09-03T08:33:20.846Z</time>
      </trkpt>
      <trkpt lat="45.301100" lon="6.355120">
        <ele>506.346761</ele>
        <time>2026-09-03T08:33:22.814Z</time>
      </trkpt>
      <trkpt lat="45.301195" lon="6.355002">
        <ele>505.346522</ele>
        <time>2026-09-03T08:33:24.840Z</time>
      </trkpt>
      <trkpt lat="45.301288" lon="6.354870">
        <ele>504.825221</ele>
        <time>2026-09-03T08:33:26.834Z</time>
      </trkpt>
      <trkpt lat="45.301393" lon="6.354730">
        <ele>504.551319</ele>
        <time>2026-09-03T08:33:28.841Z</time>
      </trkpt>
      <trkpt lat="45.301507" lon="6.354575">
        <ele>504.251180</ele>
        <time>2026-09-03T08:33:30.806Z</time>
      </trkpt>
      <trkpt lat="45.301618" lon="6.354405">
        <ele>503.940742</ele>
        <time>2026-09-03T08:33:32.841Z</time>
      </trkpt>
      <trkpt lat="45.301728" lon="6.354235">
        <ele>503.631596</ele>
        <time>2026-09-03T08:33:34.840Z</time>
      </trkpt>
      <trkpt lat="45.301832" lon="6.354060">
        <ele>503.324982</ele>
        <time>2026-09-03T08:33:36.842Z</time>
      </trkpt>
      <trkpt lat="45.301928" lon="6.353878">
        <ele>503.020523</ele>
        <time>2026-09-03T08:33:38.837Z</time>
      </trkpt>
      <trkpt lat="45.302022" lon="6.353693">
        <ele>502.715087</ele>
        <time>2026-09-03T08:33:40.849Z</time>
      </trkpt>
      <trkpt lat="45.302118" lon="6.353510">
        <ele>502.409557</ele>
        <time>2026-09-03T08:33:42.820Z</time>
      </trkpt>
      <trkpt lat="45.302225" lon="6.353335">
        <ele>502.099229</ele>
        <time>2026-09-03T08:33:44.842Z</time>
      </trkpt>
      <trkpt lat="45.302340" lon="6.353158">
        <ele>501.776749</ele>
        <time>2026-09-03T08:33:46.814Z</time>
      </trkpt>
      <trkpt lat="45.302468" lon="6.352995">
        <ele>501.585426</ele>
        <time>2026-09-03T08:33:48.831Z</time>
      </trkpt>
      <trkpt lat="45.302610" lon="6.352862">
        <ele>501.635431</ele>
        <time>2026-09-03T08:33:50.840Z</time>
      </trkpt>
      <trkpt lat="45.302765" lon="6.352755">
        <ele>501.686101</ele>
        <time>2026-09-03T08:33:52.838Z</time>
      </trkpt>
      <trkpt lat="45.302927" lon="6.352670">
        <ele>501.736881</ele>
        <time>2026-09-03T08:33:54.804Z</time>
      </trkpt>
      <trkpt lat="45.303092" lon="6.352613">
        <ele>501.786814</ele>
        <time>2026-09-03T08:33:56.842Z</time>
      </trkpt>
      <trkpt lat="45.303253" lon="6.352557">
        <ele>501.835556</ele>
        <time>2026-09-03T08:33:58.811Z</time>
      </trkpt>
      <trkpt lat="45.303415" lon="6.352495">
        <ele>501.884891</ele>
        <time>2026-09-03T08:34:00.838Z</time>
      </trkpt>
      <trkpt lat="45.303567" lon="6.352417">
        <ele>501.932413</ele>
        <time>2026-09-03T08:34:02.841Z</time>
      </trkpt>
      <trkpt lat="45.303712" lon="6.352323">
        <ele>501.979276</ele>
        <time>2026-09-03T08:34:04.846Z</time>
      </trkpt>
      <trkpt lat="45.303853" lon="6.352232">
        <ele>502.024812</ele>
        <time>2026-09-03T08:34:06.818Z</time>
      </trkpt>
      <trkpt lat="45.303997" lon="6.352130">
        <ele>502.072123</ele>
        <time>2026-09-03T08:34:08.843Z</time>
      </trkpt>
      <trkpt lat="45.304130" lon="6.352017">
        <ele>501.941371</ele>
        <time>2026-09-03T08:34:10.817Z</time>
      </trkpt>
      <trkpt lat="45.304265" lon="6.351903">
        <ele>501.608678</ele>
        <time>2026-09-03T08:34:12.841Z</time>
      </trkpt>
      <trkpt lat="45.304397" lon="6.351787">
        <ele>501.279877</ele>
        <time>2026-09-03T08:34:14.843Z</time>
      </trkpt>
      <trkpt lat="45.304525" lon="6.351662">
        <ele>500.950851</ele>
        <time>2026-09-03T08:34:16.813Z</time>
      </trkpt>
      <trkpt lat="45.304652" lon="6.351538">
        <ele>500.624416</ele>
        <time>2026-09-03T08:34:18.840Z</time>
      </trkpt>
      <trkpt lat="45.304778" lon="6.351417">
        <ele>500.302249</ele>
        <time>2026-09-03T08:34:20.830Z</time>
      </trkpt>
      <trkpt lat="45.304905" lon="6.351293">
        <ele>499.975814</ele>
        <time>2026-09-03T08:34:22.831Z</time>
      </trkpt>
      <trkpt lat="45.305030" lon="6.351165">
        <ele>499.649417</ele>
        <time>2026-09-03T08:34:24.840Z</time>
      </trkpt>
      <trkpt lat="45.305150" lon="6.351028">
        <ele>499.323330</ele>
        <time>2026-09-03T08:34:26.843Z</time>
      </trkpt>
      <trkpt lat="45.305262" lon="6.350878">
        <ele>498.997315</ele>
        <time>2026-09-03T08:34:28.817Z</time>
      </trkpt>
      <trkpt lat="45.305378" lon="6.350740">
        <ele>498.676840</ele>
        <time>2026-09-03T08:34:30.845Z</time>
      </trkpt>
      <trkpt lat="45.305508" lon="6.350627">
        <ele>498.353992</ele>
        <time>2026-09-03T08:34:32.810Z</time>
      </trkpt>
      <trkpt lat="45.305633" lon="6.350507">
        <ele>498.372099</ele>
        <time>2026-09-03T08:34:34.846Z</time>
      </trkpt>
      <trkpt lat="45.305755" lon="6.350377">
        <ele>498.484133</ele>
        <time>2026-09-03T08:34:36.814Z</time>
      </trkpt>
      <trkpt lat="45.305873" lon="6.350242">
        <ele>498.595431</ele>
        <time>2026-09-03T08:34:38.810Z</time>
      </trkpt>
      <trkpt lat="45.305987" lon="6.350102">
        <ele>498.706125</ele>
        <time>2026-09-03T08:34:40.838Z</time>
      </trkpt>
      <trkpt lat="45.306102" lon="6.349975">
        <ele>498.813129</ele>
        <time>2026-09-03T08:34:42.835Z</time>
      </trkpt>
      <trkpt lat="45.306212" lon="6.349845">
        <ele>498.918239</ele>
        <time>2026-09-03T08:34:44.840Z</time>
      </trkpt>
      <trkpt lat="45.306323" lon="6.349717">
        <ele>499.023261</ele>
        <time>2026-09-03T08:34:46.822Z</time>
      </trkpt>
      <trkpt lat="45.306433" lon="6.349590">
        <ele>499.127387</ele>
        <time>2026-09-03T08:34:48.804Z</time>
      </trkpt>
      <trkpt lat="45.306540" lon="6.349465">
        <ele>499.229151</ele>
        <time>2026-09-03T08:34:50.838Z</time>
      </trkpt>
      <trkpt lat="45.306647" lon="6.349342">
        <ele>499.330263</ele>
        <time>2026-09-03T08:34:52.822Z</time>
      </trkpt>
      <trkpt lat="45.306752" lon="6.349222">
        <ele>499.429257</ele>
        <time>2026-09-03T08:34:54.839Z</time>
      </trkpt>
      <trkpt lat="45.306855" lon="6.349100">
        <ele>499.527768</ele>
        <time>2026-09-03T08:34:56.806Z</time>
      </trkpt>
      <trkpt lat="45.306958" lon="6.348978">
        <ele>499.624550</ele>
        <time>2026-09-03T08:34:58.861Z</time>
      </trkpt>
      <trkpt lat="45.307057" lon="6.348855">
        <ele>499.712553</ele>
        <time>2026-09-03T08:35:00.808Z</time>
      </trkpt>
      <trkpt lat="45.307153" lon="6.348742">
        <ele>499.795977</ele>
        <time>2026-09-03T08:35:02.839Z</time>
      </trkpt>
      <trkpt lat="45.307250" lon="6.348630">
        <ele>499.879619</ele>
        <time>2026-09-03T08:35:04.812Z</time>
      </trkpt>
      <trkpt lat="45.307340" lon="6.348513">
        <ele>499.961248</ele>
        <time>2026-09-03T08:35:06.835Z</time>
      </trkpt>
      <trkpt lat="45.307427" lon="6.348393">
        <ele>500.042383</ele>
        <time>2026-09-03T08:35:08.833Z</time>
      </trkpt>
      <trkpt lat="45.307510" lon="6.348283">
        <ele>500.118334</ele>
        <time>2026-09-03T08:35:10.838Z</time>
      </trkpt>
      <trkpt lat="45.307590" lon="6.348175">
        <ele>500.192176</ele>
        <time>2026-09-03T08:35:12.842Z</time>
      </trkpt>
      <trkpt lat="45.307667" lon="6.348077">
        <ele>500.261351</ele>
        <time>2026-09-03T08:35:14.814Z</time>
      </trkpt>
      <trkpt lat="45.307737" lon="6.347983">
        <ele>500.325801</ele>
        <time>2026-09-03T08:35:16.847Z</time>
      </trkpt>
      <trkpt lat="45.307807" lon="6.347892">
        <ele>500.389290</ele>
        <time>2026-09-03T08:35:18.816Z</time>
      </trkpt>
      <trkpt lat="45.307877" lon="6.347805">
        <ele>500.451524</ele>
        <time>2026-09-03T08:35:20.848Z</time>
      </trkpt>
      <trkpt lat="45.307947" lon="6.347720">
        <ele>500.513142</ele>
        <time>2026-09-03T08:35:22.813Z</time>
      </trkpt>
      <trkpt lat="45.308015" lon="6.347627">
        <ele>500.576298</ele>
        <time>2026-09-03T08:35:24.820Z</time>
      </trkpt>
      <trkpt lat="45.308085" lon="6.347532">
        <ele>500.641073</ele>
        <time>2026-09-03T08:35:26.840Z</time>
      </trkpt>
      <trkpt lat="45.308160" lon="6.347442">
        <ele>500.706766</ele>
        <time>2026-09-03T08:35:28.849Z</time>
      </trkpt>
      <trkpt lat="45.308255" lon="6.347372">
        <ele>500.778388</ele>
        <time>2026-09-03T08:35:30.823Z</time>
      </trkpt>
      <trkpt lat="45.308355" lon="6.347285">
        <ele>500.621456</ele>
        <time>2026-09-03T08:35:32.850Z</time>
      </trkpt>
      <trkpt lat="45.308452" lon="6.347178">
        <ele>500.283258</ele>
        <time>2026-09-03T08:35:34.812Z</time>
      </trkpt>
      <trkpt lat="45.308545" lon="6.347063">
        <ele>499.943734</ele>
        <time>2026-09-03T08:35:36.840Z</time>
      </trkpt>
      <trkpt lat="45.308632" lon="6.346940">
        <ele>499.605758</ele>
        <time>2026-09-03T08:35:38.834Z</time>
      </trkpt>
      <trkpt lat="45.308713" lon="6.346808">
        <ele>499.266359</ele>
        <time>2026-09-03T08:35:40.840Z</time>
      </trkpt>
      <trkpt lat="45.308790" lon="6.346673">
        <ele>498.929607</ele>
        <time>2026-09-03T08:35:42.815Z</time>
      </trkpt>
      <trkpt lat="45.308872" lon="6.346535">
        <ele>498.579594</ele>
        <time>2026-09-03T08:35:44.839Z</time>
      </trkpt>
      <trkpt lat="45.308952" lon="6.346397">
        <ele>498.233111</ele>
        <time>2026-09-03T08:35:46.844Z</time>
      </trkpt>
      <trkpt lat="45.309030" lon="6.346240">
        <ele>497.860700</ele>
        <time>2026-09-03T08:35:48.807Z</time>
      </trkpt>
      <trkpt lat="45.309100" lon="6.346070">
        <ele>497.479044</ele>
        <time>2026-09-03T08:35:50.831Z</time>
      </trkpt>
      <trkpt lat="45.309175" lon="6.345925">
        <ele>497.130327</ele>
        <time>2026-09-03T08:35:52.838Z</time>
      </trkpt>
      <trkpt lat="45.309245" lon="6.345787">
        <ele>496.800681</ele>
        <time>2026-09-03T08:35:54.806Z</time>
      </trkpt>
      <trkpt lat="45.309315" lon="6.345640">
        <ele>496.456743</ele>
        <time>2026-09-03T08:35:56.837Z</time>
      </trkpt>
      <trkpt lat="45.309387" lon="6.345493">
        <ele>496.109686</ele>
        <time>2026-09-03T08:35:58.804Z</time>
      </trkpt>
      <trkpt lat="45.309455" lon="6.345338">
        <ele>495.936575</ele>
        <time>2026-09-03T08:36:00.839Z</time>
      </trkpt>
      <trkpt lat="45.309527" lon="6.345190">
        <ele>496.216996</ele>
        <time>2026-09-03T08:36:02.816Z</time>
      </trkpt>
      <trkpt lat="45.309590" lon="6.345043">
        <ele>496.485240</ele>
        <time>2026-09-03T08:36:04.836Z</time>
      </trkpt>
      <trkpt lat="45.309645" lon="6.344890">
        <ele>496.752992</ele>
        <time>2026-09-03T08:36:06.837Z</time>
      </trkpt>
      <trkpt lat="45.309698" lon="6.344750">
        <ele>497.000745</ele>
        <time>2026-09-03T08:36:08.843Z</time>
      </trkpt>
      <trkpt lat="45.309750" lon="6.344627">
        <ele>497.224374</ele>
        <time>2026-09-03T08:36:10.818Z</time>
      </trkpt>
      <trkpt lat="45.309805" lon="6.344508">
        <ele>497.446265</ele>
        <time>2026-09-03T08:36:12.843Z</time>
      </trkpt>
      <trkpt lat="45.309860" lon="6.344405">
        <ele>497.647785</ele>
        <time>2026-09-03T08:36:14.842Z</time>
      </trkpt>
      <trkpt lat="45.309942" lon="6.344268">
        <ele>497.928113</ele>
        <time>2026-09-03T08:36:17.838Z</time>
      </trkpt>
      <trkpt lat="45.310022" lon="6.344130">
        <ele>498.206789</ele>
        <time>2026-09-03T08:36:20.844Z</time>
      </trkpt>
      <trkpt lat="45.310102" lon="6.343993">
        <ele>498.484265</ele>
        <time>2026-09-03T08:36:23.818Z</time>
      </trkpt>
      <trkpt lat="45.310170" lon="6.343847">
        <ele>498.757134</ele>
        <time>2026-09-03T08:36:26.841Z</time>
      </trkpt>
      <trkpt lat="45.310240" lon="6.343695">
        <ele>499.040249</ele>
        <time>2026-09-03T08:36:29.840Z</time>
      </trkpt>
      <trkpt lat="45.310315" lon="6.343552">
        <ele>499.318218</ele>
        <time>2026-09-03T08:36:32.841Z</time>
      </trkpt>
      <trkpt lat="45.310387" lon="6.343403">
        <ele>499.599920</ele>
        <time>2026-09-03T08:36:35.815Z</time>
      </trkpt>
      <trkpt lat="45.310458" lon="6.343258">
        <ele>499.822226</ele>
        <time>2026-09-03T08:36:38.846Z</time>
      </trkpt>
      <trkpt lat="45.310523" lon="6.343162">
        <ele>499.706227</ele>
        <time>2026-09-03T08:36:40.810Z</time>
      </trkpt>
      <trkpt lat="45.310597" lon="6.343068">
        <ele>499.583408</ele>
        <time>2026-09-03T08:36:42.808Z</time>
      </trkpt>
      <trkpt lat="45.310673" lon="6.342980">
        <ele>499.462096</ele>
        <time>2026-09-03T08:36:44.838Z</time>
      </trkpt>
      <trkpt lat="45.310755" lon="6.342892">
        <ele>499.334939</ele>
        <time>2026-09-03T08:36:46.810Z</time>
      </trkpt>
      <trkpt lat="45.310838" lon="6.342795">
        <ele>499.201961</ele>
        <time>2026-09-03T08:36:48.842Z</time>
      </trkpt>
      <trkpt lat="45.310927" lon="6.342698">
        <ele>499.063165</ele>
        <time>2026-09-03T08:36:50.812Z</time>
      </trkpt>
      <trkpt lat="45.311017" lon="6.342597">
        <ele>498.921254</ele>
        <time>2026-09-03T08:36:52.837Z</time>
      </trkpt>
      <trkpt lat="45.311102" lon="6.342502">
        <ele>498.787437</ele>
        <time>2026-09-03T08:36:54.837Z</time>
      </trkpt>
      <trkpt lat="45.311182" lon="6.342393">
        <ele>498.650298</ele>
        <time>2026-09-03T08:36:56.846Z</time>
      </trkpt>
      <trkpt lat="45.311272" lon="6.342282">
        <ele>498.502837</ele>
        <time>2026-09-03T08:36:58.806Z</time>
      </trkpt>
      <trkpt lat="45.311353" lon="6.342147">
        <ele>498.348369</ele>
        <time>2026-09-03T08:37:00.836Z</time>
      </trkpt>
      <trkpt lat="45.311433" lon="6.342002">
        <ele>498.187947</ele>
        <time>2026-09-03T08:37:02.842Z</time>
      </trkpt>
      <trkpt lat="45.311510" lon="6.341852">
        <ele>498.026295</ele>
        <time>2026-09-03T08:37:04.810Z</time>
      </trkpt>
      <trkpt lat="45.311585" lon="6.341692">
        <ele>497.858921</ele>
        <time>2026-09-03T08:37:06.844Z</time>
      </trkpt>
      <trkpt lat="45.311667" lon="6.341532">
        <ele>497.686590</ele>
        <time>2026-09-03T08:37:08.840Z</time>
      </trkpt>
      <trkpt lat="45.311738" lon="6.341362">
        <ele>497.518863</ele>
        <time>2026-09-03T08:37:10.837Z</time>
      </trkpt>
      <trkpt lat="45.311797" lon="6.341203">
        <ele>497.369194</ele>
        <time>2026-09-03T08:37:12.840Z</time>
      </trkpt>
      <trkpt lat="45.311873" lon="6.341082">
        <ele>497.234129</ele>
        <time>2026-09-03T08:37:14.825Z</time>
      </trkpt>
      <trkpt lat="45.311965" lon="6.340983">
        <ele>497.097546</ele>
        <time>2026-09-03T08:37:16.839Z</time>
      </trkpt>
      <trkpt lat="45.312067" lon="6.340888">
        <ele>496.953199</ele>
        <time>2026-09-03T08:37:18.846Z</time>
      </trkpt>
      <trkpt lat="45.312187" lon="6.340822">
        <ele>496.800883</ele>
        <time>2026-09-03T08:37:20.816Z</time>
      </trkpt>
      <trkpt lat="45.312307" lon="6.340748">
        <ele>496.646040</ele>
        <time>2026-09-03T08:37:22.839Z</time>
      </trkpt>
      <trkpt lat="45.312433" lon="6.340688">
        <ele>496.488736</ele>
        <time>2026-09-03T08:37:24.819Z</time>
      </trkpt>
      <trkpt lat="45.312547" lon="6.340628">
        <ele>496.344831</ele>
        <time>2026-09-03T08:37:26.814Z</time>
      </trkpt>
      <trkpt lat="45.312660" lon="6.340543">
        <ele>496.193495</ele>
        <time>2026-09-03T08:37:28.802Z</time>
      </trkpt>
      <trkpt lat="45.312778" lon="6.340472">
        <ele>496.041812</ele>
        <time>2026-09-03T08:37:30.806Z</time>
      </trkpt>
      <trkpt lat="45.312900" lon="6.340393">
        <ele>495.883115</ele>
        <time>2026-09-03T08:37:32.805Z</time>
      </trkpt>
      <trkpt lat="45.313032" lon="6.340355">
        <ele>495.723679</ele>
        <time>2026-09-03T08:37:34.811Z</time>
      </trkpt>
      <trkpt lat="45.313158" lon="6.340293">
        <ele>495.565838</ele>
        <time>2026-09-03T08:37:36.827Z</time>
      </trkpt>
      <trkpt lat="45.313267" lon="6.340243">
        <ele>495.559596</ele>
        <time>2026-09-03T08:37:38.829Z</time>
      </trkpt>
      <trkpt lat="45.313382" lon="6.340215">
        <ele>495.743868</ele>
        <time>2026-09-03T08:37:40.828Z</time>
      </trkpt>
      <trkpt lat="45.313505" lon="6.340195">
        <ele>495.939398</ele>
        <time>2026-09-03T08:37:42.830Z</time>
      </trkpt>
      <trkpt lat="45.313633" lon="6.340165">
        <ele>496.144286</ele>
        <time>2026-09-03T08:37:44.816Z</time>
      </trkpt>
      <trkpt lat="45.313753" lon="6.340097">
        <ele>496.348306</ele>
        <time>2026-09-03T08:37:46.833Z</time>
      </trkpt>
      <trkpt lat="45.313848" lon="6.339983">
        <ele>496.544632</ele>
        <time>2026-09-03T08:37:48.820Z</time>
      </trkpt>
      <trkpt lat="45.313922" lon="6.339837">
        <ele>496.744517</ele>
        <time>2026-09-03T08:37:50.838Z</time>
      </trkpt>
      <trkpt lat="45.314002" lon="6.339707">
        <ele>496.936380</ele>
        <time>2026-09-03T08:37:52.819Z</time>
      </trkpt>
      <trkpt lat="45.314073" lon="6.339575">
        <ele>497.120955</ele>
        <time>2026-09-03T08:37:54.803Z</time>
      </trkpt>
      <trkpt lat="45.314138" lon="6.339437">
        <ele>497.305429</ele>
        <time>2026-09-03T08:37:56.841Z</time>
      </trkpt>
      <trkpt lat="45.314195" lon="6.339313">
        <ele>497.469964</ele>
        <time>2026-09-03T08:37:58.819Z</time>
      </trkpt>
      <trkpt lat="45.314263" lon="6.339195">
        <ele>497.639404</ele>
        <time>2026-09-03T08:38:00.834Z</time>
      </trkpt>
      <trkpt lat="45.314343" lon="6.339092">
        <ele>497.809848</ele>
        <time>2026-09-03T08:38:02.812Z</time>
      </trkpt>
      <trkpt lat="45.314412" lon="6.338980">
        <ele>497.975225</ele>
        <time>2026-09-03T08:38:04.840Z</time>
      </trkpt>
      <trkpt lat="45.314480" lon="6.338887">
        <ele>498.124232</ele>
        <time>2026-09-03T08:38:06.812Z</time>
      </trkpt>
      <trkpt lat="45.314580" lon="6.338778">
        <ele>498.323230</ele>
        <time>2026-09-03T08:38:09.837Z</time>
      </trkpt>
      <trkpt lat="45.314677" lon="6.338700">
        <ele>499.154049</ele>
        <time>2026-09-03T08:38:12.814Z</time>
      </trkpt>
      <trkpt lat="45.314760" lon="6.338612">
        <ele>499.937135</ele>
        <time>2026-09-03T08:38:15.841Z</time>
      </trkpt>
      <trkpt lat="45.314847" lon="6.338498">
        <ele>500.831962</ele>
        <time>2026-09-03T08:38:19.813Z</time>
      </trkpt>
      <trkpt lat="45.314913" lon="6.338370">
        <ele>501.676204</ele>
        <time>2026-09-03T08:38:23.842Z</time>
      </trkpt>
      <trkpt lat="45.314968" lon="6.338243">
        <ele>502.469538</ele>
        <time>2026-09-03T08:38:27.802Z</time>
      </trkpt>
      <trkpt lat="45.315027" lon="6.338122">
        <ele>503.252718</ele>
        <time>2026-09-03T08:38:31.841Z</time>
      </trkpt>
      <trkpt lat="45.315082" lon="6.337997">
        <ele>504.037013</ele>
        <time>2026-09-03T08:38:35.817Z</time>
      </trkpt>
      <trkpt lat="45.315135" lon="6.337887">
        <ele>504.746261</ele>
        <time>2026-09-03T08:38:39.840Z</time>
      </trkpt>
      <trkpt lat="45.315198" lon="6.337790">
        <ele>505.448591</ele>
        <time>2026-09-03T08:38:43.823Z</time>
      </trkpt>
      <trkpt lat="45.315285" lon="6.337697">
        <ele>506.271833</ele>
        <time>2026-09-03T08:38:48.838Z</time>
      </trkpt>
      <trkpt lat="45.315383" lon="6.337675">
        <ele>507.022271</ele>
        <time>2026-09-03T08:38:53.837Z</time>
      </trkpt>
      <trkpt lat="45.315477" lon="6.337693">
        <ele>507.739690</ele>
        <time>2026-09-03T08:38:58.810Z</time>
      </trkpt>
      <trkpt lat="45.315548" lon="6.337783">
        <ele>508.459108</ele>
        <time>2026-09-03T08:39:03.842Z</time>
      </trkpt>
      <trkpt lat="45.315597" lon="6.337900">
        <ele>509.183428</ele>
        <time>2026-09-03T08:39:08.844Z</time>
      </trkpt>
      <trkpt lat="45.315713" lon="6.338098">
        <ele>510.554178</ele>
        <time>2026-09-03T08:39:49.831Z</time>
      </trkpt>
      <trkpt lat="45.315768" lon="6.338217">
        <ele>511.311602</ele>
        <time>2026-09-03T08:39:53.802Z</time>
      </trkpt>
      <trkpt lat="45.315823" lon="6.338322">
        <ele>512.052397</ele>
        <time>2026-09-03T08:39:57.822Z</time>
      </trkpt>
      <trkpt lat="45.315892" lon="6.338413">
        <ele>513.175099</ele>
        <time>2026-09-03T08:40:02.821Z</time>
      </trkpt>
      <trkpt lat="45.315948" lon="6.338513">
        <ele>514.247552</ele>
        <time>2026-09-03T08:40:07.823Z</time>
      </trkpt>
      <trkpt lat="45.316000" lon="6.338630">
        <ele>515.408716</ele>
        <time>2026-09-03T08:40:13.803Z</time>
      </trkpt>
      <trkpt lat="45.316065" lon="6.338725">
        <ele>516.520710</ele>
        <time>2026-09-03T08:40:18.804Z</time>
      </trkpt>
      <trkpt lat="45.316137" lon="6.338818">
        <ele>517.681124</ele>
        <time>2026-09-03T08:40:24.827Z</time>
      </trkpt>
      <trkpt lat="45.316217" lon="6.338888">
        <ele>518.801740</ele>
        <time>2026-09-03T08:40:29.834Z</time>
      </trkpt>
      <trkpt lat="45.316282" lon="6.338998">
        <ele>520.007121</ele>
        <time>2026-09-03T08:40:35.812Z</time>
      </trkpt>
      <trkpt lat="45.316363" lon="6.339075">
        <ele>521.169495</ele>
        <time>2026-09-03T08:40:41.835Z</time>
      </trkpt>
      <trkpt lat="45.316443" lon="6.339140">
        <ele>522.268709</ele>
        <time>2026-09-03T08:40:47.820Z</time>
      </trkpt>
      <trkpt lat="45.316545" lon="6.339117">
        <ele>523.500796</ele>
        <time>2026-09-03T08:40:53.836Z</time>
      </trkpt>
      <trkpt lat="45.316625" lon="6.339040">
        <ele>524.653270</ele>
        <time>2026-09-03T08:40:58.841Z</time>
      </trkpt>
      <trkpt lat="45.316680" lon="6.338920">
        <ele>525.854938</ele>
        <time>2026-09-03T08:41:03.811Z</time>
      </trkpt>
      <trkpt lat="45.316697" lon="6.338762">
        <ele>527.195858</ele>
        <time>2026-09-03T08:41:08.841Z</time>
      </trkpt>
      <trkpt lat="45.316680" lon="6.338632">
        <ele>528.305153</ele>
        <time>2026-09-03T08:41:12.815Z</time>
      </trkpt>
      <trkpt lat="45.316640" lon="6.338503">
        <ele>529.487905</ele>
        <time>2026-09-03T08:41:16.837Z</time>
      </trkpt>
      <trkpt lat="45.316617" lon="6.338360">
        <ele>530.718543</ele>
        <time>2026-09-03T08:41:20.810Z</time>
      </trkpt>
      <trkpt lat="45.316648" lon="6.338238">
        <ele>531.806799</ele>
        <time>2026-09-03T08:41:24.840Z</time>
      </trkpt>
      <trkpt lat="45.316702" lon="6.338105">
        <ele>533.095195</ele>
        <time>2026-09-03T08:41:29.814Z</time>
      </trkpt>
      <trkpt lat="45.316755" lon="6.337987">
        <ele>533.906455</ele>
        <time>2026-09-03T08:41:34.841Z</time>
      </trkpt>
      <trkpt lat="45.316800" lon="6.337860">
        <ele>534.607129</ele>
        <time>2026-09-03T08:41:39.812Z</time>
      </trkpt>
      <trkpt lat="45.316828" lon="6.337722">
        <ele>535.314788</ele>
        <time>2026-09-03T08:41:44.841Z</time>
      </trkpt>
      <trkpt lat="45.316848" lon="6.337572">
        <ele>536.067000</ele>
        <time>2026-09-03T08:41:49.848Z</time>
      </trkpt>
      <trkpt lat="45.316880" lon="6.337450">
        <ele>536.708544</ele>
        <time>2026-09-03T08:41:54.804Z</time>
      </trkpt>
      <trkpt lat="45.316918" lon="6.337313">
        <ele>537.434151</ele>
        <time>2026-09-03T08:41:59.840Z</time>
      </trkpt>
      <trkpt lat="45.316948" lon="6.337183">
        <ele>538.108265</ele>
        <time>2026-09-03T08:42:04.838Z</time>
      </trkpt>
      <trkpt lat="45.316957" lon="6.337030">
        <ele>538.864721</ele>
        <time>2026-09-03T08:42:10.812Z</time>
      </trkpt>
      <trkpt lat="45.316943" lon="6.336880">
        <ele>539.610245</ele>
        <time>2026-09-03T08:42:16.843Z</time>
      </trkpt>
      <trkpt lat="45.316917" lon="6.336750">
        <ele>540.276152</ele>
        <time>2026-09-03T08:42:21.812Z</time>
      </trkpt>
      <trkpt lat="45.316868" lon="6.336635">
        <ele>540.938653</ele>
        <time>2026-09-03T08:42:26.840Z</time>
      </trkpt>
      <trkpt lat="45.316930" lon="6.336527">
        <ele>541.625570</ele>
        <time>2026-09-03T08:42:32.814Z</time>
      </trkpt>
      <trkpt lat="45.316980" lon="6.336655">
        <ele>542.346993</ele>
        <time>2026-09-03T08:42:37.847Z</time>
      </trkpt>
      <trkpt lat="45.317012" lon="6.336782">
        <ele>543.011673</ele>
        <time>2026-09-03T08:42:42.819Z</time>
      </trkpt>
      <trkpt lat="45.317047" lon="6.336903">
        <ele>543.656301</ele>
        <time>2026-09-03T08:42:47.846Z</time>
      </trkpt>
      <trkpt lat="45.317078" lon="6.337028">
        <ele>544.309348</ele>
        <time>2026-09-03T08:42:52.811Z</time>
      </trkpt>
      <trkpt lat="45.317088" lon="6.337172">
        <ele>545.022279</ele>
        <time>2026-09-03T08:42:57.842Z</time>
      </trkpt>
      <trkpt lat="45.317078" lon="6.337307">
        <ele>545.691096</ele>
        <time>2026-09-03T08:43:01.802Z</time>
      </trkpt>
      <trkpt lat="45.317050" lon="6.337450">
        <ele>546.531263</ele>
        <time>2026-09-03T08:43:06.835Z</time>
      </trkpt>
      <trkpt lat="45.317008" lon="6.337595">
        <ele>547.499113</ele>
        <time>2026-09-03T08:43:11.841Z</time>
      </trkpt>
      <trkpt lat="45.317000" lon="6.337732">
        <ele>548.347551</ele>
        <time>2026-09-03T08:43:15.810Z</time>
      </trkpt>
      <trkpt lat="45.316998" lon="6.337862">
        <ele>549.150069</ele>
        <time>2026-09-03T08:43:19.845Z</time>
      </trkpt>
      <trkpt lat="45.316987" lon="6.338013">
        <ele>550.086988</ele>
        <time>2026-09-03T08:43:24.804Z</time>
      </trkpt>
      <trkpt lat="45.316975" lon="6.338162">
        <ele>551.012588</ele>
        <time>2026-09-03T08:43:29.835Z</time>
      </trkpt>
      <trkpt lat="45.316932" lon="6.338297">
        <ele>551.927263</ele>
        <time>2026-09-03T08:43:34.812Z</time>
      </trkpt>
      <trkpt lat="45.316918" lon="6.338423">
        <ele>552.714551</ele>
        <time>2026-09-03T08:43:39.836Z</time>
      </trkpt>
      <trkpt lat="45.317008" lon="6.338393">
        <ele>553.525876</ele>
        <time>2026-09-03T08:43:45.805Z</time>
      </trkpt>
      <trkpt lat="45.317043" lon="6.338255">
        <ele>554.431280</ele>
        <time>2026-09-03T08:43:51.837Z</time>
      </trkpt>
      <trkpt lat="45.317085" lon="6.338132">
        <ele>555.275171</ele>
        <time>2026-09-03T08:43:56.835Z</time>
      </trkpt>
      <trkpt lat="45.317113" lon="6.337985">
        <ele>556.215110</ele>
        <time>2026-09-03T08:44:01.847Z</time>
      </trkpt>
      <trkpt lat="45.317113" lon="6.337850">
        <ele>557.048292</ele>
        <time>2026-09-03T08:44:05.818Z</time>
      </trkpt>
      <trkpt lat="45.317110" lon="6.337705">
        <ele>557.943579</ele>
        <time>2026-09-03T08:44:10.847Z</time>
      </trkpt>
      <trkpt lat="45.317155" lon="6.337585">
        <ele>558.782918</ele>
        <time>2026-09-03T08:44:15.813Z</time>
      </trkpt>
      <trkpt lat="45.317212" lon="6.337472">
        <ele>559.641202</ele>
        <time>2026-09-03T08:44:20.842Z</time>
      </trkpt>
      <trkpt lat="45.317247" lon="6.337350">
        <ele>560.454404</ele>
        <time>2026-09-03T08:44:25.813Z</time>
      </trkpt>
      <trkpt lat="45.317265" lon="6.337205">
        <ele>561.363139</ele>
        <time>2026-09-03T08:44:30.838Z</time>
      </trkpt>
      <trkpt lat="45.317268" lon="6.337073">
        <ele>562.253634</ele>
        <time>2026-09-03T08:44:35.814Z</time>
      </trkpt>
      <trkpt lat="45.317277" lon="6.336930">
        <ele>563.306735</ele>
        <time>2026-09-03T08:44:40.837Z</time>
      </trkpt>
      <trkpt lat="45.317272" lon="6.336780">
        <ele>564.408223</ele>
        <time>2026-09-03T08:44:45.804Z</time>
      </trkpt>
      <trkpt lat="45.317253" lon="6.336642">
        <ele>565.439676</ele>
        <time>2026-09-03T08:44:50.834Z</time>
      </trkpt>
      <trkpt lat="45.317215" lon="6.336515">
        <ele>566.452052</ele>
        <time>2026-09-03T08:44:55.808Z</time>
      </trkpt>
      <trkpt lat="45.317257" lon="6.336373">
        <ele>567.582014</ele>
        <time>2026-09-03T08:45:00.804Z</time>
      </trkpt>
      <trkpt lat="45.317325" lon="6.336480">
        <ele>568.639900</ele>
        <time>2026-09-03T08:45:06.842Z</time>
      </trkpt>
      <trkpt lat="45.317328" lon="6.336630">
        <ele>569.740597</ele>
        <time>2026-09-03T08:45:11.812Z</time>
      </trkpt>
      <trkpt lat="45.317353" lon="6.336768">
        <ele>570.785881</ele>
        <time>2026-09-03T08:45:16.844Z</time>
      </trkpt>
      <trkpt lat="45.317370" lon="6.336907">
        <ele>571.820753</ele>
        <time>2026-09-03T08:45:22.811Z</time>
      </trkpt>
      <trkpt lat="45.317395" lon="6.337043">
        <ele>572.851837</ele>
        <time>2026-09-03T08:45:27.805Z</time>
      </trkpt>
      <trkpt lat="45.317410" lon="6.337195">
        <ele>573.977683</ele>
        <time>2026-09-03T08:45:32.839Z</time>
      </trkpt>
      <trkpt lat="45.317410" lon="6.337343">
        <ele>575.063263</ele>
        <time>2026-09-03T08:45:37.810Z</time>
      </trkpt>
      <trkpt lat="45.317370" lon="6.337470">
        <ele>576.083985</ele>
        <time>2026-09-03T08:45:42.832Z</time>
      </trkpt>
      <trkpt lat="45.317308" lon="6.337583">
        <ele>577.135302</ele>
        <time>2026-09-03T08:45:47.806Z</time>
      </trkpt>
      <trkpt lat="45.317258" lon="6.337697">
        <ele>578.120818</ele>
        <time>2026-09-03T08:45:52.843Z</time>
      </trkpt>
      <trkpt lat="45.317313" lon="6.337805">
        <ele>579.098930</ele>
        <time>2026-09-03T08:45:57.809Z</time>
      </trkpt>
      <trkpt lat="45.317400" lon="6.337768">
        <ele>580.046157</ele>
        <time>2026-09-03T08:46:02.842Z</time>
      </trkpt>
      <trkpt lat="45.317457" lon="6.337658">
        <ele>581.040932</ele>
        <time>2026-09-03T08:46:07.808Z</time>
      </trkpt>
      <trkpt lat="45.317500" lon="6.337543">
        <ele>581.982222</ele>
        <time>2026-09-03T08:46:12.846Z</time>
      </trkpt>
      <trkpt lat="45.317512" lon="6.337407">
        <ele>582.972792</ele>
        <time>2026-09-03T08:46:17.808Z</time>
      </trkpt>
      <trkpt lat="45.317503" lon="6.337275">
        <ele>583.931219</ele>
        <time>2026-09-03T08:46:50.801Z</time>
      </trkpt>
      <trkpt lat="45.317502" lon="6.337120">
        <ele>585.051440</ele>
        <time>2026-09-03T08:46:55.819Z</time>
      </trkpt>
      <trkpt lat="45.317495" lon="6.336967">
        <ele>586.159498</ele>
        <time>2026-09-03T08:47:00.818Z</time>
      </trkpt>
      <trkpt lat="45.317505" lon="6.336835">
        <ele>587.118972</ele>
        <time>2026-09-03T08:47:06.793Z</time>
      </trkpt>
      <trkpt lat="45.317565" lon="6.336718">
        <ele>588.165496</ele>
        <time>2026-09-03T08:47:11.831Z</time>
      </trkpt>
      <trkpt lat="45.317632" lon="6.336822">
        <ele>589.184841</ele>
        <time>2026-09-03T08:47:15.796Z</time>
      </trkpt>
      <trkpt lat="45.317628" lon="6.336970">
        <ele>590.255213</ele>
        <time>2026-09-03T08:47:20.830Z</time>
      </trkpt>
      <trkpt lat="45.317600" lon="6.337117">
        <ele>591.355855</ele>
        <time>2026-09-03T08:47:25.799Z</time>
      </trkpt>
      <trkpt lat="45.317610" lon="6.337268">
        <ele>592.451947</ele>
        <time>2026-09-03T08:47:30.818Z</time>
      </trkpt>
      <trkpt lat="45.317603" lon="6.337420">
        <ele>593.552791</ele>
        <time>2026-09-03T08:47:35.816Z</time>
      </trkpt>
      <trkpt lat="45.317593" lon="6.337553">
        <ele>594.519450</ele>
        <time>2026-09-03T08:47:40.836Z</time>
      </trkpt>
      <trkpt lat="45.317557" lon="6.337705">
        <ele>595.678577</ele>
        <time>2026-09-03T08:47:45.811Z</time>
      </trkpt>
      <trkpt lat="45.317515" lon="6.337850">
        <ele>596.811903</ele>
        <time>2026-09-03T08:47:50.811Z</time>
      </trkpt>
      <trkpt lat="45.317453" lon="6.337968">
        <ele>597.876451</ele>
        <time>2026-09-03T08:47:55.837Z</time>
      </trkpt>
      <trkpt lat="45.317443" lon="6.338128">
        <ele>599.035909</ele>
        <time>2026-09-03T08:48:00.809Z</time>
      </trkpt>
      <trkpt lat="45.317470" lon="6.338257">
        <ele>599.889543</ele>
        <time>2026-09-03T08:48:04.844Z</time>
      </trkpt>
      <trkpt lat="45.317480" lon="6.338415">
        <ele>600.895681</ele>
        <time>2026-09-03T08:48:09.815Z</time>
      </trkpt>
      <trkpt lat="45.317492" lon="6.338547">
        <ele>601.739835</ele>
        <time>2026-09-03T08:48:13.841Z</time>
      </trkpt>
      <trkpt lat="45.317508" lon="6.338675">
        <ele>602.564379</ele>
        <time>2026-09-03T08:48:17.804Z</time>
      </trkpt>
      <trkpt lat="45.317587" lon="6.338750">
        <ele>603.421106</ele>
        <time>2026-09-03T08:48:22.843Z</time>
      </trkpt>
      <trkpt lat="45.317600" lon="6.338600">
        <ele>604.379651</ele>
        <time>2026-09-03T08:48:27.819Z</time>
      </trkpt>
      <trkpt lat="45.317567" lon="6.338478">
        <ele>605.208686</ele>
        <time>2026-09-03T08:48:31.848Z</time>
      </trkpt>
      <trkpt lat="45.317550" lon="6.338348">
        <ele>606.047323</ele>
        <time>2026-09-03T08:48:35.812Z</time>
      </trkpt>
      <trkpt lat="45.317542" lon="6.338195">
        <ele>607.020377</ele>
        <time>2026-09-03T08:48:40.846Z</time>
      </trkpt>
      <trkpt lat="45.317567" lon="6.338040">
        <ele>608.028964</ele>
        <time>2026-09-03T08:48:45.811Z</time>
      </trkpt>
      <trkpt lat="45.317632" lon="6.337918">
        <ele>608.999746</ele>
        <time>2026-09-03T08:48:50.802Z</time>
      </trkpt>
      <trkpt lat="45.317695" lon="6.337800">
        <ele>609.939414</ele>
        <time>2026-09-03T08:48:55.839Z</time>
      </trkpt>
      <trkpt lat="45.317732" lon="6.337662">
        <ele>610.876116</ele>
        <time>2026-09-03T08:49:00.846Z</time>
      </trkpt>
      <trkpt lat="45.317747" lon="6.337535">
        <ele>611.692870</ele>
        <time>2026-09-03T08:49:04.813Z</time>
      </trkpt>
      <trkpt lat="45.317765" lon="6.337392">
        <ele>612.614234</ele>
        <time>2026-09-03T08:49:09.832Z</time>
      </trkpt>
      <trkpt lat="45.317782" lon="6.337260">
        <ele>613.465342</ele>
        <time>2026-09-03T08:49:13.803Z</time>
      </trkpt>
      <trkpt lat="45.317797" lon="6.337118">
        <ele>614.376053</ele>
        <time>2026-09-03T08:49:18.820Z</time>
      </trkpt>
      <trkpt lat="45.317805" lon="6.336968">
        <ele>615.335759</ele>
        <time>2026-09-03T08:49:23.808Z</time>
      </trkpt>
      <trkpt lat="45.317802" lon="6.336823">
        <ele>616.319395</ele>
        <time>2026-09-03T08:49:28.807Z</time>
      </trkpt>
      <trkpt lat="45.317802" lon="6.336675">
        <ele>617.322949</ele>
        <time>2026-09-03T08:49:33.827Z</time>
      </trkpt>
      <trkpt lat="45.317892" lon="6.336682">
        <ele>618.192124</ele>
        <time>2026-09-03T08:49:40.799Z</time>
      </trkpt>
      <trkpt lat="45.317872" lon="6.336808">
        <ele>619.067997</ele>
        <time>2026-09-03T08:49:45.833Z</time>
      </trkpt>
      <trkpt lat="45.317837" lon="6.336955">
        <ele>620.120359</ele>
        <time>2026-09-03T08:49:50.834Z</time>
      </trkpt>
      <trkpt lat="45.317828" lon="6.337098">
        <ele>621.093884</ele>
        <time>2026-09-03T08:49:55.800Z</time>
      </trkpt>
      <trkpt lat="45.317822" lon="6.337247">
        <ele>622.105874</ele>
        <time>2026-09-03T08:50:00.848Z</time>
      </trkpt>
      <trkpt lat="45.317827" lon="6.337392">
        <ele>623.090266</ele>
        <time>2026-09-03T08:50:05.811Z</time>
      </trkpt>
      <trkpt lat="45.317827" lon="6.337530">
        <ele>624.026011</ele>
        <time>2026-09-03T08:50:10.842Z</time>
      </trkpt>
      <trkpt lat="45.317817" lon="6.337682">
        <ele>625.061189</ele>
        <time>2026-09-03T08:50:16.818Z</time>
      </trkpt>
      <trkpt lat="45.317812" lon="6.337820">
        <ele>625.998176</ele>
        <time>2026-09-03T08:50:21.828Z</time>
      </trkpt>
      <trkpt lat="45.317797" lon="6.337950">
        <ele>626.891465</ele>
        <time>2026-09-03T08:50:26.839Z</time>
      </trkpt>
      <trkpt lat="45.317785" lon="6.338080">
        <ele>627.780527</ele>
        <time>2026-09-03T08:50:31.842Z</time>
      </trkpt>
      <trkpt lat="45.317755" lon="6.338217">
        <ele>628.753496</ele>
        <time>2026-09-03T08:50:36.838Z</time>
      </trkpt>
      <trkpt lat="45.317727" lon="6.338340">
        <ele>629.630148</ele>
        <time>2026-09-03T08:50:41.809Z</time>
      </trkpt>
      <trkpt lat="45.317853" lon="6.338420">
        <ele>630.960772</ele>
        <time>2026-09-03T08:51:51.826Z</time>
      </trkpt>
      <trkpt lat="45.317837" lon="6.338293">
        <ele>631.835641</ele>
        <time>2026-09-03T08:51:55.814Z</time>
      </trkpt>
      <trkpt lat="45.317827" lon="6.338158">
        <ele>632.762638</ele>
        <time>2026-09-03T08:52:00.821Z</time>
      </trkpt>
      <trkpt lat="45.317867" lon="6.338022">
        <ele>633.802295</ele>
        <time>2026-09-03T08:52:05.804Z</time>
      </trkpt>
      <trkpt lat="45.317930" lon="6.337897">
        <ele>634.886909</ele>
        <time>2026-09-03T08:52:10.795Z</time>
      </trkpt>
      <trkpt lat="45.317973" lon="6.337770">
        <ele>635.880992</ele>
        <time>2026-09-03T08:52:15.801Z</time>
      </trkpt>
      <trkpt lat="45.318013" lon="6.337630">
        <ele>636.946727</ele>
        <time>2026-09-03T08:52:21.802Z</time>
      </trkpt>
      <trkpt lat="45.318020" lon="6.337487">
        <ele>637.957667</ele>
        <time>2026-09-03T08:52:26.799Z</time>
      </trkpt>
      <trkpt lat="45.317998" lon="6.337342">
        <ele>639.003806</ele>
        <time>2026-09-03T08:52:31.820Z</time>
      </trkpt>
      <trkpt lat="45.317990" lon="6.337197">
        <ele>640.029553</ele>
        <time>2026-09-03T08:52:36.805Z</time>
      </trkpt>
      <trkpt lat="45.318090" lon="6.337182">
        <ele>641.038065</ele>
        <time>2026-09-03T08:52:41.839Z</time>
      </trkpt>
      <trkpt lat="45.318072" lon="6.337317">
        <ele>642.007109</ele>
        <time>2026-09-03T08:52:46.805Z</time>
      </trkpt>
      <trkpt lat="45.318083" lon="6.337458">
        <ele>643.007604</ele>
        <time>2026-09-03T08:52:50.817Z</time>
      </trkpt>
      <trkpt lat="45.318078" lon="6.337603">
        <ele>644.031436</ele>
        <time>2026-09-03T08:52:56.810Z</time>
      </trkpt>
      <trkpt lat="45.318053" lon="6.337732">
        <ele>644.975121</ele>
        <time>2026-09-03T08:53:01.834Z</time>
      </trkpt>
      <trkpt lat="45.318035" lon="6.337882">
        <ele>646.048281</ele>
        <time>2026-09-03T08:53:07.807Z</time>
      </trkpt>
      <trkpt lat="45.318000" lon="6.338000">
        <ele>646.951476</ele>
        <time>2026-09-03T08:53:12.833Z</time>
      </trkpt>
      <trkpt lat="45.317958" lon="6.338130">
        <ele>647.960434</ele>
        <time>2026-09-03T08:53:17.842Z</time>
      </trkpt>
      <trkpt lat="45.318027" lon="6.338215">
        <ele>648.876001</ele>
        <time>2026-09-03T08:53:23.814Z</time>
      </trkpt>
      <trkpt lat="45.318073" lon="6.338085">
        <ele>649.902355</ele>
        <time>2026-09-03T08:53:29.844Z</time>
      </trkpt>
      <trkpt lat="45.318097" lon="6.337940">
        <ele>650.920071</ele>
        <time>2026-09-03T08:53:34.807Z</time>
      </trkpt>
      <trkpt lat="45.318143" lon="6.337797">
        <ele>651.915390</ele>
        <time>2026-09-03T08:53:39.841Z</time>
      </trkpt>
      <trkpt lat="45.318158" lon="6.337648">
        <ele>652.868087</ele>
        <time>2026-09-03T08:53:44.856Z</time>
      </trkpt>
      <trkpt lat="45.318162" lon="6.337495">
        <ele>653.837155</ele>
        <time>2026-09-03T08:53:49.821Z</time>
      </trkpt>
      <trkpt lat="45.318175" lon="6.337357">
        <ele>654.718416</ele>
        <time>2026-09-03T08:53:54.810Z</time>
      </trkpt>
      <trkpt lat="45.318195" lon="6.337210">
        <ele>655.666094</ele>
        <time>2026-09-03T08:53:59.836Z</time>
      </trkpt>
      <trkpt lat="45.318202" lon="6.337062">
        <ele>656.604962</ele>
        <time>2026-09-03T08:54:04.839Z</time>
      </trkpt>
      <trkpt lat="45.318233" lon="6.336932">
        <ele>657.473811</ele>
        <time>2026-09-03T08:54:09.814Z</time>
      </trkpt>
      <trkpt lat="45.318318" lon="6.336883">
        <ele>658.299386</ele>
        <time>2026-09-03T08:54:14.852Z</time>
      </trkpt>
      <trkpt lat="45.318300" lon="6.337022">
        <ele>659.193966</ele>
        <time>2026-09-03T08:54:20.809Z</time>
      </trkpt>
      <trkpt lat="45.318282" lon="6.337155">
        <ele>660.051225</ele>
        <time>2026-09-03T08:54:25.844Z</time>
      </trkpt>
      <trkpt lat="45.318277" lon="6.337303">
        <ele>660.989055</ele>
        <time>2026-09-03T08:54:30.809Z</time>
      </trkpt>
      <trkpt lat="45.318265" lon="6.337433">
        <ele>661.818935</ele>
        <time>2026-09-03T08:54:35.844Z</time>
      </trkpt>
      <trkpt lat="45.318263" lon="6.337578">
        <ele>662.736874</ele>
        <time>2026-09-03T08:54:40.812Z</time>
      </trkpt>
      <trkpt lat="45.318272" lon="6.337710">
        <ele>663.576272</ele>
        <time>2026-09-03T08:54:45.847Z</time>
      </trkpt>
      <trkpt lat="45.318247" lon="6.337833">
        <ele>664.386658</ele>
        <time>2026-09-03T08:54:50.809Z</time>
      </trkpt>
      <trkpt lat="45.318228" lon="6.337968">
        <ele>665.258073</ele>
        <time>2026-09-03T08:54:55.842Z</time>
      </trkpt>
      <trkpt lat="45.318258" lon="6.338112">
        <ele>666.208668</ele>
        <time>2026-09-03T08:55:00.807Z</time>
      </trkpt>
      <trkpt lat="45.318343" lon="6.337938">
        <ele>667.723579</ele>
        <time>2026-09-03T08:56:03.806Z</time>
      </trkpt>
      <trkpt lat="45.318342" lon="6.337807">
        <ele>668.751137</ele>
        <time>2026-09-03T08:56:07.821Z</time>
      </trkpt>
      <trkpt lat="45.318383" lon="6.337670">
        <ele>669.918969</ele>
        <time>2026-09-03T08:56:12.806Z</time>
      </trkpt>
      <trkpt lat="45.318435" lon="6.337547">
        <ele>671.044660</ele>
        <time>2026-09-03T08:56:17.807Z</time>
      </trkpt>
      <trkpt lat="45.318470" lon="6.337412">
        <ele>672.173209</ele>
        <time>2026-09-03T08:56:22.802Z</time>
      </trkpt>
      <trkpt lat="45.318440" lon="6.337277">
        <ele>673.283698</ele>
        <time>2026-09-03T08:56:27.799Z</time>
      </trkpt>
      <trkpt lat="45.318442" lon="6.337133">
        <ele>674.413379</ele>
        <time>2026-09-03T08:56:32.834Z</time>
      </trkpt>
      <trkpt lat="45.318478" lon="6.336993">
        <ele>675.582587</ele>
        <time>2026-09-03T08:56:37.816Z</time>
      </trkpt>
      <trkpt lat="45.318543" lon="6.337090">
        <ele>676.633554</ele>
        <time>2026-09-03T08:56:45.845Z</time>
      </trkpt>
      <trkpt lat="45.318502" lon="6.337220">
        <ele>677.751071</ele>
        <time>2026-09-03T08:56:50.803Z</time>
      </trkpt>
      <trkpt lat="45.318483" lon="6.337363">
        <ele>678.892535</ele>
        <time>2026-09-03T08:56:55.825Z</time>
      </trkpt>
      <trkpt lat="45.318477" lon="6.337508">
        <ele>680.031806</ele>
        <time>2026-09-03T08:57:01.807Z</time>
      </trkpt>
      <trkpt lat="45.318483" lon="6.337652">
        <ele>681.163248</ele>
        <time>2026-09-03T08:57:07.842Z</time>
      </trkpt>
      <trkpt lat="45.318467" lon="6.337798">
        <ele>682.322219</ele>
        <time>2026-09-03T08:57:13.842Z</time>
      </trkpt>
      <trkpt lat="45.318457" lon="6.337945">
        <ele>683.480593</ele>
        <time>2026-09-03T08:57:18.807Z</time>
      </trkpt>
      <trkpt lat="45.318427" lon="6.338090">
        <ele>684.666107</ele>
        <time>2026-09-03T08:57:23.838Z</time>
      </trkpt>
      <trkpt lat="45.318358" lon="6.338180">
        <ele>685.710470</ele>
        <time>2026-09-03T08:57:28.809Z</time>
      </trkpt>
      <trkpt lat="45.318317" lon="6.338303">
        <ele>686.778130</ele>
        <time>2026-09-03T08:57:33.837Z</time>
      </trkpt>
      <trkpt lat="45.318417" lon="6.338298">
        <ele>687.874646</ele>
        <time>2026-09-03T08:57:39.807Z</time>
      </trkpt>
      <trkpt lat="45.318457" lon="6.338170">
        <ele>688.951916</ele>
        <time>2026-09-03T08:57:44.843Z</time>
      </trkpt>
      <trkpt lat="45.318515" lon="6.338048">
        <ele>690.084528</ele>
        <time>2026-09-03T08:57:49.813Z</time>
      </trkpt>
      <trkpt lat="45.318557" lon="6.337930">
        <ele>691.101690</ele>
        <time>2026-09-03T08:57:54.850Z</time>
      </trkpt>
      <trkpt lat="45.318567" lon="6.337788">
        <ele>692.199253</ele>
        <time>2026-09-03T08:57:59.815Z</time>
      </trkpt>
      <trkpt lat="45.318593" lon="6.337648">
        <ele>693.312892</ele>
        <time>2026-09-03T08:58:05.846Z</time>
      </trkpt>
      <trkpt lat="45.318605" lon="6.337517">
        <ele>694.328906</ele>
        <time>2026-09-03T08:58:10.814Z</time>
      </trkpt>
      <trkpt lat="45.318618" lon="6.337383">
        <ele>695.369241</ele>
        <time>2026-09-03T08:58:15.844Z</time>
      </trkpt>
      <trkpt lat="45.318658" lon="6.337240">
        <ele>696.552856</ele>
        <time>2026-09-03T08:58:20.814Z</time>
      </trkpt>
      <trkpt lat="45.318715" lon="6.337130">
        <ele>697.603748</ele>
        <time>2026-09-03T08:58:25.835Z</time>
      </trkpt>
      <trkpt lat="45.318753" lon="6.337255">
        <ele>698.651099</ele>
        <time>2026-09-03T08:58:31.837Z</time>
      </trkpt>
      <trkpt lat="45.318710" lon="6.337380">
        <ele>699.721330</ele>
        <time>2026-09-03T08:58:36.842Z</time>
      </trkpt>
      <trkpt lat="45.318685" lon="6.337508">
        <ele>700.743026</ele>
        <time>2026-09-03T08:58:41.808Z</time>
      </trkpt>
      <trkpt lat="45.318667" lon="6.337653">
        <ele>701.875442</ele>
        <time>2026-09-03T08:58:46.841Z</time>
      </trkpt>
      <trkpt lat="45.318662" lon="6.337803">
        <ele>703.030362</ele>
        <time>2026-09-03T08:58:51.811Z</time>
      </trkpt>
      <trkpt lat="45.318667" lon="6.337968">
        <ele>704.300528</ele>
        <time>2026-09-03T08:58:56.837Z</time>
      </trkpt>
      <trkpt lat="45.318760" lon="6.338027">
        <ele>705.414334</ele>
        <time>2026-09-03T08:59:01.843Z</time>
      </trkpt>
      <trkpt lat="45.318792" lon="6.337900">
        <ele>706.451884</ele>
        <time>2026-09-03T08:59:05.816Z</time>
      </trkpt>
      <trkpt lat="45.318777" lon="6.337762">
        <ele>707.538377</ele>
        <time>2026-09-03T08:59:09.845Z</time>
      </trkpt>
      <trkpt lat="45.318780" lon="6.337625">
        <ele>708.606209</ele>
        <time>2026-09-03T08:59:14.817Z</time>
      </trkpt>
      <trkpt lat="45.318795" lon="6.337483">
        <ele>709.724890</ele>
        <time>2026-09-03T08:59:19.845Z</time>
      </trkpt>
      <trkpt lat="45.318838" lon="6.337363">
        <ele>710.774157</ele>
        <time>2026-09-03T08:59:24.816Z</time>
      </trkpt>
      <trkpt lat="45.318922" lon="6.337303">
        <ele>711.815619</ele>
        <time>2026-09-03T08:59:29.844Z</time>
      </trkpt>
      <trkpt lat="45.318948" lon="6.337442">
        <ele>712.936172</ele>
        <time>2026-09-03T08:59:35.819Z</time>
      </trkpt>
      <trkpt lat="45.318890" lon="6.337563">
        <ele>714.077029</ele>
        <time>2026-09-03T08:59:40.845Z</time>
      </trkpt>
      <trkpt lat="45.318878" lon="6.337695">
        <ele>715.113947</ele>
        <time>2026-09-03T08:59:44.808Z</time>
      </trkpt>
      <trkpt lat="45.318890" lon="6.337837">
        <ele>716.228173</ele>
        <time>2026-09-03T08:59:49.841Z</time>
      </trkpt>
      <trkpt lat="45.318880" lon="6.337990">
        <ele>717.425274</ele>
        <time>2026-09-03T08:59:55.840Z</time>
      </trkpt>
      <trkpt lat="45.318850" lon="6.338118">
        <ele>718.476407</ele>
        <time>2026-09-03T09:00:00.841Z</time>
      </trkpt>
      <trkpt lat="45.318773" lon="6.338195">
        <ele>719.519315</ele>
        <time>2026-09-03T09:00:05.827Z</time>
      </trkpt>
      <trkpt lat="45.318685" lon="6.338237">
        <ele>720.547744</ele>
        <time>2026-09-03T09:00:10.838Z</time>
      </trkpt>
      <trkpt lat="45.318608" lon="6.338327">
        <ele>721.652020</ele>
        <time>2026-09-03T09:00:15.818Z</time>
      </trkpt>
      <trkpt lat="45.318552" lon="6.338442">
        <ele>722.741807</ele>
        <time>2026-09-03T09:00:20.844Z</time>
      </trkpt>
      <trkpt lat="45.318503" lon="6.338565">
        <ele>723.843158</ele>
        <time>2026-09-03T09:00:25.799Z</time>
      </trkpt>
      <trkpt lat="45.318467" lon="6.338683">
        <ele>724.845254</ele>
        <time>2026-09-03T09:00:30.840Z</time>
      </trkpt>
      <trkpt lat="45.318443" lon="6.338817">
        <ele>725.922535</ele>
        <time>2026-09-03T09:00:35.814Z</time>
      </trkpt>
      <trkpt lat="45.318438" lon="6.338952">
        <ele>726.945801</ele>
        <time>2026-09-03T09:00:40.843Z</time>
      </trkpt>
      <trkpt lat="45.318465" lon="6.339090">
        <ele>727.993521</ele>
        <time>2026-09-03T09:00:45.816Z</time>
      </trkpt>
      <trkpt lat="45.318498" lon="6.339223">
        <ele>729.025110</ele>
        <time>2026-09-03T09:00:50.844Z</time>
      </trkpt>
      <trkpt lat="45.318525" lon="6.339358">
        <ele>730.051706</ele>
        <time>2026-09-03T09:00:55.811Z</time>
      </trkpt>
      <trkpt lat="45.318572" lon="6.339482">
        <ele>731.082053</ele>
        <time>2026-09-03T09:01:00.837Z</time>
      </trkpt>
      <trkpt lat="45.318640" lon="6.339590">
        <ele>732.142398</ele>
        <time>2026-09-03T09:01:05.816Z</time>
      </trkpt>
      <trkpt lat="45.318720" lon="6.339672">
        <ele>733.168172</ele>
        <time>2026-09-03T09:01:10.850Z</time>
      </trkpt>
      <trkpt lat="45.318792" lon="6.339762">
        <ele>734.165294</ele>
        <time>2026-09-03T09:01:15.811Z</time>
      </trkpt>
      <trkpt lat="45.318837" lon="6.339875">
        <ele>735.115151</ele>
        <time>2026-09-03T09:01:20.839Z</time>
      </trkpt>
      <trkpt lat="45.318860" lon="6.340000">
        <ele>736.060218</ele>
        <time>2026-09-03T09:01:25.844Z</time>
      </trkpt>
      <trkpt lat="45.318843" lon="6.340142">
        <ele>737.113789</ele>
        <time>2026-09-03T09:01:30.809Z</time>
      </trkpt>
      <trkpt lat="45.318808" lon="6.340282">
        <ele>738.200580</ele>
        <time>2026-09-03T09:01:35.843Z</time>
      </trkpt>
      <trkpt lat="45.318785" lon="6.340407">
        <ele>739.145647</ele>
        <time>2026-09-03T09:01:40.824Z</time>
      </trkpt>
      <trkpt lat="45.318755" lon="6.340532">
        <ele>740.111720</ele>
        <time>2026-09-03T09:01:45.841Z</time>
      </trkpt>
      <trkpt lat="45.318728" lon="6.340655">
        <ele>741.054194</ele>
        <time>2026-09-03T09:01:50.809Z</time>
      </trkpt>
      <trkpt lat="45.318698" lon="6.340783">
        <ele>742.041059</ele>
        <time>2026-09-03T09:01:55.839Z</time>
      </trkpt>
      <trkpt lat="45.318663" lon="6.340918">
        <ele>743.093466</ele>
        <time>2026-09-03T09:02:00.814Z</time>
      </trkpt>
      <trkpt lat="45.318632" lon="6.341050">
        <ele>744.111378</ele>
        <time>2026-09-03T09:02:05.845Z</time>
      </trkpt>
      <trkpt lat="45.318615" lon="6.341185">
        <ele>745.114516</ele>
        <time>2026-09-03T09:02:10.811Z</time>
      </trkpt>
      <trkpt lat="45.318607" lon="6.341322">
        <ele>745.954945</ele>
        <time>2026-09-03T09:02:15.833Z</time>
      </trkpt>
      <trkpt lat="45.318608" lon="6.341473">
        <ele>746.862206</ele>
        <time>2026-09-03T09:02:20.811Z</time>
      </trkpt>
      <trkpt lat="45.318618" lon="6.341630">
        <ele>747.809337</ele>
        <time>2026-09-03T09:02:25.818Z</time>
      </trkpt>
      <trkpt lat="45.318620" lon="6.341783">
        <ele>748.728732</ele>
        <time>2026-09-03T09:02:30.799Z</time>
      </trkpt>
      <trkpt lat="45.318645" lon="6.341928">
        <ele>749.625710</ele>
        <time>2026-09-03T09:02:35.821Z</time>
      </trkpt>
      <trkpt lat="45.318657" lon="6.342060">
        <ele>750.425376</ele>
        <time>2026-09-03T09:02:40.809Z</time>
      </trkpt>
      <trkpt lat="45.318668" lon="6.342210">
        <ele>751.331476</ele>
        <time>2026-09-03T09:02:45.825Z</time>
      </trkpt>
      <trkpt lat="45.318680" lon="6.342358">
        <ele>752.226563</ele>
        <time>2026-09-03T09:02:50.812Z</time>
      </trkpt>
      <trkpt lat="45.318688" lon="6.342518">
        <ele>753.190282</ele>
        <time>2026-09-03T09:02:55.819Z</time>
      </trkpt>
      <trkpt lat="45.318727" lon="6.342660">
        <ele>754.106197</ele>
        <time>2026-09-03T09:03:00.839Z</time>
      </trkpt>
      <trkpt lat="45.318812" lon="6.342738">
        <ele>754.970536</ele>
        <time>2026-09-03T09:03:05.829Z</time>
      </trkpt>
      <trkpt lat="45.318920" lon="6.342727">
        <ele>755.895690</ele>
        <time>2026-09-03T09:03:10.822Z</time>
      </trkpt>
      <trkpt lat="45.319010" lon="6.342633">
        <ele>756.849785</ele>
        <time>2026-09-03T09:03:15.843Z</time>
      </trkpt>
      <trkpt lat="45.319075" lon="6.342542">
        <ele>757.629122</ele>
        <time>2026-09-03T09:03:19.808Z</time>
      </trkpt>
      <trkpt lat="45.319143" lon="6.342457">
        <ele>758.402670</ele>
        <time>2026-09-03T09:03:23.840Z</time>
      </trkpt>
      <trkpt lat="45.319230" lon="6.342355">
        <ele>759.366064</ele>
        <time>2026-09-03T09:03:28.831Z</time>
      </trkpt>
      <trkpt lat="45.319300" lon="6.342260">
        <ele>760.192803</ele>
        <time>2026-09-03T09:03:33.838Z</time>
      </trkpt>
      <trkpt lat="45.319372" lon="6.342152">
        <ele>761.042416</ele>
        <time>2026-09-03T09:03:38.837Z</time>
      </trkpt>
      <trkpt lat="45.319448" lon="6.342048">
        <ele>761.866862</ele>
        <time>2026-09-03T09:03:43.843Z</time>
      </trkpt>
      <trkpt lat="45.319520" lon="6.341947">
        <ele>762.657404</ele>
        <time>2026-09-03T09:03:48.808Z</time>
      </trkpt>
      <trkpt lat="45.319600" lon="6.341865">
        <ele>763.428256</ele>
        <time>2026-09-03T09:03:53.852Z</time>
      </trkpt>
      <trkpt lat="45.319682" lon="6.341765">
        <ele>764.272639</ele>
        <time>2026-09-03T09:03:58.819Z</time>
      </trkpt>
      <trkpt lat="45.319758" lon="6.341660">
        <ele>765.100903</ele>
        <time>2026-09-03T09:04:03.843Z</time>
      </trkpt>
      <trkpt lat="45.319842" lon="6.341555">
        <ele>765.975109</ele>
        <time>2026-09-03T09:04:08.813Z</time>
      </trkpt>
      <trkpt lat="45.319937" lon="6.341515">
        <ele>766.749581</ele>
        <time>2026-09-03T09:04:13.836Z</time>
      </trkpt>
      <trkpt lat="45.320012" lon="6.341622">
        <ele>767.580004</ele>
        <time>2026-09-03T09:04:18.846Z</time>
      </trkpt>
      <trkpt lat="45.320020" lon="6.341768">
        <ele>768.384920</ele>
        <time>2026-09-03T09:04:23.815Z</time>
      </trkpt>
      <trkpt lat="45.320017" lon="6.341917">
        <ele>769.204228</ele>
        <time>2026-09-03T09:04:28.838Z</time>
      </trkpt>
      <trkpt lat="45.320028" lon="6.342060">
        <ele>769.994912</ele>
        <time>2026-09-03T09:04:33.844Z</time>
      </trkpt>
      <trkpt lat="45.320045" lon="6.342188">
        <ele>770.710899</ele>
        <time>2026-09-03T09:04:37.815Z</time>
      </trkpt>
      <trkpt lat="45.320052" lon="6.342330">
        <ele>771.493311</ele>
        <time>2026-09-03T09:04:42.846Z</time>
      </trkpt>
      <trkpt lat="45.320068" lon="6.342483">
        <ele>772.343519</ele>
        <time>2026-09-03T09:04:47.812Z</time>
      </trkpt>
      <trkpt lat="45.320113" lon="6.342607">
        <ele>773.110501</ele>
        <time>2026-09-03T09:04:52.839Z</time>
      </trkpt>
      <trkpt lat="45.320150" lon="6.342725">
        <ele>773.820649</ele>
        <time>2026-09-03T09:04:56.845Z</time>
      </trkpt>
      <trkpt lat="45.320195" lon="6.342867">
        <ele>774.652293</ele>
        <time>2026-09-03T09:05:01.818Z</time>
      </trkpt>
      <trkpt lat="45.320215" lon="6.342995">
        <ele>775.040081</ele>
        <time>2026-09-03T09:05:05.847Z</time>
      </trkpt>
      <trkpt lat="45.320222" lon="6.343137">
        <ele>775.461070</ele>
        <time>2026-09-03T09:05:09.809Z</time>
      </trkpt>
      <trkpt lat="45.320225" lon="6.343288">
        <ele>775.907823</ele>
        <time>2026-09-03T09:05:13.832Z</time>
      </trkpt>
      <trkpt lat="45.320223" lon="6.343420">
        <ele>776.298297</ele>
        <time>2026-09-03T09:05:16.841Z</time>
      </trkpt>
      <trkpt lat="45.320203" lon="6.343558">
        <ele>776.715004</ele>
        <time>2026-09-03T09:05:19.818Z</time>
      </trkpt>
      <trkpt lat="45.320195" lon="6.343688">
        <ele>777.100942</ele>
        <time>2026-09-03T09:05:22.838Z</time>
      </trkpt>
      <trkpt lat="45.320182" lon="6.343832">
        <ele>777.530311</ele>
        <time>2026-09-03T09:05:25.846Z</time>
      </trkpt>
      <trkpt lat="45.320187" lon="6.343995">
        <ele>778.012834</ele>
        <time>2026-09-03T09:05:29.804Z</time>
      </trkpt>
      <trkpt lat="45.320178" lon="6.344145">
        <ele>778.458064</ele>
        <time>2026-09-03T09:05:32.851Z</time>
      </trkpt>
      <trkpt lat="45.320165" lon="6.344297">
        <ele>778.910910</ele>
        <time>2026-09-03T09:05:35.805Z</time>
      </trkpt>
      <trkpt lat="45.320157" lon="6.344433">
        <ele>779.314529</ele>
        <time>2026-09-03T09:05:38.831Z</time>
      </trkpt>
      <trkpt lat="45.320162" lon="6.344562">
        <ele>779.696619</ele>
        <time>2026-09-03T09:05:41.846Z</time>
      </trkpt>
      <trkpt lat="45.320160" lon="6.344718">
        <ele>780.158059</ele>
        <time>2026-09-03T09:05:45.812Z</time>
      </trkpt>
      <trkpt lat="45.320157" lon="6.344878">
        <ele>780.631420</ele>
        <time>2026-09-03T09:05:49.840Z</time>
      </trkpt>
      <trkpt lat="45.320167" lon="6.345020">
        <ele>781.053479</ele>
        <time>2026-09-03T09:05:53.816Z</time>
      </trkpt>
      <trkpt lat="45.320185" lon="6.345152">
        <ele>781.451136</ele>
        <time>2026-09-03T09:05:57.850Z</time>
      </trkpt>
      <trkpt lat="45.320188" lon="6.345297">
        <ele>781.880152</ele>
        <time>2026-09-03T09:06:02.804Z</time>
      </trkpt>
      <trkpt lat="45.320215" lon="6.345430">
        <ele>782.407622</ele>
        <time>2026-09-03T09:06:07.809Z</time>
      </trkpt>
      <trkpt lat="45.320287" lon="6.345520">
        <ele>783.284016</ele>
        <time>2026-09-03T09:06:11.810Z</time>
      </trkpt>
      <trkpt lat="45.320392" lon="6.345497">
        <ele>784.255315</ele>
        <time>2026-09-03T09:06:16.812Z</time>
      </trkpt>
      <trkpt lat="45.320487" lon="6.345440">
        <ele>785.197998</ele>
        <time>2026-09-03T09:07:05.832Z</time>
      </trkpt>
      <trkpt lat="45.320565" lon="6.345330">
        <ele>786.202289</ele>
        <time>2026-09-03T09:07:10.819Z</time>
      </trkpt>
      <trkpt lat="45.320633" lon="6.345213">
        <ele>787.178110</ele>
        <time>2026-09-03T09:07:15.816Z</time>
      </trkpt>
      <trkpt lat="45.320710" lon="6.345108">
        <ele>788.153413</ele>
        <time>2026-09-03T09:07:20.840Z</time>
      </trkpt>
      <trkpt lat="45.320802" lon="6.345022">
        <ele>789.159960</ele>
        <time>2026-09-03T09:07:26.807Z</time>
      </trkpt>
      <trkpt lat="45.320872" lon="6.344923">
        <ele>790.062522</ele>
        <time>2026-09-03T09:07:31.808Z</time>
      </trkpt>
      <trkpt lat="45.320935" lon="6.344813">
        <ele>790.974555</ele>
        <time>2026-09-03T09:07:37.799Z</time>
      </trkpt>
      <trkpt lat="45.320998" lon="6.344715">
        <ele>791.828167</ele>
        <time>2026-09-03T09:07:42.811Z</time>
      </trkpt>
      <trkpt lat="45.321047" lon="6.344578">
        <ele>792.816265</ele>
        <time>2026-09-03T09:07:48.811Z</time>
      </trkpt>
      <trkpt lat="45.321098" lon="6.344472">
        <ele>793.641945</ele>
        <time>2026-09-03T09:07:53.836Z</time>
      </trkpt>
      <trkpt lat="45.321135" lon="6.344353">
        <ele>794.478392</ele>
        <time>2026-09-03T09:07:58.822Z</time>
      </trkpt>
      <trkpt lat="45.321182" lon="6.344215">
        <ele>795.464115</ele>
        <time>2026-09-03T09:08:04.831Z</time>
      </trkpt>
      <trkpt lat="45.321237" lon="6.344085">
        <ele>796.439437</ele>
        <time>2026-09-03T09:08:10.818Z</time>
      </trkpt>
      <trkpt lat="45.321263" lon="6.343958">
        <ele>797.289756</ele>
        <time>2026-09-03T09:08:15.846Z</time>
      </trkpt>
      <trkpt lat="45.321293" lon="6.343812">
        <ele>798.267570</ele>
        <time>2026-09-03T09:08:21.806Z</time>
      </trkpt>
      <trkpt lat="45.321320" lon="6.343680">
        <ele>799.246118</ele>
        <time>2026-09-03T09:08:26.851Z</time>
      </trkpt>
      <trkpt lat="45.321328" lon="6.343552">
        <ele>800.223420</ele>
        <time>2026-09-03T09:08:31.806Z</time>
      </trkpt>
      <trkpt lat="45.321337" lon="6.343410">
        <ele>801.307734</ele>
        <time>2026-09-03T09:08:36.839Z</time>
      </trkpt>
      <trkpt lat="45.321353" lon="6.343277">
        <ele>802.333922</ele>
        <time>2026-09-03T09:08:41.818Z</time>
      </trkpt>
      <trkpt lat="45.321372" lon="6.343132">
        <ele>803.455658</ele>
        <time>2026-09-03T09:08:47.837Z</time>
      </trkpt>
      <trkpt lat="45.321397" lon="6.342990">
        <ele>804.568932</ele>
        <time>2026-09-03T09:08:53.817Z</time>
      </trkpt>
      <trkpt lat="45.321442" lon="6.342853">
        <ele>805.718922</ele>
        <time>2026-09-03T09:08:59.848Z</time>
      </trkpt>
      <trkpt lat="45.321482" lon="6.342730">
        <ele>806.749564</ele>
        <time>2026-09-03T09:09:04.813Z</time>
      </trkpt>
      <trkpt lat="45.321515" lon="6.342603">
        <ele>807.779263</ele>
        <time>2026-09-03T09:09:09.843Z</time>
      </trkpt>
      <trkpt lat="45.321565" lon="6.342492">
        <ele>808.781810</ele>
        <time>2026-09-03T09:09:14.815Z</time>
      </trkpt>
      <trkpt lat="45.321615" lon="6.342382">
        <ele>809.777962</ele>
        <time>2026-09-03T09:09:19.849Z</time>
      </trkpt>
      <trkpt lat="45.321665" lon="6.342265">
        <ele>810.819221</ele>
        <time>2026-09-03T09:09:24.811Z</time>
      </trkpt>
      <trkpt lat="45.321727" lon="6.342137">
        <ele>812.001308</ele>
        <time>2026-09-03T09:09:30.841Z</time>
      </trkpt>
      <trkpt lat="45.321792" lon="6.342040">
        <ele>813.020366</ele>
        <time>2026-09-03T09:09:35.803Z</time>
      </trkpt>
      <trkpt lat="45.321862" lon="6.341925">
        <ele>814.177152</ele>
        <time>2026-09-03T09:09:40.807Z</time>
      </trkpt>
      <trkpt lat="45.321915" lon="6.341815">
        <ele>815.191283</ele>
        <time>2026-09-03T09:09:45.804Z</time>
      </trkpt>
      <trkpt lat="45.321948" lon="6.341943">
        <ele>816.228111</ele>
        <time>2026-09-03T09:09:52.808Z</time>
      </trkpt>
      <trkpt lat="45.321880" lon="6.342033">
        <ele>817.232823</ele>
        <time>2026-09-03T09:09:56.810Z</time>
      </trkpt>
      <trkpt lat="45.321817" lon="6.342145">
        <ele>818.270963</ele>
        <time>2026-09-03T09:10:01.804Z</time>
      </trkpt>
      <trkpt lat="45.321763" lon="6.342273">
        <ele>819.152698</ele>
        <time>2026-09-03T09:10:06.838Z</time>
      </trkpt>
      <trkpt lat="45.321733" lon="6.342417">
        <ele>820.039841</ele>
        <time>2026-09-03T09:10:11.836Z</time>
      </trkpt>
      <trkpt lat="45.321742" lon="6.342552">
        <ele>820.840847</ele>
        <time>2026-09-03T09:10:16.814Z</time>
      </trkpt>
      <trkpt lat="45.321733" lon="6.342693">
        <ele>821.677143</ele>
        <time>2026-09-03T09:10:21.849Z</time>
      </trkpt>
      <trkpt lat="45.321738" lon="6.342853">
        <ele>822.623178</ele>
        <time>2026-09-03T09:10:26.808Z</time>
      </trkpt>
      <trkpt lat="45.321742" lon="6.343010">
        <ele>823.551168</ele>
        <time>2026-09-03T09:10:31.842Z</time>
      </trkpt>
      <trkpt lat="45.321748" lon="6.343167">
        <ele>824.479918</ele>
        <time>2026-09-03T09:10:36.821Z</time>
      </trkpt>
      <trkpt lat="45.321740" lon="6.343318">
        <ele>825.374386</ele>
        <time>2026-09-03T09:10:41.842Z</time>
      </trkpt>
      <trkpt lat="45.321735" lon="6.343470">
        <ele>826.273215</ele>
        <time>2026-09-03T09:10:46.812Z</time>
      </trkpt>
      <trkpt lat="45.321748" lon="6.343615">
        <ele>827.136648</ele>
        <time>2026-09-03T09:10:51.844Z</time>
      </trkpt>
      <trkpt lat="45.321837" lon="6.343702">
        <ele>828.043906</ele>
        <time>2026-09-03T09:10:57.813Z</time>
      </trkpt>
      <trkpt lat="45.321918" lon="6.343617">
        <ele>828.889561</ele>
        <time>2026-09-03T09:11:02.843Z</time>
      </trkpt>
      <trkpt lat="45.321942" lon="6.343487">
        <ele>829.683482</ele>
        <time>2026-09-03T09:11:06.807Z</time>
      </trkpt>
      <trkpt lat="45.321953" lon="6.343343">
        <ele>830.539076</ele>
        <time>2026-09-03T09:11:11.843Z</time>
      </trkpt>
      <trkpt lat="45.321957" lon="6.343190">
        <ele>831.443451</ele>
        <time>2026-09-03T09:11:16.813Z</time>
      </trkpt>
      <trkpt lat="45.321973" lon="6.343048">
        <ele>832.292927</ele>
        <time>2026-09-03T09:11:21.840Z</time>
      </trkpt>
      <trkpt lat="45.322005" lon="6.342903">
        <ele>833.190620</ele>
        <time>2026-09-03T09:11:27.842Z</time>
      </trkpt>
      <trkpt lat="45.322032" lon="6.342780">
        <ele>833.990214</ele>
        <time>2026-09-03T09:11:32.809Z</time>
      </trkpt>
      <trkpt lat="45.322065" lon="6.342635">
        <ele>834.936401</ele>
        <time>2026-09-03T09:11:38.835Z</time>
      </trkpt>
      <trkpt lat="45.322113" lon="6.342500">
        <ele>835.875589</ele>
        <time>2026-09-03T09:11:43.813Z</time>
      </trkpt>
      <trkpt lat="45.322177" lon="6.342395">
        <ele>836.738301</ele>
        <time>2026-09-03T09:11:48.842Z</time>
      </trkpt>
      <trkpt lat="45.322258" lon="6.342320">
        <ele>837.591716</ele>
        <time>2026-09-03T09:11:53.808Z</time>
      </trkpt>
      <trkpt lat="45.322342" lon="6.342255">
        <ele>838.436079</ele>
        <time>2026-09-03T09:11:58.838Z</time>
      </trkpt>
      <trkpt lat="45.322415" lon="6.342180">
        <ele>839.231230</ele>
        <time>2026-09-03T09:12:03.837Z</time>
      </trkpt>
      <trkpt lat="45.322505" lon="6.342103">
        <ele>840.158601</ele>
        <time>2026-09-03T09:12:09.842Z</time>
      </trkpt>
      <trkpt lat="45.322583" lon="6.342000">
        <ele>841.098400</ele>
        <time>2026-09-03T09:12:15.820Z</time>
      </trkpt>
      <trkpt lat="45.322677" lon="6.341925">
        <ele>842.050072</ele>
        <time>2026-09-03T09:12:21.848Z</time>
      </trkpt>
      <trkpt lat="45.322755" lon="6.341832">
        <ele>842.948781</ele>
        <time>2026-09-03T09:12:26.809Z</time>
      </trkpt>
      <trkpt lat="45.322823" lon="6.341728">
        <ele>843.830467</ele>
        <time>2026-09-03T09:12:31.840Z</time>
      </trkpt>
      <trkpt lat="45.322885" lon="6.341608">
        <ele>844.754964</ele>
        <time>2026-09-03T09:12:36.802Z</time>
      </trkpt>
      <trkpt lat="45.322950" lon="6.341502">
        <ele>845.628148</ele>
        <time>2026-09-03T09:12:41.839Z</time>
      </trkpt>
      <trkpt lat="45.323005" lon="6.341382">
        <ele>846.517440</ele>
        <time>2026-09-03T09:12:46.804Z</time>
      </trkpt>
      <trkpt lat="45.323073" lon="6.341288">
        <ele>847.354730</ele>
        <time>2026-09-03T09:12:51.845Z</time>
      </trkpt>
      <trkpt lat="45.323143" lon="6.341203">
        <ele>848.167430</ele>
        <time>2026-09-03T09:12:56.808Z</time>
      </trkpt>
      <trkpt lat="45.323227" lon="6.341112">
        <ele>849.100598</ele>
        <time>2026-09-03T09:13:02.848Z</time>
      </trkpt>
      <trkpt lat="45.323298" lon="6.341023">
        <ele>849.969998</ele>
        <time>2026-09-03T09:13:07.815Z</time>
      </trkpt>
      <trkpt lat="45.323392" lon="6.340960">
        <ele>850.924588</ele>
        <time>2026-09-03T09:13:12.844Z</time>
      </trkpt>
      <trkpt lat="45.323482" lon="6.340908">
        <ele>851.816976</ele>
        <time>2026-09-03T09:13:17.804Z</time>
      </trkpt>
      <trkpt lat="45.323572" lon="6.340868">
        <ele>852.683174</ele>
        <time>2026-09-03T09:13:22.838Z</time>
      </trkpt>
      <trkpt lat="45.323667" lon="6.340842">
        <ele>853.571888</ele>
        <time>2026-09-03T09:13:27.816Z</time>
      </trkpt>
      <trkpt lat="45.323753" lon="6.340752">
        <ele>854.552732</ele>
        <time>2026-09-03T09:13:32.841Z</time>
      </trkpt>
      <trkpt lat="45.323793" lon="6.340630">
        <ele>855.422185</ele>
        <time>2026-09-03T09:13:36.813Z</time>
      </trkpt>
      <trkpt lat="45.323792" lon="6.340485">
        <ele>856.358773</ele>
        <time>2026-09-03T09:13:40.838Z</time>
      </trkpt>
      <trkpt lat="45.323773" lon="6.340358">
        <ele>857.197419</ele>
        <time>2026-09-03T09:13:44.814Z</time>
      </trkpt>
      <trkpt lat="45.323712" lon="6.340243">
        <ele>858.127864</ele>
        <time>2026-09-03T09:13:48.840Z</time>
      </trkpt>
      <trkpt lat="45.323637" lon="6.340153">
        <ele>859.029309</ele>
        <time>2026-09-03T09:13:52.813Z</time>
      </trkpt>
      <trkpt lat="45.323568" lon="6.340068">
        <ele>859.867872</ele>
        <time>2026-09-03T09:13:56.846Z</time>
      </trkpt>
      <trkpt lat="45.323477" lon="6.339978">
        <ele>860.886077</ele>
        <time>2026-09-03T09:14:01.810Z</time>
      </trkpt>
      <trkpt lat="45.323385" lon="6.339890">
        <ele>861.904573</ele>
        <time>2026-09-03T09:14:06.841Z</time>
      </trkpt>
      <trkpt lat="45.323323" lon="6.339792">
        <ele>862.756073</ele>
        <time>2026-09-03T09:14:10.838Z</time>
      </trkpt>
      <trkpt lat="45.323277" lon="6.339682">
        <ele>863.582729</ele>
        <time>2026-09-03T09:14:14.847Z</time>
      </trkpt>
      <trkpt lat="45.323253" lon="6.339532">
        <ele>864.576344</ele>
        <time>2026-09-03T09:14:19.818Z</time>
      </trkpt>
      <trkpt lat="45.323257" lon="6.339390">
        <ele>865.494255</ele>
        <time>2026-09-03T09:14:24.840Z</time>
      </trkpt>
      <trkpt lat="45.323260" lon="6.339245">
        <ele>866.411418</ele>
        <time>2026-09-03T09:14:29.813Z</time>
      </trkpt>
      <trkpt lat="45.323262" lon="6.339087">
        <ele>867.407726</ele>
        <time>2026-09-03T09:14:34.841Z</time>
      </trkpt>
      <trkpt lat="45.323260" lon="6.338935">
        <ele>868.366211</ele>
        <time>2026-09-03T09:14:39.806Z</time>
      </trkpt>
      <trkpt lat="45.323265" lon="6.338787">
        <ele>869.300387</ele>
        <time>2026-09-03T09:14:44.840Z</time>
      </trkpt>
      <trkpt lat="45.323263" lon="6.338653">
        <ele>870.145410</ele>
        <time>2026-09-03T09:14:48.838Z</time>
      </trkpt>
      <trkpt lat="45.323262" lon="6.338523">
        <ele>870.965073</ele>
        <time>2026-09-03T09:14:52.843Z</time>
      </trkpt>
      <trkpt lat="45.323268" lon="6.338373">
        <ele>871.912311</ele>
        <time>2026-09-03T09:14:57.815Z</time>
      </trkpt>
      <trkpt lat="45.323268" lon="6.338233">
        <ele>872.794972</ele>
        <time>2026-09-03T09:15:02.844Z</time>
      </trkpt>
      <trkpt lat="45.323273" lon="6.338097">
        <ele>873.653586</ele>
        <time>2026-09-03T09:15:07.812Z</time>
      </trkpt>
      <trkpt lat="45.323298" lon="6.337962">
        <ele>874.533750</ele>
        <time>2026-09-03T09:15:12.843Z</time>
      </trkpt>
      <trkpt lat="45.323343" lon="6.337850">
        <ele>875.347040</ele>
        <time>2026-09-03T09:15:17.808Z</time>
      </trkpt>
      <trkpt lat="45.323395" lon="6.337725">
        <ele>876.262738</ele>
        <time>2026-09-03T09:15:22.847Z</time>
      </trkpt>
      <trkpt lat="45.323435" lon="6.337602">
        <ele>877.117149</ele>
        <time>2026-09-03T09:15:27.822Z</time>
      </trkpt>
      <trkpt lat="45.323465" lon="6.337478">
        <ele>877.943920</ele>
        <time>2026-09-03T09:15:32.843Z</time>
      </trkpt>
      <trkpt lat="45.323500" lon="6.337360">
        <ele>878.751364</ele>
        <time>2026-09-03T09:15:37.805Z</time>
      </trkpt>
      <trkpt lat="45.323523" lon="6.337235">
        <ele>879.565990</ele>
        <time>2026-09-03T09:15:42.841Z</time>
      </trkpt>
      <trkpt lat="45.323552" lon="6.337107">
        <ele>880.413853</ele>
        <time>2026-09-03T09:15:47.812Z</time>
      </trkpt>
      <trkpt lat="45.323565" lon="6.336977">
        <ele>881.241711</ele>
        <time>2026-09-03T09:15:52.839Z</time>
      </trkpt>
      <trkpt lat="45.323577" lon="6.336848">
        <ele>881.965137</ele>
        <time>2026-09-03T09:15:57.801Z</time>
      </trkpt>
      <trkpt lat="45.323643" lon="6.336735">
        <ele>882.620290</ele>
        <time>2026-09-03T09:16:02.839Z</time>
      </trkpt>
      <trkpt lat="45.323735" lon="6.336728">
        <ele>883.204678</ele>
        <time>2026-09-03T09:16:07.809Z</time>
      </trkpt>
      <trkpt lat="45.323753" lon="6.336867">
        <ele>883.835010</ele>
        <time>2026-09-03T09:16:12.844Z</time>
      </trkpt>
      <trkpt lat="45.323713" lon="6.336992">
        <ele>884.447501</ele>
        <time>2026-09-03T09:16:16.806Z</time>
      </trkpt>
      <trkpt lat="45.323678" lon="6.337133">
        <ele>885.114364</ele>
        <time>2026-09-03T09:16:20.842Z</time>
      </trkpt>
      <trkpt lat="45.323662" lon="6.337268">
        <ele>885.724925</ele>
        <time>2026-09-03T09:16:24.806Z</time>
      </trkpt>
      <trkpt lat="45.323670" lon="6.337407">
        <ele>886.346904</ele>
        <time>2026-09-03T09:16:28.842Z</time>
      </trkpt>
      <trkpt lat="45.323697" lon="6.337545">
        <ele>886.985734</ele>
        <time>2026-09-03T09:16:32.810Z</time>
      </trkpt>
      <trkpt lat="45.323733" lon="6.337667">
        <ele>887.575799</ele>
        <time>2026-09-03T09:16:36.842Z</time>
      </trkpt>
      <trkpt lat="45.323788" lon="6.337803">
        <ele>888.275498</ele>
        <time>2026-09-03T09:16:41.827Z</time>
      </trkpt>
      <trkpt lat="45.323842" lon="6.337908">
        <ele>888.855671</ele>
        <time>2026-09-03T09:16:45.844Z</time>
      </trkpt>
      <trkpt lat="45.323900" lon="6.338015">
        <ele>889.458213</ele>
        <time>2026-09-03T09:16:49.811Z</time>
      </trkpt>
      <trkpt lat="45.323958" lon="6.338147">
        <ele>890.152400</ele>
        <time>2026-09-03T09:16:54.841Z</time>
      </trkpt>
      <trkpt lat="45.324018" lon="6.338265">
        <ele>890.801844</ele>
        <time>2026-09-03T09:16:59.814Z</time>
      </trkpt>
      <trkpt lat="45.324077" lon="6.338365">
        <ele>891.384033</ele>
        <time>2026-09-03T09:17:03.844Z</time>
      </trkpt>
      <trkpt lat="45.324133" lon="6.338470">
        <ele>891.971782</ele>
        <time>2026-09-03T09:17:07.834Z</time>
      </trkpt>
      <trkpt lat="45.324190" lon="6.338570">
        <ele>892.545898</ele>
        <time>2026-09-03T09:17:11.843Z</time>
      </trkpt>
      <trkpt lat="45.324265" lon="6.338678">
        <ele>893.240327</ele>
        <time>2026-09-03T09:17:16.815Z</time>
      </trkpt>
      <trkpt lat="45.324335" lon="6.338770">
        <ele>893.971413</ele>
        <time>2026-09-03T09:17:20.840Z</time>
      </trkpt>
      <trkpt lat="45.324408" lon="6.338853">
        <ele>894.688293</ele>
        <time>2026-09-03T09:17:24.813Z</time>
      </trkpt>
      <trkpt lat="45.324480" lon="6.338947">
        <ele>895.437970</ele>
        <time>2026-09-03T09:17:28.846Z</time>
      </trkpt>
      <trkpt lat="45.324537" lon="6.339050">
        <ele>896.144888</ele>
        <time>2026-09-03T09:17:32.810Z</time>
      </trkpt>
      <trkpt lat="45.324573" lon="6.339190">
        <ele>896.948835</ele>
        <time>2026-09-03T09:17:37.841Z</time>
      </trkpt>
      <trkpt lat="45.324603" lon="6.339322">
        <ele>897.696992</ele>
        <time>2026-09-03T09:17:42.803Z</time>
      </trkpt>
      <trkpt lat="45.324657" lon="6.339442">
        <ele>898.465368</ele>
        <time>2026-09-03T09:17:47.837Z</time>
      </trkpt>
      <trkpt lat="45.324718" lon="6.339542">
        <ele>899.179363</ele>
        <time>2026-09-03T09:17:52.844Z</time>
      </trkpt>
      <trkpt lat="45.324782" lon="6.339655">
        <ele>899.961917</ele>
        <time>2026-09-03T09:17:57.840Z</time>
      </trkpt>
      <trkpt lat="45.324815" lon="6.339793">
        <ele>900.748030</ele>
        <time>2026-09-03T09:18:02.807Z</time>
      </trkpt>
      <trkpt lat="45.324842" lon="6.339932">
        <ele>901.525751</ele>
        <time>2026-09-03T09:18:07.816Z</time>
      </trkpt>
      <trkpt lat="45.324870" lon="6.340070">
        <ele>902.300366</ele>
        <time>2026-09-03T09:18:12.843Z</time>
      </trkpt>
      <trkpt lat="45.324895" lon="6.340210">
        <ele>903.079367</ele>
        <time>2026-09-03T09:18:17.809Z</time>
      </trkpt>
      <trkpt lat="45.324915" lon="6.340343">
        <ele>903.812868</ele>
        <time>2026-09-03T09:18:22.840Z</time>
      </trkpt>
      <trkpt lat="45.324938" lon="6.340482">
        <ele>904.582985</ele>
        <time>2026-09-03T09:18:27.808Z</time>
      </trkpt>
      <trkpt lat="45.324960" lon="6.340617">
        <ele>905.330349</ele>
        <time>2026-09-03T09:18:32.837Z</time>
      </trkpt>
      <trkpt lat="45.324977" lon="6.340743">
        <ele>906.022274</ele>
        <time>2026-09-03T09:18:37.835Z</time>
      </trkpt>
      <trkpt lat="45.324995" lon="6.340880">
        <ele>906.773913</ele>
        <time>2026-09-03T09:18:42.847Z</time>
      </trkpt>
      <trkpt lat="45.325012" lon="6.341008">
        <ele>907.534113</ele>
        <time>2026-09-03T09:18:47.816Z</time>
      </trkpt>
      <trkpt lat="45.325037" lon="6.341135">
        <ele>908.321299</ele>
        <time>2026-09-03T09:18:52.847Z</time>
      </trkpt>
      <trkpt lat="45.325053" lon="6.341262">
        <ele>909.091407</ele>
        <time>2026-09-03T09:18:57.814Z</time>
      </trkpt>
      <trkpt lat="45.325082" lon="6.341385">
        <ele>909.865746</ele>
        <time>2026-09-03T09:19:01.795Z</time>
      </trkpt>
      <trkpt lat="45.325093" lon="6.341525">
        <ele>910.706576</ele>
        <time>2026-09-03T09:19:07.800Z</time>
      </trkpt>
      <trkpt lat="45.325087" lon="6.341657">
        <ele>911.496098</ele>
        <time>2026-09-03T09:19:12.801Z</time>
      </trkpt>
      <trkpt lat="45.325020" lon="6.341763">
        <ele>912.346875</ele>
        <time>2026-09-03T09:19:18.807Z</time>
      </trkpt>
      <trkpt lat="45.324920" lon="6.341815">
        <ele>913.250775</ele>
        <time>2026-09-03T09:19:23.828Z</time>
      </trkpt>
      <trkpt lat="45.324822" lon="6.341858">
        <ele>914.121428</ele>
        <time>2026-09-03T09:19:28.819Z</time>
      </trkpt>
      <trkpt lat="45.324733" lon="6.341897">
        <ele>914.912034</ele>
        <time>2026-09-03T09:19:33.836Z</time>
      </trkpt>
      <trkpt lat="45.324633" lon="6.341938">
        <ele>915.795545</ele>
        <time>2026-09-03T09:19:38.807Z</time>
      </trkpt>
      <trkpt lat="45.324552" lon="6.341995">
        <ele>916.562750</ele>
        <time>2026-09-03T09:19:43.835Z</time>
      </trkpt>
      <trkpt lat="45.324480" lon="6.342087">
        <ele>917.384431</ele>
        <time>2026-09-03T09:19:48.870Z</time>
      </trkpt>
      <trkpt lat="45.324465" lon="6.342220">
        <ele>918.188435</ele>
        <time>2026-09-03T09:19:53.818Z</time>
      </trkpt>
      <trkpt lat="45.324492" lon="6.342347">
        <ele>918.980374</ele>
        <time>2026-09-03T09:19:58.813Z</time>
      </trkpt>
      <trkpt lat="45.324552" lon="6.342465">
        <ele>919.849582</ele>
        <time>2026-09-03T09:20:03.842Z</time>
      </trkpt>
      <trkpt lat="45.324610" lon="6.342580">
        <ele>920.694336</ele>
        <time>2026-09-03T09:20:08.817Z</time>
      </trkpt>
      <trkpt lat="45.324667" lon="6.342705">
        <ele>921.583620</ele>
        <time>2026-09-03T09:20:13.849Z</time>
      </trkpt>
      <trkpt lat="45.324705" lon="6.342833">
        <ele>922.387659</ele>
        <time>2026-09-03T09:20:18.806Z</time>
      </trkpt>
      <trkpt lat="45.324733" lon="6.342958">
        <ele>923.075242</ele>
        <time>2026-09-03T09:20:22.841Z</time>
      </trkpt>
      <trkpt lat="45.324758" lon="6.343112">
        <ele>923.903607</ele>
        <time>2026-09-03T09:20:27.812Z</time>
      </trkpt>
      <trkpt lat="45.324730" lon="6.343255">
        <ele>924.681605</ele>
        <time>2026-09-03T09:20:32.841Z</time>
      </trkpt>
      <trkpt lat="45.324682" lon="6.343390">
        <ele>925.474482</ele>
        <time>2026-09-03T09:20:37.804Z</time>
      </trkpt>
      <trkpt lat="45.324637" lon="6.343525">
        <ele>926.257522</ele>
        <time>2026-09-03T09:20:42.840Z</time>
      </trkpt>
      <trkpt lat="45.324588" lon="6.343648">
        <ele>926.998468</ele>
        <time>2026-09-03T09:20:47.802Z</time>
      </trkpt>
      <trkpt lat="45.324537" lon="6.343765">
        <ele>927.719967</ele>
        <time>2026-09-03T09:20:52.859Z</time>
      </trkpt>
      <trkpt lat="45.324468" lon="6.343860">
        <ele>928.435837</ele>
        <time>2026-09-03T09:20:57.811Z</time>
      </trkpt>
      <trkpt lat="45.324393" lon="6.343975">
        <ele>929.257940</ele>
        <time>2026-09-03T09:21:02.841Z</time>
      </trkpt>
      <trkpt lat="45.324370" lon="6.344107">
        <ele>929.970698</ele>
        <time>2026-09-03T09:21:06.810Z</time>
      </trkpt>
      <trkpt lat="45.324420" lon="6.344223">
        <ele>930.683824</ele>
        <time>2026-09-03T09:21:10.838Z</time>
      </trkpt>
      <trkpt lat="45.324523" lon="6.344212">
        <ele>931.453789</ele>
        <time>2026-09-03T09:21:15.835Z</time>
      </trkpt>
      <trkpt lat="45.324588" lon="6.344120">
        <ele>932.137365</ele>
        <time>2026-09-03T09:21:19.840Z</time>
      </trkpt>
      <trkpt lat="45.324643" lon="6.344015">
        <ele>932.823617</ele>
        <time>2026-09-03T09:21:23.843Z</time>
      </trkpt>
      <trkpt lat="45.324718" lon="6.343905">
        <ele>933.626703</ele>
        <time>2026-09-03T09:21:28.820Z</time>
      </trkpt>
      <trkpt lat="45.324775" lon="6.343797">
        <ele>934.334475</ele>
        <time>2026-09-03T09:21:32.839Z</time>
      </trkpt>
      <trkpt lat="45.324827" lon="6.343677">
        <ele>935.073265</ele>
        <time>2026-09-03T09:21:37.812Z</time>
      </trkpt>
      <trkpt lat="45.324883" lon="6.343565">
        <ele>935.800769</ele>
        <time>2026-09-03T09:21:42.845Z</time>
      </trkpt>
      <trkpt lat="45.324943" lon="6.343453">
        <ele>936.568251</ele>
        <time>2026-09-03T09:21:47.813Z</time>
      </trkpt>
      <trkpt lat="45.325008" lon="6.343343">
        <ele>937.351449</ele>
        <time>2026-09-03T09:21:52.845Z</time>
      </trkpt>
      <trkpt lat="45.325082" lon="6.343255">
        <ele>938.099227</ele>
        <time>2026-09-03T09:21:57.807Z</time>
      </trkpt>
      <trkpt lat="45.325155" lon="6.343173">
        <ele>938.820360</ele>
        <time>2026-09-03T09:22:02.845Z</time>
      </trkpt>
      <trkpt lat="45.325232" lon="6.343082">
        <ele>939.596472</ele>
        <time>2026-09-03T09:22:07.816Z</time>
      </trkpt>
      <trkpt lat="45.325310" lon="6.343002">
        <ele>940.341980</ele>
        <time>2026-09-03T09:22:12.844Z</time>
      </trkpt>
      <trkpt lat="45.325388" lon="6.342902">
        <ele>941.156063</ele>
        <time>2026-09-03T09:22:17.811Z</time>
      </trkpt>
      <trkpt lat="45.325462" lon="6.342813">
        <ele>941.907347</ele>
        <time>2026-09-03T09:22:22.841Z</time>
      </trkpt>
      <trkpt lat="45.325538" lon="6.342698">
        <ele>942.767597</ele>
        <time>2026-09-03T09:22:28.809Z</time>
      </trkpt>
      <trkpt lat="45.325588" lon="6.342578">
        <ele>943.527892</ele>
        <time>2026-09-03T09:22:33.838Z</time>
      </trkpt>
      <trkpt lat="45.325640" lon="6.342462">
        <ele>944.277735</ele>
        <time>2026-09-03T09:22:38.811Z</time>
      </trkpt>
      <trkpt lat="45.325703" lon="6.342367">
        <ele>944.989531</ele>
        <time>2026-09-03T09:22:43.842Z</time>
      </trkpt>
      <trkpt lat="45.325790" lon="6.342305">
        <ele>945.743913</ele>
        <time>2026-09-03T09:22:48.817Z</time>
      </trkpt>
      <trkpt lat="45.325873" lon="6.342235">
        <ele>946.491975</ele>
        <time>2026-09-03T09:22:53.845Z</time>
      </trkpt>
      <trkpt lat="45.325948" lon="6.342143">
        <ele>947.259770</ele>
        <time>2026-09-03T09:22:58.807Z</time>
      </trkpt>
      <trkpt lat="45.325998" lon="6.342022">
        <ele>948.024755</ele>
        <time>2026-09-03T09:23:03.843Z</time>
      </trkpt>
      <trkpt lat="45.326032" lon="6.341880">
        <ele>948.842377</ele>
        <time>2026-09-03T09:23:08.842Z</time>
      </trkpt>
      <trkpt lat="45.326058" lon="6.341730">
        <ele>949.690401</ele>
        <time>2026-09-03T09:23:13.806Z</time>
      </trkpt>
      <trkpt lat="45.326077" lon="6.341588">
        <ele>950.515229</ele>
        <time>2026-09-03T09:23:18.842Z</time>
      </trkpt>
      <trkpt lat="45.326098" lon="6.341443">
        <ele>951.360004</ele>
        <time>2026-09-03T09:23:23.805Z</time>
      </trkpt>
      <trkpt lat="45.326130" lon="6.341315">
        <ele>952.135202</ele>
        <time>2026-09-03T09:23:28.843Z</time>
      </trkpt>
      <trkpt lat="45.326153" lon="6.341173">
        <ele>952.966709</ele>
        <time>2026-09-03T09:23:33.801Z</time>
      </trkpt>
      <trkpt lat="45.326177" lon="6.341030">
        <ele>953.805626</ele>
        <time>2026-09-03T09:23:38.842Z</time>
      </trkpt>
      <trkpt lat="45.326198" lon="6.340883">
        <ele>954.661580</ele>
        <time>2026-09-03T09:23:43.813Z</time>
      </trkpt>
      <trkpt lat="45.326230" lon="6.340758">
        <ele>955.420669</ele>
        <time>2026-09-03T09:23:47.840Z</time>
      </trkpt>
      <trkpt lat="45.326267" lon="6.340628">
        <ele>956.220954</ele>
        <time>2026-09-03T09:23:52.818Z</time>
      </trkpt>
      <trkpt lat="45.326330" lon="6.340503">
        <ele>957.098569</ele>
        <time>2026-09-03T09:23:57.841Z</time>
      </trkpt>
      <trkpt lat="45.326375" lon="6.340392">
        <ele>957.829712</ele>
        <time>2026-09-03T09:24:01.804Z</time>
      </trkpt>
      <trkpt lat="45.326435" lon="6.340283">
        <ele>958.619644</ele>
        <time>2026-09-03T09:24:06.840Z</time>
      </trkpt>
      <trkpt lat="45.326487" lon="6.340173">
        <ele>959.376017</ele>
        <time>2026-09-03T09:24:11.801Z</time>
      </trkpt>
      <trkpt lat="45.326553" lon="6.340052">
        <ele>960.249891</ele>
        <time>2026-09-03T09:24:16.847Z</time>
      </trkpt>
      <trkpt lat="45.326630" lon="6.339965">
        <ele>961.048016</ele>
        <time>2026-09-03T09:24:21.810Z</time>
      </trkpt>
      <trkpt lat="45.326705" lon="6.339865">
        <ele>961.882362</ele>
        <time>2026-09-03T09:24:26.840Z</time>
      </trkpt>
      <trkpt lat="45.326785" lon="6.339772">
        <ele>962.720928</ele>
        <time>2026-09-03T09:24:31.805Z</time>
      </trkpt>
      <trkpt lat="45.326850" lon="6.339660">
        <ele>963.549628</ele>
        <time>2026-09-03T09:24:36.858Z</time>
      </trkpt>
      <trkpt lat="45.326893" lon="6.339533">
        <ele>964.363213</ele>
        <time>2026-09-03T09:24:41.816Z</time>
      </trkpt>
      <trkpt lat="45.326897" lon="6.339395">
        <ele>965.188002</ele>
        <time>2026-09-03T09:24:46.844Z</time>
      </trkpt>
      <trkpt lat="45.326880" lon="6.339265">
        <ele>965.977633</ele>
        <time>2026-09-03T09:24:50.804Z</time>
      </trkpt>
      <trkpt lat="45.326860" lon="6.339128">
        <ele>966.813201</ele>
        <time>2026-09-03T09:24:55.841Z</time>
      </trkpt>
      <trkpt lat="45.326835" lon="6.338987">
        <ele>967.681568</ele>
        <time>2026-09-03T09:25:00.815Z</time>
      </trkpt>
      <trkpt lat="45.326818" lon="6.338850">
        <ele>968.512332</ele>
        <time>2026-09-03T09:25:05.839Z</time>
      </trkpt>
      <trkpt lat="45.326803" lon="6.338712">
        <ele>969.346212</ele>
        <time>2026-09-03T09:25:09.839Z</time>
      </trkpt>
      <trkpt lat="45.326788" lon="6.338568">
        <ele>970.215520</ele>
        <time>2026-09-03T09:25:13.819Z</time>
      </trkpt>
      <trkpt lat="45.326772" lon="6.338427">
        <ele>971.068422</ele>
        <time>2026-09-03T09:25:17.853Z</time>
      </trkpt>
      <trkpt lat="45.326743" lon="6.338287">
        <ele>971.939988</ele>
        <time>2026-09-03T09:25:22.817Z</time>
      </trkpt>
      <trkpt lat="45.326748" lon="6.338150">
        <ele>972.759209</ele>
        <time>2026-09-03T09:25:27.841Z</time>
      </trkpt>
      <trkpt lat="45.326772" lon="6.338017">
        <ele>973.579185</ele>
        <time>2026-09-03T09:25:32.804Z</time>
      </trkpt>
      <trkpt lat="45.326807" lon="6.337892">
        <ele>974.382664</ele>
        <time>2026-09-03T09:25:37.841Z</time>
      </trkpt>
      <trkpt lat="45.326843" lon="6.337760">
        <ele>975.228154</ele>
        <time>2026-09-03T09:25:42.813Z</time>
      </trkpt>
      <trkpt lat="45.326880" lon="6.337627">
        <ele>976.082302</ele>
        <time>2026-09-03T09:25:48.840Z</time>
      </trkpt>
      <trkpt lat="45.326928" lon="6.337515">
        <ele>976.865595</ele>
        <time>2026-09-03T09:25:53.812Z</time>
      </trkpt>
      <trkpt lat="45.327005" lon="6.337428">
        <ele>977.700856</ele>
        <time>2026-09-03T09:25:58.846Z</time>
      </trkpt>
      <trkpt lat="45.327072" lon="6.337340">
        <ele>978.475461</ele>
        <time>2026-09-03T09:26:03.814Z</time>
      </trkpt>
      <trkpt lat="45.327160" lon="6.337247">
        <ele>979.406651</ele>
        <time>2026-09-03T09:26:09.800Z</time>
      </trkpt>
      <trkpt lat="45.327225" lon="6.337152">
        <ele>980.242204</ele>
        <time>2026-09-03T09:26:14.810Z</time>
      </trkpt>
      <trkpt lat="45.327312" lon="6.337087">
        <ele>981.124806</ele>
        <time>2026-09-03T09:26:19.811Z</time>
      </trkpt>
      <trkpt lat="45.327377" lon="6.336993">
        <ele>981.957329</ele>
        <time>2026-09-03T09:26:24.843Z</time>
      </trkpt>
      <trkpt lat="45.327463" lon="6.336890">
        <ele>982.967064</ele>
        <time>2026-09-03T09:26:30.807Z</time>
      </trkpt>
      <trkpt lat="45.327542" lon="6.336802">
        <ele>983.868269</ele>
        <time>2026-09-03T09:26:35.842Z</time>
      </trkpt>
      <trkpt lat="45.327603" lon="6.336703">
        <ele>984.699480</ele>
        <time>2026-09-03T09:26:40.806Z</time>
      </trkpt>
      <trkpt lat="45.327660" lon="6.336600">
        <ele>985.527160</ele>
        <time>2026-09-03T09:26:45.848Z</time>
      </trkpt>
      <trkpt lat="45.327732" lon="6.336498">
        <ele>986.439827</ele>
        <time>2026-09-03T09:26:50.809Z</time>
      </trkpt>
      <trkpt lat="45.327790" lon="6.336377">
        <ele>987.364534</ele>
        <time>2026-09-03T09:26:55.841Z</time>
      </trkpt>
      <trkpt lat="45.327867" lon="6.336278">
        <ele>988.296742</ele>
        <time>2026-09-03T09:27:00.837Z</time>
      </trkpt>
      <trkpt lat="45.327932" lon="6.336158">
        <ele>989.253257</ele>
        <time>2026-09-03T09:27:05.847Z</time>
      </trkpt>
      <trkpt lat="45.327983" lon="6.336052">
        <ele>990.064292</ele>
        <time>2026-09-03T09:27:09.810Z</time>
      </trkpt>
      <trkpt lat="45.328072" lon="6.336012">
        <ele>990.902576</ele>
        <time>2026-09-03T09:27:14.839Z</time>
      </trkpt>
      <trkpt lat="45.328070" lon="6.336163">
        <ele>991.856193</ele>
        <time>2026-09-03T09:27:20.844Z</time>
      </trkpt>
      <trkpt lat="45.328015" lon="6.336273">
        <ele>992.708498</ele>
        <time>2026-09-03T09:27:25.811Z</time>
      </trkpt>
      <trkpt lat="45.327958" lon="6.336380">
        <ele>993.556165</ele>
        <time>2026-09-03T09:27:30.838Z</time>
      </trkpt>
      <trkpt lat="45.327897" lon="6.336493">
        <ele>994.455742</ele>
        <time>2026-09-03T09:27:35.808Z</time>
      </trkpt>
      <trkpt lat="45.327857" lon="6.336610">
        <ele>995.277227</ele>
        <time>2026-09-03T09:27:40.844Z</time>
      </trkpt>
      <trkpt lat="45.327832" lon="6.336747">
        <ele>996.148610</ele>
        <time>2026-09-03T09:27:45.814Z</time>
      </trkpt>
      <trkpt lat="45.327827" lon="6.336885">
        <ele>996.987788</ele>
        <time>2026-09-03T09:27:50.843Z</time>
      </trkpt>
      <trkpt lat="45.327840" lon="6.337030">
        <ele>997.875496</ele>
        <time>2026-09-03T09:27:55.807Z</time>
      </trkpt>
      <trkpt lat="45.327822" lon="6.337157">
        <ele>998.662276</ele>
        <time>2026-09-03T09:27:59.845Z</time>
      </trkpt>
      <trkpt lat="45.327792" lon="6.337308">
        <ele>999.615203</ele>
        <time>2026-09-03T09:28:04.808Z</time>
      </trkpt>
      <trkpt lat="45.327772" lon="6.337443">
        <ele>1000.453056</ele>
        <time>2026-09-03T09:28:09.840Z</time>
      </trkpt>
      <trkpt lat="45.327773" lon="6.337577">
        <ele>1001.266877</ele>
        <time>2026-09-03T09:28:14.813Z</time>
      </trkpt>
      <trkpt lat="45.327778" lon="6.337715">
        <ele>1002.106056</ele>
        <time>2026-09-03T09:28:19.844Z</time>
      </trkpt>
      <trkpt lat="45.327798" lon="6.337855">
        <ele>1002.973643</ele>
        <time>2026-09-03T09:28:24.853Z</time>
      </trkpt>
      <trkpt lat="45.327813" lon="6.337983">
        <ele>1003.761705</ele>
        <time>2026-09-03T09:28:28.806Z</time>
      </trkpt>
      <trkpt lat="45.327873" lon="6.338093">
        <ele>1004.607204</ele>
        <time>2026-09-03T09:28:33.805Z</time>
      </trkpt>
      <trkpt lat="45.327975" lon="6.338120">
        <ele>1005.503408</ele>
        <time>2026-09-03T09:28:38.809Z</time>
      </trkpt>
      <trkpt lat="45.328067" lon="6.338068">
        <ele>1006.358549</ele>
        <time>2026-09-03T09:28:43.811Z</time>
      </trkpt>
      <trkpt lat="45.328120" lon="6.337943">
        <ele>1007.245030</ele>
        <time>2026-09-03T09:28:48.813Z</time>
      </trkpt>
      <trkpt lat="45.328148" lon="6.337815">
        <ele>1008.059121</ele>
        <time>2026-09-03T09:28:53.816Z</time>
      </trkpt>
      <trkpt lat="45.328190" lon="6.337690">
        <ele>1008.900474</ele>
        <time>2026-09-03T09:28:58.839Z</time>
      </trkpt>
      <trkpt lat="45.328225" lon="6.337567">
        <ele>1009.706305</ele>
        <time>2026-09-03T09:29:03.817Z</time>
      </trkpt>
      <trkpt lat="45.328258" lon="6.337443">
        <ele>1010.511490</ele>
        <time>2026-09-03T09:29:08.835Z</time>
      </trkpt>
      <trkpt lat="45.328282" lon="6.337307">
        <ele>1011.390293</ele>
        <time>2026-09-03T09:29:14.851Z</time>
      </trkpt>
      <trkpt lat="45.328310" lon="6.337182">
        <ele>1012.277606</ele>
        <time>2026-09-03T09:29:19.826Z</time>
      </trkpt>
      <trkpt lat="45.328343" lon="6.337050">
        <ele>1013.225155</ele>
        <time>2026-09-03T09:29:25.818Z</time>
      </trkpt>
      <trkpt lat="45.328397" lon="6.336938">
        <ele>1014.143687</ele>
        <time>2026-09-03T09:29:30.844Z</time>
      </trkpt>
      <trkpt lat="45.328447" lon="6.336825">
        <ele>1015.046732</ele>
        <time>2026-09-03T09:29:35.810Z</time>
      </trkpt>
      <trkpt lat="45.328503" lon="6.336717">
        <ele>1015.954369</ele>
        <time>2026-09-03T09:29:40.848Z</time>
      </trkpt>
      <trkpt lat="45.328565" lon="6.336620">
        <ele>1016.841035</ele>
        <time>2026-09-03T09:29:45.809Z</time>
      </trkpt>
      <trkpt lat="45.328637" lon="6.336540">
        <ele>1017.719981</ele>
        <time>2026-09-03T09:29:50.839Z</time>
      </trkpt>
      <trkpt lat="45.328713" lon="6.336468">
        <ele>1018.598452</ele>
        <time>2026-09-03T09:29:55.806Z</time>
      </trkpt>
      <trkpt lat="45.328805" lon="6.336397">
        <ele>1019.605400</ele>
        <time>2026-09-03T09:30:01.813Z</time>
      </trkpt>
      <trkpt lat="45.328900" lon="6.336352">
        <ele>1020.568676</ele>
        <time>2026-09-03T09:30:06.801Z</time>
      </trkpt>
      <trkpt lat="45.328997" lon="6.336293">
        <ele>1021.583587</ele>
        <time>2026-09-03T09:30:12.801Z</time>
      </trkpt>
      <trkpt lat="45.329070" lon="6.336217">
        <ele>1022.453884</ele>
        <time>2026-09-03T09:30:17.805Z</time>
      </trkpt>
      <trkpt lat="45.329163" lon="6.336145">
        <ele>1023.472513</ele>
        <time>2026-09-03T09:30:23.810Z</time>
      </trkpt>
      <trkpt lat="45.329245" lon="6.336090">
        <ele>1024.344685</ele>
        <time>2026-09-03T09:30:28.815Z</time>
      </trkpt>
      <trkpt lat="45.329327" lon="6.336020">
        <ele>1025.264714</ele>
        <time>2026-09-03T09:30:33.836Z</time>
      </trkpt>
      <trkpt lat="45.329402" lon="6.335948">
        <ele>1026.135191</ele>
        <time>2026-09-03T09:30:38.810Z</time>
      </trkpt>
      <trkpt lat="45.329493" lon="6.335878">
        <ele>1027.130456</ele>
        <time>2026-09-03T09:30:44.839Z</time>
      </trkpt>
      <trkpt lat="45.329583" lon="6.335790">
        <ele>1028.181119</ele>
        <time>2026-09-03T09:30:50.809Z</time>
      </trkpt>
      <trkpt lat="45.329672" lon="6.335703">
        <ele>1029.105759</ele>
        <time>2026-09-03T09:30:56.832Z</time>
      </trkpt>
      <trkpt lat="45.329750" lon="6.335620">
        <ele>1029.907893</ele>
        <time>2026-09-03T09:31:01.842Z</time>
      </trkpt>
      <trkpt lat="45.329828" lon="6.335543">
        <ele>1030.689716</ele>
        <time>2026-09-03T09:31:06.815Z</time>
      </trkpt>
      <trkpt lat="45.329918" lon="6.335477">
        <ele>1031.523520</ele>
        <time>2026-09-03T09:31:11.839Z</time>
      </trkpt>
      <trkpt lat="45.329998" lon="6.335407">
        <ele>1032.296945</ele>
        <time>2026-09-03T09:31:16.839Z</time>
      </trkpt>
      <trkpt lat="45.330075" lon="6.335307">
        <ele>1033.155530</ele>
        <time>2026-09-03T09:31:21.842Z</time>
      </trkpt>
      <trkpt lat="45.330152" lon="6.335228">
        <ele>1033.937316</ele>
        <time>2026-09-03T09:31:26.805Z</time>
      </trkpt>
      <trkpt lat="45.330242" lon="6.335145">
        <ele>1034.820558</ele>
        <time>2026-09-03T09:31:31.848Z</time>
      </trkpt>
      <trkpt lat="45.330302" lon="6.335020">
        <ele>1035.696772</ele>
        <time>2026-09-03T09:31:36.810Z</time>
      </trkpt>
      <trkpt lat="45.330350" lon="6.334883">
        <ele>1036.582907</ele>
        <time>2026-09-03T09:31:41.845Z</time>
      </trkpt>
      <trkpt lat="45.330392" lon="6.334735">
        <ele>1037.506856</ele>
        <time>2026-09-03T09:31:46.817Z</time>
      </trkpt>
      <trkpt lat="45.330417" lon="6.334600">
        <ele>1038.315036</ele>
        <time>2026-09-03T09:31:51.848Z</time>
      </trkpt>
      <trkpt lat="45.330420" lon="6.334470">
        <ele>1039.068016</ele>
        <time>2026-09-03T09:31:55.817Z</time>
      </trkpt>
      <trkpt lat="45.330438" lon="6.334308">
        <ele>1040.017480</ele>
        <time>2026-09-03T09:31:59.828Z</time>
      </trkpt>
      <trkpt lat="45.330453" lon="6.334150">
        <ele>1040.940450</ele>
        <time>2026-09-03T09:32:03.850Z</time>
      </trkpt>
      <trkpt lat="45.330495" lon="6.334035">
        <ele>1041.690664</ele>
        <time>2026-09-03T09:32:06.809Z</time>
      </trkpt>
      <trkpt lat="45.330558" lon="6.333908">
        <ele>1042.590473</ele>
        <time>2026-09-03T09:32:10.846Z</time>
      </trkpt>
      <trkpt lat="45.330608" lon="6.333793">
        <ele>1043.373023</ele>
        <time>2026-09-03T09:32:14.806Z</time>
      </trkpt>
      <trkpt lat="45.330658" lon="6.333687">
        <ele>1044.110793</ele>
        <time>2026-09-03T09:32:18.842Z</time>
      </trkpt>
      <trkpt lat="45.330728" lon="6.333580">
        <ele>1044.955562</ele>
        <time>2026-09-03T09:32:23.814Z</time>
      </trkpt>
      <trkpt lat="45.330795" lon="6.333470">
        <ele>1045.796751</ele>
        <time>2026-09-03T09:32:28.843Z</time>
      </trkpt>
      <trkpt lat="45.330853" lon="6.333353">
        <ele>1046.624181</ele>
        <time>2026-09-03T09:32:33.806Z</time>
      </trkpt>
      <trkpt lat="45.330885" lon="6.333217">
        <ele>1047.453069</ele>
        <time>2026-09-03T09:32:38.843Z</time>
      </trkpt>
      <trkpt lat="45.330925" lon="6.333087">
        <ele>1048.273235</ele>
        <time>2026-09-03T09:32:43.810Z</time>
      </trkpt>
      <trkpt lat="45.330960" lon="6.332957">
        <ele>1049.077801</ele>
        <time>2026-09-03T09:32:51.842Z</time>
      </trkpt>
      <trkpt lat="45.330995" lon="6.332722">
        <ele>1050.466159</ele>
        <time>2026-09-03T09:33:25.822Z</time>
      </trkpt>
      <trkpt lat="45.331037" lon="6.332602">
        <ele>1051.240914</ele>
        <time>2026-09-03T09:33:30.821Z</time>
      </trkpt>
      <trkpt lat="45.331092" lon="6.332483">
        <ele>1052.064012</ele>
        <time>2026-09-03T09:33:35.808Z</time>
      </trkpt>
      <trkpt lat="45.331152" lon="6.332378">
        <ele>1052.846060</ele>
        <time>2026-09-03T09:33:40.810Z</time>
      </trkpt>
      <trkpt lat="45.331220" lon="6.332257">
        <ele>1053.741379</ele>
        <time>2026-09-03T09:33:45.828Z</time>
      </trkpt>
      <trkpt lat="45.331300" lon="6.332170">
        <ele>1054.569270</ele>
        <time>2026-09-03T09:33:50.827Z</time>
      </trkpt>
      <trkpt lat="45.331333" lon="6.332040">
        <ele>1055.368098</ele>
        <time>2026-09-03T09:33:55.808Z</time>
      </trkpt>
      <trkpt lat="45.331447" lon="6.331982">
        <ele>1056.363466</ele>
        <time>2026-09-03T09:34:29.826Z</time>
      </trkpt>
      <trkpt lat="45.331520" lon="6.331888">
        <ele>1057.172993</ele>
        <time>2026-09-03T09:34:33.829Z</time>
      </trkpt>
      <trkpt lat="45.331603" lon="6.331803">
        <ele>1058.013803</ele>
        <time>2026-09-03T09:34:38.814Z</time>
      </trkpt>
      <trkpt lat="45.331692" lon="6.331703">
        <ele>1058.900021</ele>
        <time>2026-09-03T09:34:44.804Z</time>
      </trkpt>
      <trkpt lat="45.331775" lon="6.331607">
        <ele>1059.735387</ele>
        <time>2026-09-03T09:34:49.800Z</time>
      </trkpt>
      <trkpt lat="45.331863" lon="6.331513">
        <ele>1060.594759</ele>
        <time>2026-09-03T09:34:55.835Z</time>
      </trkpt>
      <trkpt lat="45.331945" lon="6.331430">
        <ele>1061.380663</ele>
        <time>2026-09-03T09:35:00.811Z</time>
      </trkpt>
      <trkpt lat="45.332012" lon="6.331343">
        <ele>1062.089073</ele>
        <time>2026-09-03T09:35:04.812Z</time>
      </trkpt>
      <trkpt lat="45.332097" lon="6.331248">
        <ele>1062.933210</ele>
        <time>2026-09-03T09:35:09.840Z</time>
      </trkpt>
      <trkpt lat="45.332173" lon="6.331153">
        <ele>1063.723276</ele>
        <time>2026-09-03T09:35:14.813Z</time>
      </trkpt>
      <trkpt lat="45.332262" lon="6.331053">
        <ele>1064.608934</ele>
        <time>2026-09-03T09:35:19.836Z</time>
      </trkpt>
      <trkpt lat="45.332340" lon="6.330970">
        <ele>1065.369601</ele>
        <time>2026-09-03T09:35:23.842Z</time>
      </trkpt>
      <trkpt lat="45.332410" lon="6.330883">
        <ele>1066.095483</ele>
        <time>2026-09-03T09:35:27.804Z</time>
      </trkpt>
      <trkpt lat="45.332488" lon="6.330797">
        <ele>1066.866127</ele>
        <time>2026-09-03T09:35:31.842Z</time>
      </trkpt>
      <trkpt lat="45.332573" lon="6.330717">
        <ele>1067.662025</ele>
        <time>2026-09-03T09:35:35.818Z</time>
      </trkpt>
      <trkpt lat="45.332643" lon="6.330628">
        <ele>1068.395177</ele>
        <time>2026-09-03T09:35:39.837Z</time>
      </trkpt>
      <trkpt lat="45.332707" lon="6.330533">
        <ele>1069.117502</ele>
        <time>2026-09-03T09:35:43.845Z</time>
      </trkpt>
      <trkpt lat="45.332778" lon="6.330447">
        <ele>1069.845710</ele>
        <time>2026-09-03T09:35:47.812Z</time>
      </trkpt>
      <trkpt lat="45.332867" lon="6.330355">
        <ele>1070.704835</ele>
        <time>2026-09-03T09:35:52.840Z</time>
      </trkpt>
      <trkpt lat="45.332948" lon="6.330260">
        <ele>1071.524632</ele>
        <time>2026-09-03T09:35:57.805Z</time>
      </trkpt>
      <trkpt lat="45.333028" lon="6.330178">
        <ele>1072.305805</ele>
        <time>2026-09-03T09:36:02.831Z</time>
      </trkpt>
      <trkpt lat="45.333108" lon="6.330082">
        <ele>1073.163844</ele>
        <time>2026-09-03T09:36:07.832Z</time>
      </trkpt>
      <trkpt lat="45.333183" lon="6.329985">
        <ele>1073.994840</ele>
        <time>2026-09-03T09:36:12.839Z</time>
      </trkpt>
      <trkpt lat="45.333267" lon="6.329907">
        <ele>1074.817212</ele>
        <time>2026-09-03T09:36:17.841Z</time>
      </trkpt>
      <trkpt lat="45.333348" lon="6.329812">
        <ele>1075.677855</ele>
        <time>2026-09-03T09:36:22.815Z</time>
      </trkpt>
      <trkpt lat="45.333412" lon="6.329698">
        <ele>1076.518644</ele>
        <time>2026-09-03T09:36:27.840Z</time>
      </trkpt>
      <trkpt lat="45.333482" lon="6.329600">
        <ele>1077.323816</ele>
        <time>2026-09-03T09:36:32.813Z</time>
      </trkpt>
      <trkpt lat="45.333513" lon="6.329468">
        <ele>1078.125871</ele>
        <time>2026-09-03T09:36:37.839Z</time>
      </trkpt>
      <trkpt lat="45.333510" lon="6.329335">
        <ele>1078.892755</ele>
        <time>2026-09-03T09:36:42.814Z</time>
      </trkpt>
      <trkpt lat="45.333503" lon="6.329188">
        <ele>1079.741870</ele>
        <time>2026-09-03T09:36:47.835Z</time>
      </trkpt>
      <trkpt lat="45.333488" lon="6.329035">
        <ele>1080.632155</ele>
        <time>2026-09-03T09:36:53.846Z</time>
      </trkpt>
      <trkpt lat="45.333465" lon="6.328900">
        <ele>1081.432695</ele>
        <time>2026-09-03T09:36:58.812Z</time>
      </trkpt>
      <trkpt lat="45.333442" lon="6.328767">
        <ele>1082.222037</ele>
        <time>2026-09-03T09:37:03.833Z</time>
      </trkpt>
      <trkpt lat="45.333417" lon="6.328633">
        <ele>1083.021025</ele>
        <time>2026-09-03T09:37:08.844Z</time>
      </trkpt>
      <trkpt lat="45.333395" lon="6.328485">
        <ele>1083.892823</ele>
        <time>2026-09-03T09:37:13.815Z</time>
      </trkpt>
      <trkpt lat="45.333362" lon="6.328347">
        <ele>1084.732884</ele>
        <time>2026-09-03T09:37:18.842Z</time>
      </trkpt>
      <trkpt lat="45.333347" lon="6.328215">
        <ele>1085.503488</ele>
        <time>2026-09-03T09:37:23.815Z</time>
      </trkpt>
      <trkpt lat="45.333320" lon="6.328080">
        <ele>1086.312381</ele>
        <time>2026-09-03T09:37:28.846Z</time>
      </trkpt>
      <trkpt lat="45.333300" lon="6.327952">
        <ele>1087.021410</ele>
        <time>2026-09-03T09:37:33.813Z</time>
      </trkpt>
      <trkpt lat="45.333302" lon="6.327795">
        <ele>1087.758934</ele>
        <time>2026-09-03T09:37:38.842Z</time>
      </trkpt>
      <trkpt lat="45.333383" lon="6.327723">
        <ele>1088.397090</ele>
        <time>2026-09-03T09:37:42.856Z</time>
      </trkpt>
      <trkpt lat="45.333472" lon="6.327822">
        <ele>1089.151944</ele>
        <time>2026-09-03T09:37:47.809Z</time>
      </trkpt>
      <trkpt lat="45.333478" lon="6.327973">
        <ele>1089.862296</ele>
        <time>2026-09-03T09:37:52.837Z</time>
      </trkpt>
      <trkpt lat="45.333480" lon="6.328105">
        <ele>1090.482421</ele>
        <time>2026-09-03T09:37:56.818Z</time>
      </trkpt>
      <trkpt lat="45.333505" lon="6.328232">
        <ele>1091.101862</ele>
        <time>2026-09-03T09:38:00.840Z</time>
      </trkpt>
      <trkpt lat="45.333547" lon="6.328368">
        <ele>1091.799550</ele>
        <time>2026-09-03T09:38:05.846Z</time>
      </trkpt>
      <trkpt lat="45.333587" lon="6.328503">
        <ele>1092.487641</ele>
        <time>2026-09-03T09:38:10.808Z</time>
      </trkpt>
      <trkpt lat="45.333628" lon="6.328635">
        <ele>1093.165441</ele>
        <time>2026-09-03T09:38:15.840Z</time>
      </trkpt>
      <trkpt lat="45.333677" lon="6.328772">
        <ele>1093.887400</ele>
        <time>2026-09-03T09:38:20.813Z</time>
      </trkpt>
      <trkpt lat="45.333725" lon="6.328903">
        <ele>1094.581246</ele>
        <time>2026-09-03T09:38:25.839Z</time>
      </trkpt>
      <trkpt lat="45.333778" lon="6.329045">
        <ele>1095.336368</ele>
        <time>2026-09-03T09:38:30.842Z</time>
      </trkpt>
      <trkpt lat="45.333837" lon="6.329170">
        <ele>1096.043529</ele>
        <time>2026-09-03T09:38:34.810Z</time>
      </trkpt>
      <trkpt lat="45.333900" lon="6.329287">
        <ele>1096.735738</ele>
        <time>2026-09-03T09:38:38.848Z</time>
      </trkpt>
      <trkpt lat="45.333952" lon="6.329408">
        <ele>1097.401834</ele>
        <time>2026-09-03T09:38:42.811Z</time>
      </trkpt>
      <trkpt lat="45.333987" lon="6.329542">
        <ele>1098.073242</ele>
        <time>2026-09-03T09:38:46.841Z</time>
      </trkpt>
      <trkpt lat="45.334015" lon="6.329680">
        <ele>1098.747855</ele>
        <time>2026-09-03T09:38:50.808Z</time>
      </trkpt>
      <trkpt lat="45.334027" lon="6.329818">
        <ele>1099.304626</ele>
        <time>2026-09-03T09:38:54.839Z</time>
      </trkpt>
      <trkpt lat="45.334008" lon="6.329952">
        <ele>1099.837739</ele>
        <time>2026-09-03T09:38:58.816Z</time>
      </trkpt>
      <trkpt lat="45.333972" lon="6.330098">
        <ele>1100.441138</ele>
        <time>2026-09-03T09:39:03.847Z</time>
      </trkpt>
      <trkpt lat="45.333943" lon="6.330240">
        <ele>1101.017822</ele>
        <time>2026-09-03T09:39:07.801Z</time>
      </trkpt>
      <trkpt lat="45.333932" lon="6.330392">
        <ele>1101.613742</ele>
        <time>2026-09-03T09:39:11.834Z</time>
      </trkpt>
      <trkpt lat="45.333883" lon="6.330523">
        <ele>1102.192452</ele>
        <time>2026-09-03T09:39:15.839Z</time>
      </trkpt>
      <trkpt lat="45.333848" lon="6.330662">
        <ele>1102.768267</ele>
        <time>2026-09-03T09:39:19.812Z</time>
      </trkpt>
      <trkpt lat="45.333815" lon="6.330788">
        <ele>1103.292654</ele>
        <time>2026-09-03T09:39:23.834Z</time>
      </trkpt>
      <trkpt lat="45.333778" lon="6.330913">
        <ele>1103.821598</ele>
        <time>2026-09-03T09:39:27.845Z</time>
      </trkpt>
      <trkpt lat="45.333752" lon="6.331047">
        <ele>1104.363729</ele>
        <time>2026-09-03T09:39:31.811Z</time>
      </trkpt>
      <trkpt lat="45.333722" lon="6.331197">
        <ele>1104.971934</ele>
        <time>2026-09-03T09:39:36.825Z</time>
      </trkpt>
      <trkpt lat="45.333703" lon="6.331323">
        <ele>1105.474503</ele>
        <time>2026-09-03T09:39:40.845Z</time>
      </trkpt>
      <trkpt lat="45.333692" lon="6.331475">
        <ele>1106.070426</ele>
        <time>2026-09-03T09:39:45.815Z</time>
      </trkpt>
      <trkpt lat="45.333673" lon="6.331607">
        <ele>1106.595898</ele>
        <time>2026-09-03T09:39:49.839Z</time>
      </trkpt>
      <trkpt lat="45.333622" lon="6.331718">
        <ele>1107.113052</ele>
        <time>2026-09-03T09:39:53.809Z</time>
      </trkpt>
      <trkpt lat="45.333578" lon="6.331850">
        <ele>1107.682786</ele>
        <time>2026-09-03T09:39:58.846Z</time>
      </trkpt>
      <trkpt lat="45.333515" lon="6.331975">
        <ele>1108.282624</ele>
        <time>2026-09-03T09:40:03.812Z</time>
      </trkpt>
      <trkpt lat="45.333475" lon="6.332090">
        <ele>1108.783014</ele>
        <time>2026-09-03T09:40:07.841Z</time>
      </trkpt>
      <trkpt lat="45.333420" lon="6.332215">
        <ele>1109.845589</ele>
        <time>2026-09-03T09:40:13.810Z</time>
      </trkpt>
      <trkpt lat="45.333372" lon="6.332348">
        <ele>1110.948715</ele>
        <time>2026-09-03T09:40:18.834Z</time>
      </trkpt>
      <trkpt lat="45.333330" lon="6.332475">
        <ele>1111.984313</ele>
        <time>2026-09-03T09:40:23.841Z</time>
      </trkpt>
      <trkpt lat="45.333287" lon="6.332600">
        <ele>1113.011148</ele>
        <time>2026-09-03T09:40:28.812Z</time>
      </trkpt>
      <trkpt lat="45.333253" lon="6.332732">
        <ele>1114.048447</ele>
        <time>2026-09-03T09:40:33.843Z</time>
      </trkpt>
      <trkpt lat="45.333227" lon="6.332882">
        <ele>1115.188388</ele>
        <time>2026-09-03T09:40:38.820Z</time>
      </trkpt>
      <trkpt lat="45.333198" lon="6.333028">
        <ele>1116.307845</ele>
        <time>2026-09-03T09:40:44.835Z</time>
      </trkpt>
      <trkpt lat="45.333187" lon="6.333167">
        <ele>1117.339952</ele>
        <time>2026-09-03T09:40:49.842Z</time>
      </trkpt>
      <trkpt lat="45.333152" lon="6.333302">
        <ele>1118.401650</ele>
        <time>2026-09-03T09:40:55.812Z</time>
      </trkpt>
      <trkpt lat="45.333060" lon="6.333392">
        <ele>1119.573604</ele>
        <time>2026-09-03T09:41:02.806Z</time>
      </trkpt>
      <trkpt lat="45.333012" lon="6.333520">
        <ele>1120.644047</ele>
        <time>2026-09-03T09:41:07.800Z</time>
      </trkpt>
      <trkpt lat="45.332973" lon="6.333648">
        <ele>1121.673410</ele>
        <time>2026-09-03T09:41:13.810Z</time>
      </trkpt>
      <trkpt lat="45.332947" lon="6.333792">
        <ele>1122.770423</ele>
        <time>2026-09-03T09:41:19.798Z</time>
      </trkpt>
      <trkpt lat="45.332953" lon="6.333922">
        <ele>1123.731714</ele>
        <time>2026-09-03T09:41:25.810Z</time>
      </trkpt>
      <trkpt lat="45.332960" lon="6.334053">
        <ele>1124.701106</ele>
        <time>2026-09-03T09:41:30.840Z</time>
      </trkpt>
      <trkpt lat="45.332997" lon="6.334183">
        <ele>1125.735966</ele>
        <time>2026-09-03T09:41:36.812Z</time>
      </trkpt>
      <trkpt lat="45.333012" lon="6.334332">
        <ele>1126.846602</ele>
        <time>2026-09-03T09:41:41.802Z</time>
      </trkpt>
      <trkpt lat="45.333007" lon="6.334460">
        <ele>1127.798649</ele>
        <time>2026-09-03T09:41:46.807Z</time>
      </trkpt>
      <trkpt lat="45.332965" lon="6.334588">
        <ele>1128.903481</ele>
        <time>2026-09-03T09:41:52.815Z</time>
      </trkpt>
      <trkpt lat="45.332920" lon="6.334708">
        <ele>1129.967245</ele>
        <time>2026-09-03T09:41:58.809Z</time>
      </trkpt>
      <trkpt lat="45.332883" lon="6.334833">
        <ele>1131.028060</ele>
        <time>2026-09-03T09:42:03.808Z</time>
      </trkpt>
      <trkpt lat="45.332817" lon="6.334947">
        <ele>1132.183160</ele>
        <time>2026-09-03T09:42:09.807Z</time>
      </trkpt>
      <trkpt lat="45.332748" lon="6.335063">
        <ele>1133.371661</ele>
        <time>2026-09-03T09:42:15.830Z</time>
      </trkpt>
      <trkpt lat="45.332658" lon="6.335135">
        <ele>1134.520497</ele>
        <time>2026-09-03T09:42:20.824Z</time>
      </trkpt>
      <trkpt lat="45.332568" lon="6.335217">
        <ele>1135.709629</ele>
        <time>2026-09-03T09:42:27.844Z</time>
      </trkpt>
      <trkpt lat="45.332482" lon="6.335267">
        <ele>1136.743302</ele>
        <time>2026-09-03T09:42:32.817Z</time>
      </trkpt>
      <trkpt lat="45.332397" lon="6.335335">
        <ele>1137.828315</ele>
        <time>2026-09-03T09:42:37.849Z</time>
      </trkpt>
      <trkpt lat="45.332337" lon="6.335433">
        <ele>1138.844768</ele>
        <time>2026-09-03T09:42:42.811Z</time>
      </trkpt>
      <trkpt lat="45.332292" lon="6.335570">
        <ele>1140.027516</ele>
        <time>2026-09-03T09:42:48.839Z</time>
      </trkpt>
      <trkpt lat="45.332245" lon="6.335702">
        <ele>1141.184835</ele>
        <time>2026-09-03T09:42:54.815Z</time>
      </trkpt>
      <trkpt lat="45.332217" lon="6.335838">
        <ele>1142.293245</ele>
        <time>2026-09-03T09:42:59.842Z</time>
      </trkpt>
      <trkpt lat="45.332180" lon="6.335965">
        <ele>1143.368506</ele>
        <time>2026-09-03T09:43:04.840Z</time>
      </trkpt>
      <trkpt lat="45.332122" lon="6.336087">
        <ele>1144.520452</ele>
        <time>2026-09-03T09:43:11.806Z</time>
      </trkpt>
      <trkpt lat="45.332078" lon="6.336200">
        <ele>1145.530810</ele>
        <time>2026-09-03T09:43:16.839Z</time>
      </trkpt>
      <trkpt lat="45.332028" lon="6.336338">
        <ele>1146.745110</ele>
        <time>2026-09-03T09:43:22.843Z</time>
      </trkpt>
      <trkpt lat="45.332002" lon="6.336473">
        <ele>1147.802932</ele>
        <time>2026-09-03T09:43:27.811Z</time>
      </trkpt>
      <trkpt lat="45.331973" lon="6.336617">
        <ele>1148.659666</ele>
        <time>2026-09-03T09:43:32.845Z</time>
      </trkpt>
      <trkpt lat="45.331942" lon="6.336742">
        <ele>1149.417785</ele>
        <time>2026-09-03T09:43:37.809Z</time>
      </trkpt>
      <trkpt lat="45.331900" lon="6.336873">
        <ele>1150.241279</ele>
        <time>2026-09-03T09:43:43.843Z</time>
      </trkpt>
      <trkpt lat="45.331862" lon="6.336993">
        <ele>1150.994035</ele>
        <time>2026-09-03T09:43:48.815Z</time>
      </trkpt>
      <trkpt lat="45.331845" lon="6.337120">
        <ele>1151.733462</ele>
        <time>2026-09-03T09:43:53.843Z</time>
      </trkpt>
      <trkpt lat="45.331835" lon="6.337265">
        <ele>1152.566770</ele>
        <time>2026-09-03T09:43:58.815Z</time>
      </trkpt>
      <trkpt lat="45.331830" lon="6.337403">
        <ele>1153.357108</ele>
        <time>2026-09-03T09:44:03.839Z</time>
      </trkpt>
      <trkpt lat="45.331837" lon="6.337540">
        <ele>1154.142746</ele>
        <time>2026-09-03T09:44:08.808Z</time>
      </trkpt>
      <trkpt lat="45.331827" lon="6.337677">
        <ele>1154.930529</ele>
        <time>2026-09-03T09:44:13.835Z</time>
      </trkpt>
      <trkpt lat="45.331807" lon="6.337803">
        <ele>1155.669328</ele>
        <time>2026-09-03T09:44:18.842Z</time>
      </trkpt>
      <trkpt lat="45.331817" lon="6.337952">
        <ele>1156.525408</ele>
        <time>2026-09-03T09:44:23.817Z</time>
      </trkpt>
      <trkpt lat="45.331863" lon="6.338087">
        <ele>1157.383458</ele>
        <time>2026-09-03T09:44:29.837Z</time>
      </trkpt>
      <trkpt lat="45.332048" lon="6.338270">
        <ele>1159.216742</ele>
        <time>2026-09-03T09:45:09.807Z</time>
      </trkpt>
      <trkpt lat="45.332130" lon="6.338355">
        <ele>1160.042225</ele>
        <time>2026-09-03T09:45:14.800Z</time>
      </trkpt>
      <trkpt lat="45.332188" lon="6.338477">
        <ele>1160.884578</ele>
        <time>2026-09-03T09:45:20.803Z</time>
      </trkpt>
      <trkpt lat="45.332258" lon="6.338577">
        <ele>1161.691710</ele>
        <time>2026-09-03T09:45:25.800Z</time>
      </trkpt>
      <trkpt lat="45.332295" lon="6.338722">
        <ele>1162.680198</ele>
        <time>2026-09-03T09:45:31.813Z</time>
      </trkpt>
      <trkpt lat="45.332292" lon="6.338863">
        <ele>1163.846761</ele>
        <time>2026-09-03T09:45:37.823Z</time>
      </trkpt>
      <trkpt lat="45.332308" lon="6.339013">
        <ele>1165.101416</ele>
        <time>2026-09-03T09:45:43.808Z</time>
      </trkpt>
      <trkpt lat="45.332320" lon="6.339145">
        <ele>1166.202107</ele>
        <time>2026-09-03T09:45:48.834Z</time>
      </trkpt>
      <trkpt lat="45.332325" lon="6.339285">
        <ele>1167.361360</ele>
        <time>2026-09-03T09:45:54.811Z</time>
      </trkpt>
      <trkpt lat="45.332357" lon="6.339415">
        <ele>1168.500421</ele>
        <time>2026-09-03T09:46:00.807Z</time>
      </trkpt>
      <trkpt lat="45.332393" lon="6.339540">
        <ele>1169.617517</ele>
        <time>2026-09-03T09:46:05.842Z</time>
      </trkpt>
      <trkpt lat="45.332440" lon="6.339663">
        <ele>1170.775241</ele>
        <time>2026-09-03T09:46:10.808Z</time>
      </trkpt>
      <trkpt lat="45.332453" lon="6.339803">
        <ele>1171.943054</ele>
        <time>2026-09-03T09:46:16.835Z</time>
      </trkpt>
      <trkpt lat="45.332470" lon="6.339940">
        <ele>1173.093516</ele>
        <time>2026-09-03T09:46:22.807Z</time>
      </trkpt>
      <trkpt lat="45.332480" lon="6.340075">
        <ele>1174.216104</ele>
        <time>2026-09-03T09:46:28.834Z</time>
      </trkpt>
      <trkpt lat="45.332467" lon="6.340203">
        <ele>1175.285613</ele>
        <time>2026-09-03T09:46:33.808Z</time>
      </trkpt>
      <trkpt lat="45.332480" lon="6.340342">
        <ele>1176.445228</ele>
        <time>2026-09-03T09:46:38.812Z</time>
      </trkpt>
      <trkpt lat="45.332488" lon="6.340487">
        <ele>1177.648020</ele>
        <time>2026-09-03T09:46:44.845Z</time>
      </trkpt>
      <trkpt lat="45.332487" lon="6.340622">
        <ele>1178.764489</ele>
        <time>2026-09-03T09:46:49.811Z</time>
      </trkpt>
      <trkpt lat="45.332493" lon="6.340775">
        <ele>1180.031718</ele>
        <time>2026-09-03T09:46:55.835Z</time>
      </trkpt>
      <trkpt lat="45.332498" lon="6.340920">
        <ele>1181.232264</ele>
        <time>2026-09-03T09:47:01.810Z</time>
      </trkpt>
      <trkpt lat="45.332493" lon="6.341057">
        <ele>1182.366736</ele>
        <time>2026-09-03T09:47:06.836Z</time>
      </trkpt>
      <trkpt lat="45.332455" lon="6.341182">
        <ele>1183.492960</ele>
        <time>2026-09-03T09:47:11.810Z</time>
      </trkpt>
      <trkpt lat="45.332407" lon="6.341297">
        <ele>1184.374978</ele>
        <time>2026-09-03T09:47:16.843Z</time>
      </trkpt>
      <trkpt lat="45.332352" lon="6.341418">
        <ele>1185.324969</ele>
        <time>2026-09-03T09:47:21.811Z</time>
      </trkpt>
      <trkpt lat="45.332283" lon="6.341513">
        <ele>1186.225557</ele>
        <time>2026-09-03T09:47:26.840Z</time>
      </trkpt>
      <trkpt lat="45.332210" lon="6.341602">
        <ele>1187.127239</ele>
        <time>2026-09-03T09:47:31.794Z</time>
      </trkpt>
      <trkpt lat="45.332155" lon="6.341715">
        <ele>1188.033392</ele>
        <time>2026-09-03T09:47:36.824Z</time>
      </trkpt>
      <trkpt lat="45.332090" lon="6.341813">
        <ele>1188.921696</ele>
        <time>2026-09-03T09:47:41.807Z</time>
      </trkpt>
      <trkpt lat="45.332023" lon="6.341905">
        <ele>1189.795053</ele>
        <time>2026-09-03T09:47:46.837Z</time>
      </trkpt>
      <trkpt lat="45.331940" lon="6.342003">
        <ele>1190.806687</ele>
        <time>2026-09-03T09:47:52.820Z</time>
      </trkpt>
      <trkpt lat="45.331868" lon="6.342093">
        <ele>1191.705609</ele>
        <time>2026-09-03T09:47:57.838Z</time>
      </trkpt>
      <trkpt lat="45.331790" lon="6.342177">
        <ele>1192.623129</ele>
        <time>2026-09-03T09:48:02.814Z</time>
      </trkpt>
      <trkpt lat="45.331710" lon="6.342247">
        <ele>1193.503991</ele>
        <time>2026-09-03T09:48:07.843Z</time>
      </trkpt>
      <trkpt lat="45.331650" lon="6.342343">
        <ele>1194.350898</ele>
        <time>2026-09-03T09:48:13.810Z</time>
      </trkpt>
      <trkpt lat="45.331588" lon="6.342453">
        <ele>1195.280457</ele>
        <time>2026-09-03T09:48:18.820Z</time>
      </trkpt>
      <trkpt lat="45.331527" lon="6.342565">
        <ele>1196.214568</ele>
        <time>2026-09-03T09:48:23.815Z</time>
      </trkpt>
      <trkpt lat="45.331465" lon="6.342680">
        <ele>1197.170071</ele>
        <time>2026-09-03T09:48:28.799Z</time>
      </trkpt>
      <trkpt lat="45.331410" lon="6.342807">
        <ele>1198.153526</ele>
        <time>2026-09-03T09:48:33.807Z</time>
      </trkpt>
      <trkpt lat="45.331343" lon="6.342930">
        <ele>1199.179433</ele>
        <time>2026-09-03T09:48:38.808Z</time>
      </trkpt>
      <trkpt lat="45.331283" lon="6.343040">
        <ele>1200.097379</ele>
        <time>2026-09-03T09:48:44.832Z</time>
      </trkpt>
      <trkpt lat="45.331222" lon="6.343165">
        <ele>1201.140978</ele>
        <time>2026-09-03T09:48:50.801Z</time>
      </trkpt>
      <trkpt lat="45.331128" lon="6.343233">
        <ele>1202.184104</ele>
        <time>2026-09-03T09:48:56.840Z</time>
      </trkpt>
      <trkpt lat="45.331035" lon="6.343273">
        <ele>1203.145140</ele>
        <time>2026-09-03T09:49:01.813Z</time>
      </trkpt>
      <trkpt lat="45.330938" lon="6.343312">
        <ele>1204.142201</ele>
        <time>2026-09-03T09:49:06.835Z</time>
      </trkpt>
      <trkpt lat="45.330847" lon="6.343373">
        <ele>1205.137263</ele>
        <time>2026-09-03T09:49:12.808Z</time>
      </trkpt>
      <trkpt lat="45.330758" lon="6.343413">
        <ele>1206.060498</ele>
        <time>2026-09-03T09:49:17.835Z</time>
      </trkpt>
      <trkpt lat="45.330662" lon="6.343470">
        <ele>1207.089481</ele>
        <time>2026-09-03T09:49:23.845Z</time>
      </trkpt>
      <trkpt lat="45.330582" lon="6.343553">
        <ele>1208.068921</ele>
        <time>2026-09-03T09:49:29.817Z</time>
      </trkpt>
      <trkpt lat="45.330505" lon="6.343623">
        <ele>1208.972824</ele>
        <time>2026-09-03T09:49:34.845Z</time>
      </trkpt>
      <trkpt lat="45.330408" lon="6.343730">
        <ele>1210.186994</ele>
        <time>2026-09-03T09:50:04.807Z</time>
      </trkpt>
      <trkpt lat="45.330303" lon="6.343767">
        <ele>1211.256991</ele>
        <time>2026-09-03T09:50:10.802Z</time>
      </trkpt>
      <trkpt lat="45.330213" lon="6.343798">
        <ele>1212.172949</ele>
        <time>2026-09-03T09:50:15.805Z</time>
      </trkpt>
      <trkpt lat="45.330108" lon="6.343787">
        <ele>1213.214363</ele>
        <time>2026-09-03T09:50:20.826Z</time>
      </trkpt>
      <trkpt lat="45.330007" lon="6.343787">
        <ele>1214.213398</ele>
        <time>2026-09-03T09:50:25.858Z</time>
      </trkpt>
      <trkpt lat="45.329918" lon="6.343853">
        <ele>1215.206191</ele>
        <time>2026-09-03T09:50:30.819Z</time>
      </trkpt>
      <trkpt lat="45.329878" lon="6.343983">
        <ele>1216.192993</ele>
        <time>2026-09-03T09:51:26.814Z</time>
      </trkpt>
      <trkpt lat="45.329913" lon="6.344113">
        <ele>1217.161025</ele>
        <time>2026-09-03T09:51:32.830Z</time>
      </trkpt>
      <trkpt lat="45.329900" lon="6.344265">
        <ele>1218.230067</ele>
        <time>2026-09-03T09:51:44.800Z</time>
      </trkpt>
      <trkpt lat="45.329853" lon="6.344380">
        <ele>1219.209827</ele>
        <time>2026-09-03T09:51:49.832Z</time>
      </trkpt>
      <trkpt lat="45.329812" lon="6.344513">
        <ele>1220.279476</ele>
        <time>2026-09-03T09:51:56.810Z</time>
      </trkpt>
      <trkpt lat="45.329783" lon="6.344637">
        <ele>1221.242007</ele>
        <time>2026-09-03T09:52:02.842Z</time>
      </trkpt>
      <trkpt lat="45.329828" lon="6.344768">
        <ele>1222.315909</ele>
        <time>2026-09-03T09:52:52.806Z</time>
      </trkpt>
      <trkpt lat="45.329802" lon="6.344915">
        <ele>1223.432376</ele>
        <time>2026-09-03T09:52:58.837Z</time>
      </trkpt>
      <trkpt lat="45.329782" lon="6.345043">
        <ele>1224.398163</ele>
        <time>2026-09-03T09:53:03.796Z</time>
      </trkpt>
      <trkpt lat="45.329777" lon="6.345173">
        <ele>1225.357109</ele>
        <time>2026-09-03T09:53:08.822Z</time>
      </trkpt>
      <trkpt lat="45.329795" lon="6.345333">
        <ele>1226.550581</ele>
        <time>2026-09-03T09:53:14.798Z</time>
      </trkpt>
      <trkpt lat="45.329812" lon="6.345472">
        <ele>1227.589761</ele>
        <time>2026-09-03T09:53:19.836Z</time>
      </trkpt>
      <trkpt lat="45.329823" lon="6.345618">
        <ele>1228.671280</ele>
        <time>2026-09-03T09:53:25.807Z</time>
      </trkpt>
      <trkpt lat="45.329777" lon="6.345757">
        <ele>1229.802843</ele>
        <time>2026-09-03T09:53:31.832Z</time>
      </trkpt>
      <trkpt lat="45.329708" lon="6.345860">
        <ele>1230.850761</ele>
        <time>2026-09-03T09:53:36.804Z</time>
      </trkpt>
      <trkpt lat="45.329632" lon="6.345962">
        <ele>1231.945486</ele>
        <time>2026-09-03T09:53:41.828Z</time>
      </trkpt>
      <trkpt lat="45.329542" lon="6.346040">
        <ele>1233.049640</ele>
        <time>2026-09-03T09:53:46.809Z</time>
      </trkpt>
      <trkpt lat="45.329472" lon="6.346127">
        <ele>1234.023535</ele>
        <time>2026-09-03T09:53:51.810Z</time>
      </trkpt>
      <trkpt lat="45.329398" lon="6.346220">
        <ele>1235.058082</ele>
        <time>2026-09-03T09:53:57.827Z</time>
      </trkpt>
      <trkpt lat="45.329327" lon="6.346303">
        <ele>1236.020922</ele>
        <time>2026-09-03T09:54:02.840Z</time>
      </trkpt>
      <trkpt lat="45.329245" lon="6.346402">
        <ele>1237.122903</ele>
        <time>2026-09-03T09:54:08.803Z</time>
      </trkpt>
      <trkpt lat="45.329192" lon="6.346513">
        <ele>1237.947071</ele>
        <time>2026-09-03T09:54:14.841Z</time>
      </trkpt>
      <trkpt lat="45.329155" lon="6.346650">
        <ele>1238.848516</ele>
        <time>2026-09-03T09:54:20.810Z</time>
      </trkpt>
      <trkpt lat="45.329133" lon="6.346783">
        <ele>1239.687745</ele>
        <time>2026-09-03T09:54:26.833Z</time>
      </trkpt>
      <trkpt lat="45.329130" lon="6.346912">
        <ele>1240.480531</ele>
        <time>2026-09-03T09:54:31.845Z</time>
      </trkpt>
      <trkpt lat="45.329140" lon="6.347043">
        <ele>1241.289896</ele>
        <time>2026-09-03T09:54:36.820Z</time>
      </trkpt>
      <trkpt lat="45.329155" lon="6.347193">
        <ele>1242.220510</ele>
        <time>2026-09-03T09:54:42.843Z</time>
      </trkpt>
      <trkpt lat="45.329195" lon="6.347322">
        <ele>1243.086507</ele>
        <time>2026-09-03T09:54:47.808Z</time>
      </trkpt>
      <trkpt lat="45.329213" lon="6.347450">
        <ele>1243.888290</ele>
        <time>2026-09-03T09:54:52.838Z</time>
      </trkpt>
      <trkpt lat="45.329232" lon="6.347585">
        <ele>1244.733947</ele>
        <time>2026-09-03T09:54:57.809Z</time>
      </trkpt>
      <trkpt lat="45.329240" lon="6.347722">
        <ele>1245.578334</ele>
        <time>2026-09-03T09:55:03.838Z</time>
      </trkpt>
      <trkpt lat="45.329188" lon="6.347840">
        <ele>1246.433738</ele>
        <time>2026-09-03T09:55:09.809Z</time>
      </trkpt>
      <trkpt lat="45.329163" lon="6.347985">
        <ele>1247.350758</ele>
        <time>2026-09-03T09:55:14.840Z</time>
      </trkpt>
      <trkpt lat="45.329133" lon="6.348132">
        <ele>1248.290944</ele>
        <time>2026-09-03T09:55:20.807Z</time>
      </trkpt>
      <trkpt lat="45.329128" lon="6.348283">
        <ele>1249.219454</ele>
        <time>2026-09-03T09:55:25.838Z</time>
      </trkpt>
      <trkpt lat="45.329107" lon="6.348425">
        <ele>1250.110744</ele>
        <time>2026-09-03T09:55:30.843Z</time>
      </trkpt>
      <trkpt lat="45.329088" lon="6.348572">
        <ele>1251.028790</ele>
        <time>2026-09-03T09:55:35.815Z</time>
      </trkpt>
      <trkpt lat="45.329055" lon="6.348698">
        <ele>1251.854676</ele>
        <time>2026-09-03T09:55:40.843Z</time>
      </trkpt>
      <trkpt lat="45.329050" lon="6.348830">
        <ele>1252.666632</ele>
        <time>2026-09-03T09:55:45.811Z</time>
      </trkpt>
      <trkpt lat="45.329063" lon="6.348973">
        <ele>1253.306897</ele>
        <time>2026-09-03T09:55:50.822Z</time>
      </trkpt>
      <trkpt lat="45.329077" lon="6.349110">
        <ele>1253.908768</ele>
        <time>2026-09-03T09:55:55.837Z</time>
      </trkpt>
      <trkpt lat="45.329090" lon="6.349253">
        <ele>1254.535640</ele>
        <time>2026-09-03T09:56:00.818Z</time>
      </trkpt>
      <trkpt lat="45.329107" lon="6.349405">
        <ele>1255.204774</ele>
        <time>2026-09-03T09:56:05.840Z</time>
      </trkpt>
      <trkpt lat="45.329147" lon="6.349528">
        <ele>1255.793958</ele>
        <time>2026-09-03T09:56:09.842Z</time>
      </trkpt>
      <trkpt lat="45.329205" lon="6.349667">
        <ele>1256.496687</ele>
        <time>2026-09-03T09:56:14.803Z</time>
      </trkpt>
      <trkpt lat="45.329272" lon="6.349787">
        <ele>1257.162898</ele>
        <time>2026-09-03T09:56:18.840Z</time>
      </trkpt>
      <trkpt lat="45.329327" lon="6.349907">
        <ele>1257.785676</ele>
        <time>2026-09-03T09:56:22.840Z</time>
      </trkpt>
      <trkpt lat="45.329395" lon="6.349992">
        <ele>1258.345484</ele>
        <time>2026-09-03T09:56:25.846Z</time>
      </trkpt>
      <trkpt lat="45.329477" lon="6.350112">
        <ele>1259.073017</ele>
        <time>2026-09-03T09:56:29.841Z</time>
      </trkpt>
      <trkpt lat="45.329542" lon="6.350213">
        <ele>1259.668312</ele>
        <time>2026-09-03T09:56:32.836Z</time>
      </trkpt>
      <trkpt lat="45.329587" lon="6.350348">
        <ele>1260.317852</ele>
        <time>2026-09-03T09:56:36.812Z</time>
      </trkpt>
      <trkpt lat="45.329613" lon="6.350492">
        <ele>1260.964207</ele>
        <time>2026-09-03T09:56:40.846Z</time>
      </trkpt>
      <trkpt lat="45.329627" lon="6.350635">
        <ele>1261.591896</ele>
        <time>2026-09-03T09:56:44.813Z</time>
      </trkpt>
      <trkpt lat="45.329640" lon="6.350770">
        <ele>1262.184287</ele>
        <time>2026-09-03T09:56:48.844Z</time>
      </trkpt>
      <trkpt lat="45.329658" lon="6.350908">
        <ele>1262.794478</ele>
        <time>2026-09-03T09:56:52.813Z</time>
      </trkpt>
      <trkpt lat="45.329670" lon="6.351048">
        <ele>1263.407632</ele>
        <time>2026-09-03T09:56:56.840Z</time>
      </trkpt>
      <trkpt lat="45.329708" lon="6.351190">
        <ele>1264.164024</ele>
        <time>2026-09-03T09:57:01.834Z</time>
      </trkpt>
      <trkpt lat="45.329710" lon="6.351347">
        <ele>1265.127485</ele>
        <time>2026-09-03T09:57:06.839Z</time>
      </trkpt>
      <trkpt lat="45.329725" lon="6.351488">
        <ele>1266.002466</ele>
        <time>2026-09-03T09:57:11.809Z</time>
      </trkpt>
      <trkpt lat="45.329745" lon="6.351642">
        <ele>1266.963348</ele>
        <time>2026-09-03T09:57:16.841Z</time>
      </trkpt>
      <trkpt lat="45.329788" lon="6.351757">
        <ele>1267.762544</ele>
        <time>2026-09-03T09:57:20.810Z</time>
      </trkpt>
      <trkpt lat="45.329847" lon="6.351875">
        <ele>1268.650991</ele>
        <time>2026-09-03T09:57:25.832Z</time>
      </trkpt>
      <trkpt lat="45.329917" lon="6.351990">
        <ele>1269.584321</ele>
        <time>2026-09-03T09:57:30.831Z</time>
      </trkpt>
      <trkpt lat="45.329963" lon="6.352118">
        <ele>1270.466349</ele>
        <time>2026-09-03T09:57:35.818Z</time>
      </trkpt>
      <trkpt lat="45.330017" lon="6.352237">
        <ele>1271.335384</ele>
        <time>2026-09-03T09:57:40.841Z</time>
      </trkpt>
      <trkpt lat="45.330045" lon="6.352373">
        <ele>1272.204879</ele>
        <time>2026-09-03T09:57:45.805Z</time>
      </trkpt>
      <trkpt lat="45.330063" lon="6.352515">
        <ele>1273.090190</ele>
        <time>2026-09-03T09:57:50.838Z</time>
      </trkpt>
      <trkpt lat="45.330083" lon="6.352650">
        <ele>1273.936695</ele>
        <time>2026-09-03T09:57:55.803Z</time>
      </trkpt>
      <trkpt lat="45.330105" lon="6.352785">
        <ele>1274.786969</ele>
        <time>2026-09-03T09:58:00.845Z</time>
      </trkpt>
      <trkpt lat="45.330127" lon="6.352915">
        <ele>1275.607387</ele>
        <time>2026-09-03T09:58:05.814Z</time>
      </trkpt>
      <trkpt lat="45.330152" lon="6.353047">
        <ele>1276.446167</ele>
        <time>2026-09-03T09:58:10.840Z</time>
      </trkpt>
      <trkpt lat="45.330177" lon="6.353188">
        <ele>1277.338382</ele>
        <time>2026-09-03T09:58:15.806Z</time>
      </trkpt>
      <trkpt lat="45.330207" lon="6.353312">
        <ele>1278.142992</ele>
        <time>2026-09-03T09:58:19.839Z</time>
      </trkpt>
      <trkpt lat="45.330265" lon="6.353430">
        <ele>1279.026405</ele>
        <time>2026-09-03T09:58:23.839Z</time>
      </trkpt>
      <trkpt lat="45.330323" lon="6.353560">
        <ele>1279.966025</ele>
        <time>2026-09-03T09:58:27.811Z</time>
      </trkpt>
      <trkpt lat="45.330397" lon="6.353672">
        <ele>1280.898146</ele>
        <time>2026-09-03T09:58:31.838Z</time>
      </trkpt>
      <trkpt lat="45.330487" lon="6.353765">
        <ele>1281.857762</ele>
        <time>2026-09-03T09:58:35.814Z</time>
      </trkpt>
      <trkpt lat="45.330578" lon="6.353830">
        <ele>1282.736183</ele>
        <time>2026-09-03T09:58:39.839Z</time>
      </trkpt>
      <trkpt lat="45.330670" lon="6.353855">
        <ele>1283.544167</ele>
        <time>2026-09-03T09:58:42.842Z</time>
      </trkpt>
      <trkpt lat="45.330778" lon="6.353897">
        <ele>1284.510013</ele>
        <time>2026-09-03T09:58:46.812Z</time>
      </trkpt>
      <trkpt lat="45.330877" lon="6.353928">
        <ele>1285.384478</ele>
        <time>2026-09-03T09:58:50.840Z</time>
      </trkpt>
      <trkpt lat="45.330965" lon="6.353960">
        <ele>1286.168017</ele>
        <time>2026-09-03T09:58:54.815Z</time>
      </trkpt>
      <trkpt lat="45.331058" lon="6.354012">
        <ele>1287.030030</ele>
        <time>2026-09-03T09:58:58.842Z</time>
      </trkpt>
      <trkpt lat="45.331152" lon="6.354077">
        <ele>1287.931651</ele>
        <time>2026-09-03T09:59:03.815Z</time>
      </trkpt>
      <trkpt lat="45.331243" lon="6.354140">
        <ele>1288.804694</ele>
        <time>2026-09-03T09:59:08.840Z</time>
      </trkpt>
      <trkpt lat="45.331332" lon="6.354197">
        <ele>1289.646677</ele>
        <time>2026-09-03T09:59:13.805Z</time>
      </trkpt>
      <trkpt lat="45.331423" lon="6.354250">
        <ele>1290.494935</ele>
        <time>2026-09-03T09:59:18.843Z</time>
      </trkpt>
      <trkpt lat="45.331510" lon="6.354317">
        <ele>1291.348365</ele>
        <time>2026-09-03T09:59:23.836Z</time>
      </trkpt>
      <trkpt lat="45.331593" lon="6.354393">
        <ele>1292.199877</ele>
        <time>2026-09-03T09:59:28.813Z</time>
      </trkpt>
      <trkpt lat="45.331672" lon="6.354465">
        <ele>1293.009246</ele>
        <time>2026-09-03T09:59:33.844Z</time>
      </trkpt>
      <trkpt lat="45.331750" lon="6.354535">
        <ele>1293.804828</ele>
        <time>2026-09-03T09:59:38.807Z</time>
      </trkpt>
      <trkpt lat="45.331837" lon="6.354595">
        <ele>1294.638882</ele>
        <time>2026-09-03T09:59:43.847Z</time>
      </trkpt>
      <trkpt lat="45.331917" lon="6.354670">
        <ele>1295.494802</ele>
        <time>2026-09-03T09:59:48.813Z</time>
      </trkpt>
      <trkpt lat="45.331992" lon="6.354743">
        <ele>1296.334078</ele>
        <time>2026-09-03T09:59:53.842Z</time>
      </trkpt>
      <trkpt lat="45.332078" lon="6.354812">
        <ele>1297.245939</ele>
        <time>2026-09-03T09:59:58.845Z</time>
      </trkpt>
      <trkpt lat="45.332160" lon="6.354898">
        <ele>1298.186813</ele>
        <time>2026-09-03T10:00:04.814Z</time>
      </trkpt>
      <trkpt lat="45.332245" lon="6.354978">
        <ele>1299.128084</ele>
        <time>2026-09-03T10:00:10.835Z</time>
      </trkpt>
      <trkpt lat="45.332327" lon="6.355042">
        <ele>1299.991880</ele>
        <time>2026-09-03T10:00:15.835Z</time>
      </trkpt>
      <trkpt lat="45.332405" lon="6.355105">
        <ele>1300.820255</ele>
        <time>2026-09-03T10:00:20.804Z</time>
      </trkpt>
      <trkpt lat="45.332490" lon="6.355180">
        <ele>1301.744009</ele>
        <time>2026-09-03T10:00:25.820Z</time>
      </trkpt>
      <trkpt lat="45.332570" lon="6.355243">
        <ele>1302.588494</ele>
        <time>2026-09-03T10:00:30.804Z</time>
      </trkpt>
      <trkpt lat="45.332660" lon="6.355327">
        <ele>1303.582610</ele>
        <time>2026-09-03T10:00:35.821Z</time>
      </trkpt>
      <trkpt lat="45.332747" lon="6.355385">
        <ele>1304.469943</ele>
        <time>2026-09-03T10:00:40.805Z</time>
      </trkpt>
      <trkpt lat="45.332833" lon="6.355447">
        <ele>1305.360355</ele>
        <time>2026-09-03T10:00:45.811Z</time>
      </trkpt>
      <trkpt lat="45.332920" lon="6.355543">
        <ele>1306.377222</ele>
        <time>2026-09-03T10:00:51.814Z</time>
      </trkpt>
      <trkpt lat="45.332993" lon="6.355632">
        <ele>1307.265131</ele>
        <time>2026-09-03T10:00:56.812Z</time>
      </trkpt>
      <trkpt lat="45.333077" lon="6.355728">
        <ele>1308.260250</ele>
        <time>2026-09-03T10:01:02.836Z</time>
      </trkpt>
      <trkpt lat="45.333152" lon="6.355827">
        <ele>1309.205167</ele>
        <time>2026-09-03T10:01:08.811Z</time>
      </trkpt>
      <trkpt lat="45.333230" lon="6.355892">
        <ele>1310.040026</ele>
        <time>2026-09-03T10:01:13.841Z</time>
      </trkpt>
      <trkpt lat="45.333315" lon="6.355978">
        <ele>1311.003334</ele>
        <time>2026-09-03T10:01:19.805Z</time>
      </trkpt>
      <trkpt lat="45.333392" lon="6.356073">
        <ele>1311.907344</ele>
        <time>2026-09-03T10:01:25.839Z</time>
      </trkpt>
      <trkpt lat="45.333470" lon="6.356152">
        <ele>1312.675807</ele>
        <time>2026-09-03T10:01:31.819Z</time>
      </trkpt>
      <trkpt lat="45.333565" lon="6.356228">
        <ele>1313.550545</ele>
        <time>2026-09-03T10:01:37.845Z</time>
      </trkpt>
      <trkpt lat="45.333663" lon="6.356288">
        <ele>1314.406814</ele>
        <time>2026-09-03T10:01:42.820Z</time>
      </trkpt>
      <trkpt lat="45.333750" lon="6.356340">
        <ele>1315.164177</ele>
        <time>2026-09-03T10:01:46.839Z</time>
      </trkpt>
      <trkpt lat="45.333840" lon="6.356383">
        <ele>1315.926139</ele>
        <time>2026-09-03T10:01:50.843Z</time>
      </trkpt>
      <trkpt lat="45.333947" lon="6.356440">
        <ele>1316.843124</ele>
        <time>2026-09-03T10:01:55.806Z</time>
      </trkpt>
      <trkpt lat="45.334035" lon="6.356495">
        <ele>1317.614543</ele>
        <time>2026-09-03T10:01:59.842Z</time>
      </trkpt>
      <trkpt lat="45.334127" lon="6.356578">
        <ele>1318.488874</ele>
        <time>2026-09-03T10:02:04.811Z</time>
      </trkpt>
      <trkpt lat="45.334213" lon="6.356672">
        <ele>1319.359297</ele>
        <time>2026-09-03T10:02:09.832Z</time>
      </trkpt>
      <trkpt lat="45.334273" lon="6.356798">
        <ele>1320.217908</ele>
        <time>2026-09-03T10:02:15.815Z</time>
      </trkpt>
      <trkpt lat="45.334345" lon="6.356912">
        <ele>1321.082528</ele>
        <time>2026-09-03T10:02:21.842Z</time>
      </trkpt>
      <trkpt lat="45.334415" lon="6.357007">
        <ele>1321.858981</ele>
        <time>2026-09-03T10:02:26.818Z</time>
      </trkpt>
      <trkpt lat="45.334473" lon="6.357133">
        <ele>1322.708692</ele>
        <time>2026-09-03T10:02:32.851Z</time>
      </trkpt>
      <trkpt lat="45.334525" lon="6.357252">
        <ele>1323.499203</ele>
        <time>2026-09-03T10:02:37.815Z</time>
      </trkpt>
      <trkpt lat="45.334575" lon="6.357372">
        <ele>1324.286206</ele>
        <time>2026-09-03T10:02:42.842Z</time>
      </trkpt>
      <trkpt lat="45.334605" lon="6.357498">
        <ele>1325.036736</ele>
        <time>2026-09-03T10:02:47.811Z</time>
      </trkpt>
      <trkpt lat="45.334645" lon="6.357628">
        <ele>1325.837346</ele>
        <time>2026-09-03T10:02:52.841Z</time>
      </trkpt>
      <trkpt lat="45.334678" lon="6.357762">
        <ele>1326.514809</ele>
        <time>2026-09-03T10:02:57.803Z</time>
      </trkpt>
      <trkpt lat="45.334720" lon="6.357887">
        <ele>1327.118644</ele>
        <time>2026-09-03T10:03:02.842Z</time>
      </trkpt>
      <trkpt lat="45.334758" lon="6.358008">
        <ele>1327.696246</ele>
        <time>2026-09-03T10:03:07.840Z</time>
      </trkpt>
      <trkpt lat="45.334812" lon="6.358132">
        <ele>1328.331989</ele>
        <time>2026-09-03T10:03:12.809Z</time>
      </trkpt>
      <trkpt lat="45.334853" lon="6.358250">
        <ele>1328.905673</ele>
        <time>2026-09-03T10:03:17.842Z</time>
      </trkpt>
      <trkpt lat="45.334888" lon="6.358385">
        <ele>1329.532797</ele>
        <time>2026-09-03T10:03:22.812Z</time>
      </trkpt>
      <trkpt lat="45.334902" lon="6.358523">
        <ele>1330.140486</ele>
        <time>2026-09-03T10:03:27.840Z</time>
      </trkpt>
      <trkpt lat="45.334940" lon="6.358663">
        <ele>1330.794566</ele>
        <time>2026-09-03T10:03:32.810Z</time>
      </trkpt>
      <trkpt lat="45.335033" lon="6.358730">
        <ele>1331.440897</ele>
        <time>2026-09-03T10:03:37.841Z</time>
      </trkpt>
      <trkpt lat="45.335102" lon="6.358642">
        <ele>1332.015454</ele>
        <time>2026-09-03T10:03:42.842Z</time>
      </trkpt>
      <trkpt lat="45.335088" lon="6.358483">
        <ele>1332.713851</ele>
        <time>2026-09-03T10:03:47.816Z</time>
      </trkpt>
      <trkpt lat="45.335038" lon="6.358353">
        <ele>1333.359702</ele>
        <time>2026-09-03T10:03:51.841Z</time>
      </trkpt>
      <trkpt lat="45.334987" lon="6.358207">
        <ele>1334.070259</ele>
        <time>2026-09-03T10:03:55.834Z</time>
      </trkpt>
      <trkpt lat="45.334952" lon="6.358068">
        <ele>1334.713767</ele>
        <time>2026-09-03T10:03:59.850Z</time>
      </trkpt>
      <trkpt lat="45.334920" lon="6.357918">
        <ele>1335.396967</ele>
        <time>2026-09-03T10:04:03.809Z</time>
      </trkpt>
      <trkpt lat="45.334898" lon="6.357775">
        <ele>1336.034969</ele>
        <time>2026-09-03T10:04:07.839Z</time>
      </trkpt>
      <trkpt lat="45.334882" lon="6.357630">
        <ele>1336.674674</ele>
        <time>2026-09-03T10:04:11.810Z</time>
      </trkpt>
      <trkpt lat="45.334858" lon="6.357472">
        <ele>1337.358759</ele>
        <time>2026-09-03T10:04:15.837Z</time>
      </trkpt>
      <trkpt lat="45.334827" lon="6.357332">
        <ele>1337.899770</ele>
        <time>2026-09-03T10:04:19.840Z</time>
      </trkpt>
      <trkpt lat="45.334792" lon="6.357193">
        <ele>1338.443977</ele>
        <time>2026-09-03T10:04:23.805Z</time>
      </trkpt>
      <trkpt lat="45.334763" lon="6.357052">
        <ele>1338.985468</ele>
        <time>2026-09-03T10:04:27.841Z</time>
      </trkpt>
      <trkpt lat="45.334732" lon="6.356910">
        <ele>1339.533516</ele>
        <time>2026-09-03T10:04:31.817Z</time>
      </trkpt>
      <trkpt lat="45.334708" lon="6.356762">
        <ele>1340.093348</ele>
        <time>2026-09-03T10:04:35.846Z</time>
      </trkpt>
      <trkpt lat="45.334692" lon="6.356620">
        <ele>1340.623419</ele>
        <time>2026-09-03T10:04:39.815Z</time>
      </trkpt>
      <trkpt lat="45.334658" lon="6.356465">
        <ele>1341.221893</ele>
        <time>2026-09-03T10:04:43.849Z</time>
      </trkpt>
      <trkpt lat="45.334635" lon="6.356305">
        <ele>1341.823833</ele>
        <time>2026-09-03T10:04:47.814Z</time>
      </trkpt>
      <trkpt lat="45.334582" lon="6.356153">
        <ele>1342.449217</ele>
        <time>2026-09-03T10:04:51.839Z</time>
      </trkpt>
      <trkpt lat="45.334517" lon="6.356060">
        <ele>1342.932596</ele>
        <time>2026-09-03T10:04:54.843Z</time>
      </trkpt>
      <trkpt lat="45.334432" lon="6.355945">
        <ele>1343.547657</ele>
        <time>2026-09-03T10:04:58.819Z</time>
      </trkpt>
      <trkpt lat="45.334362" lon="6.355860">
        <ele>1344.030220</ele>
        <time>2026-09-03T10:05:01.848Z</time>
      </trkpt>
      <trkpt lat="45.334290" lon="6.355782">
        <ele>1344.504745</ele>
        <time>2026-09-03T10:05:04.814Z</time>
      </trkpt>
      <trkpt lat="45.334205" lon="6.355688">
        <ele>1345.069257</ele>
        <time>2026-09-03T10:05:08.840Z</time>
      </trkpt>
      <trkpt lat="45.334130" lon="6.355575">
        <ele>1345.642074</ele>
        <time>2026-09-03T10:05:12.832Z</time>
      </trkpt>
      <trkpt lat="45.334073" lon="6.355453">
        <ele>1346.182011</ele>
        <time>2026-09-03T10:05:16.845Z</time>
      </trkpt>
      <trkpt lat="45.334003" lon="6.355347">
        <ele>1346.735519</ele>
        <time>2026-09-03T10:05:20.815Z</time>
      </trkpt>
      <trkpt lat="45.333938" lon="6.355242">
        <ele>1347.473428</ele>
        <time>2026-09-03T10:05:24.837Z</time>
      </trkpt>
      <trkpt lat="45.333872" lon="6.355117">
        <ele>1348.297954</ele>
        <time>2026-09-03T10:05:28.840Z</time>
      </trkpt>
      <trkpt lat="45.333815" lon="6.355005">
        <ele>1349.027217</ele>
        <time>2026-09-03T10:05:31.844Z</time>
      </trkpt>
      <trkpt lat="45.333765" lon="6.354897">
        <ele>1349.709263</ele>
        <time>2026-09-03T10:05:34.809Z</time>
      </trkpt>
      <trkpt lat="45.333702" lon="6.354777">
        <ele>1350.499190</ele>
        <time>2026-09-03T10:05:38.846Z</time>
      </trkpt>
      <trkpt lat="45.333630" lon="6.354688">
        <ele>1351.214837</ele>
        <time>2026-09-03T10:05:42.813Z</time>
      </trkpt>
      <trkpt lat="45.333545" lon="6.354587">
        <ele>1352.045778</ele>
        <time>2026-09-03T10:05:47.840Z</time>
      </trkpt>
      <trkpt lat="45.333472" lon="6.354502">
        <ele>1352.753557</ele>
        <time>2026-09-03T10:05:51.815Z</time>
      </trkpt>
      <trkpt lat="45.333380" lon="6.354410">
        <ele>1353.597293</ele>
        <time>2026-09-03T10:05:56.844Z</time>
      </trkpt>
      <trkpt lat="45.333310" lon="6.354328">
        <ele>1354.277637</ele>
        <time>2026-09-03T10:06:00.809Z</time>
      </trkpt>
      <trkpt lat="45.333225" lon="6.354228">
        <ele>1355.105209</ele>
        <time>2026-09-03T10:06:05.843Z</time>
      </trkpt>
      <trkpt lat="45.333148" lon="6.354152">
        <ele>1355.808359</ele>
        <time>2026-09-03T10:06:09.842Z</time>
      </trkpt>
      <trkpt lat="45.333065" lon="6.354063">
        <ele>1356.588186</ele>
        <time>2026-09-03T10:06:14.807Z</time>
      </trkpt>
      <trkpt lat="45.333022" lon="6.353930">
        <ele>1357.360295</ele>
        <time>2026-09-03T10:06:19.838Z</time>
      </trkpt>
      <trkpt lat="45.333082" lon="6.353833">
        <ele>1358.041752</ele>
        <time>2026-09-03T10:06:24.846Z</time>
      </trkpt>
      <trkpt lat="45.333172" lon="6.353895">
        <ele>1358.792008</ele>
        <time>2026-09-03T10:06:28.813Z</time>
      </trkpt>
      <trkpt lat="45.333233" lon="6.354002">
        <ele>1359.518604</ele>
        <time>2026-09-03T10:06:32.844Z</time>
      </trkpt>
      <trkpt lat="45.333303" lon="6.354097">
        <ele>1360.245471</ele>
        <time>2026-09-03T10:06:36.809Z</time>
      </trkpt>
      <trkpt lat="45.333383" lon="6.354195">
        <ele>1361.048575</ele>
        <time>2026-09-03T10:06:41.843Z</time>
      </trkpt>
      <trkpt lat="45.333465" lon="6.354270">
        <ele>1361.790155</ele>
        <time>2026-09-03T10:06:46.812Z</time>
      </trkpt>
      <trkpt lat="45.333545" lon="6.354352">
        <ele>1362.540235</ele>
        <time>2026-09-03T10:06:51.840Z</time>
      </trkpt>
      <trkpt lat="45.333625" lon="6.354430">
        <ele>1363.278013</ele>
        <time>2026-09-03T10:06:56.865Z</time>
      </trkpt>
      <trkpt lat="45.333707" lon="6.354512">
        <ele>1364.040487</ele>
        <time>2026-09-03T10:07:01.810Z</time>
      </trkpt>
      <trkpt lat="45.333785" lon="6.354590">
        <ele>1364.765766</ele>
        <time>2026-09-03T10:07:06.843Z</time>
      </trkpt>
      <trkpt lat="45.333872" lon="6.354682">
        <ele>1365.590398</ele>
        <time>2026-09-03T10:07:12.810Z</time>
      </trkpt>
      <trkpt lat="45.333948" lon="6.354762">
        <ele>1366.309595</ele>
        <time>2026-09-03T10:07:17.842Z</time>
      </trkpt>
      <trkpt lat="45.334033" lon="6.354827">
        <ele>1367.043689</ele>
        <time>2026-09-03T10:07:22.815Z</time>
      </trkpt>
      <trkpt lat="45.334128" lon="6.354875">
        <ele>1367.810579</ele>
        <time>2026-09-03T10:07:27.843Z</time>
      </trkpt>
      <trkpt lat="45.334222" lon="6.354938">
        <ele>1368.601019</ele>
        <time>2026-09-03T10:07:32.843Z</time>
      </trkpt>
      <trkpt lat="45.334312" lon="6.354997">
        <ele>1369.354843</ele>
        <time>2026-09-03T10:07:37.818Z</time>
      </trkpt>
      <trkpt lat="45.334405" lon="6.355058">
        <ele>1370.133869</ele>
        <time>2026-09-03T10:07:42.844Z</time>
      </trkpt>
      <trkpt lat="45.334487" lon="6.355135">
        <ele>1370.881283</ele>
        <time>2026-09-03T10:07:47.811Z</time>
      </trkpt>
      <trkpt lat="45.334568" lon="6.355207">
        <ele>1371.607845</ele>
        <time>2026-09-03T10:07:52.841Z</time>
      </trkpt>
      <trkpt lat="45.334657" lon="6.355268">
        <ele>1372.359347</ele>
        <time>2026-09-03T10:07:57.815Z</time>
      </trkpt>
      <trkpt lat="45.334753" lon="6.355312">
        <ele>1373.126581</ele>
        <time>2026-09-03T10:08:02.839Z</time>
      </trkpt>
      <trkpt lat="45.334848" lon="6.355392">
        <ele>1373.975505</ele>
        <time>2026-09-03T10:08:08.814Z</time>
      </trkpt>
      <trkpt lat="45.334930" lon="6.355453">
        <ele>1374.736861</ele>
        <time>2026-09-03T10:08:13.840Z</time>
      </trkpt>
      <trkpt lat="45.334997" lon="6.355542">
        <ele>1375.491090</ele>
        <time>2026-09-03T10:08:18.811Z</time>
      </trkpt>
      <trkpt lat="45.335065" lon="6.355627">
        <ele>1376.235884</ele>
        <time>2026-09-03T10:08:23.843Z</time>
      </trkpt>
      <trkpt lat="45.335142" lon="6.355695">
        <ele>1376.981572</ele>
        <time>2026-09-03T10:08:28.809Z</time>
      </trkpt>
      <trkpt lat="45.335205" lon="6.355790">
        <ele>1377.736945</ele>
        <time>2026-09-03T10:08:33.844Z</time>
      </trkpt>
      <trkpt lat="45.335275" lon="6.355883">
        <ele>1378.525003</ele>
        <time>2026-09-03T10:08:38.813Z</time>
      </trkpt>
      <trkpt lat="45.335340" lon="6.355973">
        <ele>1379.271310</ele>
        <time>2026-09-03T10:08:43.841Z</time>
      </trkpt>
      <trkpt lat="45.335410" lon="6.356065">
        <ele>1380.055430</ele>
        <time>2026-09-03T10:08:48.809Z</time>
      </trkpt>
      <trkpt lat="45.335477" lon="6.356162">
        <ele>1380.841963</ele>
        <time>2026-09-03T10:08:53.838Z</time>
      </trkpt>
      <trkpt lat="45.335547" lon="6.356262">
        <ele>1381.658189</ele>
        <time>2026-09-03T10:08:58.818Z</time>
      </trkpt>
      <trkpt lat="45.335632" lon="6.356343">
        <ele>1382.499959</ele>
        <time>2026-09-03T10:09:03.842Z</time>
      </trkpt>
      <trkpt lat="45.335708" lon="6.356445">
        <ele>1383.359633</ele>
        <time>2026-09-03T10:09:09.815Z</time>
      </trkpt>
      <trkpt lat="45.335762" lon="6.356563">
        <ele>1384.173990</ele>
        <time>2026-09-03T10:09:14.847Z</time>
      </trkpt>
      <trkpt lat="45.335838" lon="6.356650">
        <ele>1384.976613</ele>
        <time>2026-09-03T10:09:19.807Z</time>
      </trkpt>
      <trkpt lat="45.335900" lon="6.356762">
        <ele>1385.801133</ele>
        <time>2026-09-03T10:09:24.841Z</time>
      </trkpt>
      <trkpt lat="45.335937" lon="6.356892">
        <ele>1386.612304</ele>
        <time>2026-09-03T10:09:29.816Z</time>
      </trkpt>
      <trkpt lat="45.335993" lon="6.357005">
        <ele>1387.411948</ele>
        <time>2026-09-03T10:09:34.850Z</time>
      </trkpt>
      <trkpt lat="45.336053" lon="6.357110">
        <ele>1388.194572</ele>
        <time>2026-09-03T10:09:39.807Z</time>
      </trkpt>
      <trkpt lat="45.336107" lon="6.357230">
        <ele>1388.981741</ele>
        <time>2026-09-03T10:09:44.839Z</time>
      </trkpt>
      <trkpt lat="45.336133" lon="6.357375">
        <ele>1389.759830</ele>
        <time>2026-09-03T10:09:49.807Z</time>
      </trkpt>
      <trkpt lat="45.336132" lon="6.357520">
        <ele>1390.513812</ele>
        <time>2026-09-03T10:09:54.835Z</time>
      </trkpt>
      <trkpt lat="45.336130" lon="6.357673">
        <ele>1391.309493</ele>
        <time>2026-09-03T10:09:59.838Z</time>
      </trkpt>
      <trkpt lat="45.336115" lon="6.357827">
        <ele>1392.117887</ele>
        <time>2026-09-03T10:10:04.842Z</time>
      </trkpt>
      <trkpt lat="45.336103" lon="6.357973">
        <ele>1392.882205</ele>
        <time>2026-09-03T10:10:09.809Z</time>
      </trkpt>
      <trkpt lat="45.336093" lon="6.358125">
        <ele>1393.676003</ele>
        <time>2026-09-03T10:10:14.848Z</time>
      </trkpt>
      <trkpt lat="45.336083" lon="6.358270">
        <ele>1394.433570</ele>
        <time>2026-09-03T10:10:19.813Z</time>
      </trkpt>
      <trkpt lat="45.336088" lon="6.358408">
        <ele>1395.152072</ele>
        <time>2026-09-03T10:10:24.844Z</time>
      </trkpt>
      <trkpt lat="45.336095" lon="6.358553">
        <ele>1395.907795</ele>
        <time>2026-09-03T10:10:29.810Z</time>
      </trkpt>
      <trkpt lat="45.336118" lon="6.358708">
        <ele>1396.731499</ele>
        <time>2026-09-03T10:10:34.838Z</time>
      </trkpt>
      <trkpt lat="45.336142" lon="6.358855">
        <ele>1397.516189</ele>
        <time>2026-09-03T10:10:39.845Z</time>
      </trkpt>
      <trkpt lat="45.336167" lon="6.359000">
        <ele>1398.292483</ele>
        <time>2026-09-03T10:10:44.818Z</time>
      </trkpt>
      <trkpt lat="45.336192" lon="6.359145">
        <ele>1399.068775</ele>
        <time>2026-09-03T10:10:49.838Z</time>
      </trkpt>
      <trkpt lat="45.336213" lon="6.359288">
        <ele>1399.828374</ele>
        <time>2026-09-03T10:10:54.811Z</time>
      </trkpt>
      <trkpt lat="45.336247" lon="6.359427">
        <ele>1400.593628</ele>
        <time>2026-09-03T10:10:59.846Z</time>
      </trkpt>
      <trkpt lat="45.336285" lon="6.359573">
        <ele>1401.403138</ele>
        <time>2026-09-03T10:11:04.813Z</time>
      </trkpt>
      <trkpt lat="45.336323" lon="6.359692">
        <ele>1402.041751</ele>
        <time>2026-09-03T10:11:08.826Z</time>
      </trkpt>
      <trkpt lat="45.336358" lon="6.359810">
        <ele>1402.489552</ele>
        <time>2026-09-03T10:11:12.836Z</time>
      </trkpt>
      <trkpt lat="45.336410" lon="6.359943">
        <ele>1403.021664</ele>
        <time>2026-09-03T10:11:17.845Z</time>
      </trkpt>
      <trkpt lat="45.336462" lon="6.360077">
        <ele>1403.556833</ele>
        <time>2026-09-03T10:11:22.811Z</time>
      </trkpt>
      <trkpt lat="45.336515" lon="6.360218">
        <ele>1404.115883</ele>
        <time>2026-09-03T10:11:27.835Z</time>
      </trkpt>
      <trkpt lat="45.336567" lon="6.360337">
        <ele>1404.605793</ele>
        <time>2026-09-03T10:11:31.825Z</time>
      </trkpt>
      <trkpt lat="45.336627" lon="6.360477">
        <ele>1405.179091</ele>
        <time>2026-09-03T10:11:35.844Z</time>
      </trkpt>
      <trkpt lat="45.336672" lon="6.360590">
        <ele>1405.633179</ele>
        <time>2026-09-03T10:11:38.828Z</time>
      </trkpt>
      <trkpt lat="45.336718" lon="6.360702">
        <ele>1406.086718</ele>
        <time>2026-09-03T10:11:41.846Z</time>
      </trkpt>
      <trkpt lat="45.336810" lon="6.360800">
        <ele>1406.658388</ele>
        <time>2026-09-03T10:11:45.816Z</time>
      </trkpt>
      <trkpt lat="45.336920" lon="6.360828">
        <ele>1407.214212</ele>
        <time>2026-09-03T10:11:49.809Z</time>
      </trkpt>
      <trkpt lat="45.337028" lon="6.360818">
        <ele>1407.752535</ele>
        <time>2026-09-03T10:11:54.847Z</time>
      </trkpt>
      <trkpt lat="45.337122" lon="6.360857">
        <ele>1408.239564</ele>
        <time>2026-09-03T10:11:58.810Z</time>
      </trkpt>
      <trkpt lat="45.337200" lon="6.360962">
        <ele>1408.773694</ele>
        <time>2026-09-03T10:12:02.844Z</time>
      </trkpt>
      <trkpt lat="45.337265" lon="6.361085">
        <ele>1409.311720</ele>
        <time>2026-09-03T10:12:07.820Z</time>
      </trkpt>
      <trkpt lat="45.337327" lon="6.361208">
        <ele>1409.840912</ele>
        <time>2026-09-03T10:12:12.841Z</time>
      </trkpt>
      <trkpt lat="45.337387" lon="6.361307">
        <ele>1410.297942</ele>
        <time>2026-09-03T10:12:16.812Z</time>
      </trkpt>
      <trkpt lat="45.337463" lon="6.361415">
        <ele>1410.832250</ele>
        <time>2026-09-03T10:12:21.835Z</time>
      </trkpt>
      <trkpt lat="45.337542" lon="6.361518">
        <ele>1411.365944</ele>
        <time>2026-09-03T10:12:26.836Z</time>
      </trkpt>
      <trkpt lat="45.337615" lon="6.361600">
        <ele>1411.829278</ele>
        <time>2026-09-03T10:12:30.845Z</time>
      </trkpt>
      <trkpt lat="45.337702" lon="6.361710">
        <ele>1412.409086</ele>
        <time>2026-09-03T10:12:34.912Z</time>
      </trkpt>
      <trkpt lat="45.337787" lon="6.361775">
        <ele>1412.889801</ele>
        <time>2026-09-03T10:12:37.808Z</time>
      </trkpt>
      <trkpt lat="45.337860" lon="6.361855">
        <ele>1413.348827</ele>
        <time>2026-09-03T10:12:40.807Z</time>
      </trkpt>
      <trkpt lat="45.337963" lon="6.361943">
        <ele>1413.947329</ele>
        <time>2026-09-03T10:12:43.818Z</time>
      </trkpt>
      <trkpt lat="45.338080" lon="6.362028">
        <ele>1414.601751</ele>
        <time>2026-09-03T10:12:46.811Z</time>
      </trkpt>
      <trkpt lat="45.338212" lon="6.362080">
        <ele>1415.284040</ele>
        <time>2026-09-03T10:12:49.811Z</time>
      </trkpt>
      <trkpt lat="45.338333" lon="6.362095">
        <ele>1415.889074</ele>
        <time>2026-09-03T10:12:52.818Z</time>
      </trkpt>
      <trkpt lat="45.338423" lon="6.362110">
        <ele>1416.340467</ele>
        <time>2026-09-03T10:12:55.801Z</time>
      </trkpt>
      <trkpt lat="45.338530" lon="6.362137">
        <ele>1416.881796</ele>
        <time>2026-09-03T10:12:59.816Z</time>
      </trkpt>
      <trkpt lat="45.338630" lon="6.362168">
        <ele>1417.391626</ele>
        <time>2026-09-03T10:13:03.819Z</time>
      </trkpt>
      <trkpt lat="45.338722" lon="6.362195">
        <ele>1417.859565</ele>
        <time>2026-09-03T10:13:07.844Z</time>
      </trkpt>
      <trkpt lat="45.338773" lon="6.362085">
        <ele>1418.320969</ele>
        <time>2026-09-03T10:13:11.831Z</time>
      </trkpt>
      <trkpt lat="45.338712" lon="6.361962">
        <ele>1418.848059</ele>
        <time>2026-09-03T10:13:15.804Z</time>
      </trkpt>
      <trkpt lat="45.338610" lon="6.361925">
        <ele>1419.372419</ele>
        <time>2026-09-03T10:13:21.806Z</time>
      </trkpt>
      <trkpt lat="45.338560" lon="6.361787">
        <ele>1419.950842</ele>
        <time>2026-09-03T10:13:26.811Z</time>
      </trkpt>
      <trkpt lat="45.338662" lon="6.361808">
        <ele>1420.805760</ele>
        <time>2026-09-03T10:13:31.824Z</time>
      </trkpt>
      <trkpt lat="45.338755" lon="6.361860">
        <ele>1421.634652</ele>
        <time>2026-09-03T10:13:35.799Z</time>
      </trkpt>
      <trkpt lat="45.338855" lon="6.361928">
        <ele>1422.554054</ele>
        <time>2026-09-03T10:13:39.812Z</time>
      </trkpt>
      <trkpt lat="45.338965" lon="6.361997">
        <ele>1423.551278</ele>
        <time>2026-09-03T10:13:43.814Z</time>
      </trkpt>
      <trkpt lat="45.339065" lon="6.362083">
        <ele>1424.520577</ele>
        <time>2026-09-03T10:13:47.846Z</time>
      </trkpt>
      <trkpt lat="45.339135" lon="6.362203">
        <ele>1425.429823</ele>
        <time>2026-09-03T10:13:51.811Z</time>
      </trkpt>
      <trkpt lat="45.339168" lon="6.362342">
        <ele>1426.285275</ele>
        <time>2026-09-03T10:13:56.834Z</time>
      </trkpt>
      <trkpt lat="45.339195" lon="6.362488">
        <ele>1427.165530</ele>
        <time>2026-09-03T10:14:01.806Z</time>
      </trkpt>
      <trkpt lat="45.339225" lon="6.362635">
        <ele>1428.058041</ele>
        <time>2026-09-03T10:14:07.793Z</time>
      </trkpt>
      <trkpt lat="45.339245" lon="6.362788">
        <ele>1428.965437</ele>
        <time>2026-09-03T10:14:14.804Z</time>
      </trkpt>
      <trkpt lat="45.339268" lon="6.362918">
        <ele>1429.747072</ele>
        <time>2026-09-03T10:14:18.830Z</time>
      </trkpt>
      <trkpt lat="45.339327" lon="6.363040">
        <ele>1430.610518</ele>
        <time>2026-09-03T10:14:23.804Z</time>
      </trkpt>
      <trkpt lat="45.339375" lon="6.363162">
        <ele>1431.425718</ele>
        <time>2026-09-03T10:14:28.830Z</time>
      </trkpt>
      <trkpt lat="45.339428" lon="6.363273">
        <ele>1432.208127</ele>
        <time>2026-09-03T10:14:33.799Z</time>
      </trkpt>
      <trkpt lat="45.339473" lon="6.363390">
        <ele>1432.985767</ele>
        <time>2026-09-03T10:14:38.836Z</time>
      </trkpt>
      <trkpt lat="45.339537" lon="6.363493">
        <ele>1433.787339</ele>
        <time>2026-09-03T10:14:43.811Z</time>
      </trkpt>
      <trkpt lat="45.339572" lon="6.363628">
        <ele>1434.626317</ele>
        <time>2026-09-03T10:14:48.809Z</time>
      </trkpt>
      <trkpt lat="45.339578" lon="6.363773">
        <ele>1435.638648</ele>
        <time>2026-09-03T10:14:53.840Z</time>
      </trkpt>
      <trkpt lat="45.339595" lon="6.363917">
        <ele>1436.694280</ele>
        <time>2026-09-03T10:14:58.807Z</time>
      </trkpt>
      <trkpt lat="45.339642" lon="6.364037">
        <ele>1437.687411</ele>
        <time>2026-09-03T10:15:03.813Z</time>
      </trkpt>
      <trkpt lat="45.339732" lon="6.364000">
        <ele>1438.650954</ele>
        <time>2026-09-03T10:15:08.843Z</time>
      </trkpt>
      <trkpt lat="45.339777" lon="6.363873">
        <ele>1439.679160</ele>
        <time>2026-09-03T10:15:13.815Z</time>
      </trkpt>
      <trkpt lat="45.339780" lon="6.363735">
        <ele>1440.677307</ele>
        <time>2026-09-03T10:15:18.847Z</time>
      </trkpt>
      <trkpt lat="45.339778" lon="6.363600">
        <ele>1441.653506</ele>
        <time>2026-09-03T10:15:23.810Z</time>
      </trkpt>
      <trkpt lat="45.339775" lon="6.363460">
        <ele>1442.666105</ele>
        <time>2026-09-03T10:15:28.849Z</time>
      </trkpt>
      <trkpt lat="45.339772" lon="6.363330">
        <ele>1443.606445</ele>
        <time>2026-09-03T10:15:33.815Z</time>
      </trkpt>
      <trkpt lat="45.339742" lon="6.363183">
        <ele>1444.713068</ele>
        <time>2026-09-03T10:15:39.842Z</time>
      </trkpt>
      <trkpt lat="45.339708" lon="6.362933">
        <ele>1446.553962</ele>
        <time>2026-09-03T10:16:25.825Z</time>
      </trkpt>
      <trkpt lat="45.339712" lon="6.362797">
        <ele>1447.538035</ele>
        <time>2026-09-03T10:16:31.805Z</time>
      </trkpt>
      <trkpt lat="45.339742" lon="6.362653">
        <ele>1448.623847</ele>
        <time>2026-09-03T10:16:37.825Z</time>
      </trkpt>
      <trkpt lat="45.339752" lon="6.362513">
        <ele>1449.641189</ele>
        <time>2026-09-03T10:16:42.862Z</time>
      </trkpt>
      <trkpt lat="45.339787" lon="6.362388">
        <ele>1450.613936</ele>
        <time>2026-09-03T10:16:47.832Z</time>
      </trkpt>
      <trkpt lat="45.339797" lon="6.362243">
        <ele>1451.667246</ele>
        <time>2026-09-03T10:16:52.833Z</time>
      </trkpt>
      <trkpt lat="45.339812" lon="6.362110">
        <ele>1452.641066</ele>
        <time>2026-09-03T10:16:57.809Z</time>
      </trkpt>
      <trkpt lat="45.339857" lon="6.361993">
        <ele>1453.555883</ele>
        <time>2026-09-03T10:17:02.834Z</time>
      </trkpt>
      <trkpt lat="45.339953" lon="6.362013">
        <ele>1454.400800</ele>
        <time>2026-09-03T10:17:08.812Z</time>
      </trkpt>
      <trkpt lat="45.340067" lon="6.362242">
        <ele>1456.118472</ele>
        <time>2026-09-03T10:18:19.823Z</time>
      </trkpt>
      <trkpt lat="45.340127" lon="6.362362">
        <ele>1457.019882</ele>
        <time>2026-09-03T10:18:24.807Z</time>
      </trkpt>
      <trkpt lat="45.340173" lon="6.362495">
        <ele>1457.927202</ele>
        <time>2026-09-03T10:18:29.824Z</time>
      </trkpt>
      <trkpt lat="45.340227" lon="6.362620">
        <ele>1458.825292</ele>
        <time>2026-09-03T10:18:34.812Z</time>
      </trkpt>
      <trkpt lat="45.340282" lon="6.362733">
        <ele>1459.666613</ele>
        <time>2026-09-03T10:18:39.808Z</time>
      </trkpt>
      <trkpt lat="45.340328" lon="6.362847">
        <ele>1460.471220</ele>
        <time>2026-09-03T10:18:44.830Z</time>
      </trkpt>
      <trkpt lat="45.340392" lon="6.362960">
        <ele>1461.359499</ele>
        <time>2026-09-03T10:18:49.812Z</time>
      </trkpt>
      <trkpt lat="45.340455" lon="6.363063">
        <ele>1462.195250</ele>
        <time>2026-09-03T10:18:54.802Z</time>
      </trkpt>
      <trkpt lat="45.340505" lon="6.363177">
        <ele>1463.017752</ele>
        <time>2026-09-03T10:18:59.846Z</time>
      </trkpt>
      <trkpt lat="45.340548" lon="6.363318">
        <ele>1463.958550</ele>
        <time>2026-09-03T10:19:04.811Z</time>
      </trkpt>
      <trkpt lat="45.340587" lon="6.363458">
        <ele>1464.880340</ele>
        <time>2026-09-03T10:19:09.834Z</time>
      </trkpt>
      <trkpt lat="45.340620" lon="6.363588">
        <ele>1465.726375</ele>
        <time>2026-09-03T10:19:14.809Z</time>
      </trkpt>
      <trkpt lat="45.340630" lon="6.363748">
        <ele>1466.709602</ele>
        <time>2026-09-03T10:20:01.816Z</time>
      </trkpt>
      <trkpt lat="45.340645" lon="6.363877">
        <ele>1467.509944</ele>
        <time>2026-09-03T10:20:06.835Z</time>
      </trkpt>
      <trkpt lat="45.340642" lon="6.364015">
        <ele>1468.355048</ele>
        <time>2026-09-03T10:20:11.818Z</time>
      </trkpt>
      <trkpt lat="45.340645" lon="6.364153">
        <ele>1469.176700</ele>
        <time>2026-09-03T10:20:16.819Z</time>
      </trkpt>
      <trkpt lat="45.340658" lon="6.364290">
        <ele>1469.944687</ele>
        <time>2026-09-03T10:20:21.837Z</time>
      </trkpt>
      <trkpt lat="45.340663" lon="6.364425">
        <ele>1470.695699</ele>
        <time>2026-09-03T10:20:26.815Z</time>
      </trkpt>
      <trkpt lat="45.340743" lon="6.364487">
        <ele>1471.415712</ele>
        <time>2026-09-03T10:20:31.828Z</time>
      </trkpt>
      <trkpt lat="45.340825" lon="6.364420">
        <ele>1472.163083</ele>
        <time>2026-09-03T10:20:36.846Z</time>
      </trkpt>
      <trkpt lat="45.340860" lon="6.364288">
        <ele>1472.946827</ele>
        <time>2026-09-03T10:20:41.812Z</time>
      </trkpt>
      <trkpt lat="45.340887" lon="6.364152">
        <ele>1473.731910</ele>
        <time>2026-09-03T10:20:46.836Z</time>
      </trkpt>
      <trkpt lat="45.340923" lon="6.363967">
        <ele>1474.798303</ele>
        <time>2026-09-03T10:21:18.805Z</time>
      </trkpt>
      <trkpt lat="45.340953" lon="6.363818">
        <ele>1475.659336</ele>
        <time>2026-09-03T10:21:22.820Z</time>
      </trkpt>
      <trkpt lat="45.340993" lon="6.363690">
        <ele>1476.437527</ele>
        <time>2026-09-03T10:21:26.819Z</time>
      </trkpt>
      <trkpt lat="45.341030" lon="6.363548">
        <ele>1477.278840</ele>
        <time>2026-09-03T10:21:31.825Z</time>
      </trkpt>
      <trkpt lat="45.341062" lon="6.363428">
        <ele>1477.991841</ele>
        <time>2026-09-03T10:21:35.809Z</time>
      </trkpt>
      <trkpt lat="45.341100" lon="6.363280">
        <ele>1478.867164</ele>
        <time>2026-09-03T10:21:40.832Z</time>
      </trkpt>
      <trkpt lat="45.341115" lon="6.363145">
        <ele>1479.626442</ele>
        <time>2026-09-03T10:21:44.831Z</time>
      </trkpt>
      <trkpt lat="45.341113" lon="6.363005">
        <ele>1480.404345</ele>
        <time>2026-09-03T10:21:48.810Z</time>
      </trkpt>
      <trkpt lat="45.341087" lon="6.362855">
        <ele>1481.262604</ele>
        <time>2026-09-03T10:21:53.840Z</time>
      </trkpt>
      <trkpt lat="45.341057" lon="6.362732">
        <ele>1481.985876</ele>
        <time>2026-09-03T10:21:57.812Z</time>
      </trkpt>
      <trkpt lat="45.341032" lon="6.362592">
        <ele>1482.788326</ele>
        <time>2026-09-03T10:22:02.847Z</time>
      </trkpt>
      <trkpt lat="45.341023" lon="6.362437">
        <ele>1483.688672</ele>
        <time>2026-09-03T10:22:07.819Z</time>
      </trkpt>
      <trkpt lat="45.341037" lon="6.362290">
        <ele>1484.573853</ele>
        <time>2026-09-03T10:22:12.846Z</time>
      </trkpt>
      <trkpt lat="45.341062" lon="6.362148">
        <ele>1485.447359</ele>
        <time>2026-09-03T10:22:17.814Z</time>
      </trkpt>
      <trkpt lat="45.341072" lon="6.361995">
        <ele>1486.364266</ele>
        <time>2026-09-03T10:22:22.836Z</time>
      </trkpt>
      <trkpt lat="45.341088" lon="6.361862">
        <ele>1487.169431</ele>
        <time>2026-09-03T10:22:26.807Z</time>
      </trkpt>
      <trkpt lat="45.341108" lon="6.361737">
        <ele>1487.934400</ele>
        <time>2026-09-03T10:22:30.839Z</time>
      </trkpt>
      <trkpt lat="45.341123" lon="6.361608">
        <ele>1488.714619</ele>
        <time>2026-09-03T10:22:34.847Z</time>
      </trkpt>
      <trkpt lat="45.341137" lon="6.361452">
        <ele>1489.653044</ele>
        <time>2026-09-03T10:22:39.808Z</time>
      </trkpt>
      <trkpt lat="45.341145" lon="6.361298">
        <ele>1490.574484</ele>
        <time>2026-09-03T10:22:44.852Z</time>
      </trkpt>
      <trkpt lat="45.341145" lon="6.361148">
        <ele>1491.469550</ele>
        <time>2026-09-03T10:22:49.809Z</time>
      </trkpt>
      <trkpt lat="45.341137" lon="6.361010">
        <ele>1492.295806</ele>
        <time>2026-09-03T10:22:54.841Z</time>
      </trkpt>
      <trkpt lat="45.341123" lon="6.360883">
        <ele>1493.062892</ele>
        <time>2026-09-03T10:22:58.817Z</time>
      </trkpt>
      <trkpt lat="45.341108" lon="6.360737">
        <ele>1493.943347</ele>
        <time>2026-09-03T10:23:03.837Z</time>
      </trkpt>
      <trkpt lat="45.341092" lon="6.360588">
        <ele>1494.842762</ele>
        <time>2026-09-03T10:23:08.838Z</time>
      </trkpt>
      <trkpt lat="45.341067" lon="6.360437">
        <ele>1495.768454</ele>
        <time>2026-09-03T10:23:13.846Z</time>
      </trkpt>
      <trkpt lat="45.341033" lon="6.360303">
        <ele>1496.618550</ele>
        <time>2026-09-03T10:23:18.816Z</time>
      </trkpt>
      <trkpt lat="45.340997" lon="6.360160">
        <ele>1497.524927</ele>
        <time>2026-09-03T10:23:23.847Z</time>
      </trkpt>
      <trkpt lat="45.340932" lon="6.360035">
        <ele>1498.450938</ele>
        <time>2026-09-03T10:23:28.811Z</time>
      </trkpt>
      <trkpt lat="45.340887" lon="6.359922">
        <ele>1499.159603</ele>
        <time>2026-09-03T10:23:32.826Z</time>
      </trkpt>
      <trkpt lat="45.340838" lon="6.359810">
        <ele>1499.879441</ele>
        <time>2026-09-03T10:23:36.845Z</time>
      </trkpt>
      <trkpt lat="45.340792" lon="6.359682">
        <ele>1500.663864</ele>
        <time>2026-09-03T10:23:40.819Z</time>
      </trkpt>
      <trkpt lat="45.340755" lon="6.359547">
        <ele>1501.454508</ele>
        <time>2026-09-03T10:23:44.838Z</time>
      </trkpt>
      <trkpt lat="45.340752" lon="6.359403">
        <ele>1502.240587</ele>
        <time>2026-09-03T10:23:48.841Z</time>
      </trkpt>
      <trkpt lat="45.340760" lon="6.359253">
        <ele>1503.061413</ele>
        <time>2026-09-03T10:23:52.806Z</time>
      </trkpt>
      <trkpt lat="45.340767" lon="6.359110">
        <ele>1503.843580</ele>
        <time>2026-09-03T10:23:56.837Z</time>
      </trkpt>
      <trkpt lat="45.340773" lon="6.358972">
        <ele>1504.598015</ele>
        <time>2026-09-03T10:24:00.839Z</time>
      </trkpt>
      <trkpt lat="45.340783" lon="6.358822">
        <ele>1505.420160</ele>
        <time>2026-09-03T10:24:05.838Z</time>
      </trkpt>
      <trkpt lat="45.340803" lon="6.358668">
        <ele>1506.274682</ele>
        <time>2026-09-03T10:24:10.807Z</time>
      </trkpt>
      <trkpt lat="45.340843" lon="6.358522">
        <ele>1507.129706</ele>
        <time>2026-09-03T10:24:15.848Z</time>
      </trkpt>
      <trkpt lat="45.340925" lon="6.358418">
        <ele>1507.982487</ele>
        <time>2026-09-03T10:24:20.818Z</time>
      </trkpt>
      <trkpt lat="45.341002" lon="6.358317">
        <ele>1508.795516</ele>
        <time>2026-09-03T10:24:25.839Z</time>
      </trkpt>
      <trkpt lat="45.341077" lon="6.358245">
        <ele>1509.497886</ele>
        <time>2026-09-03T10:24:29.808Z</time>
      </trkpt>
      <trkpt lat="45.341162" lon="6.358160">
        <ele>1510.304429</ele>
        <time>2026-09-03T10:24:34.821Z</time>
      </trkpt>
      <trkpt lat="45.341242" lon="6.358088">
        <ele>1511.039294</ele>
        <time>2026-09-03T10:24:38.833Z</time>
      </trkpt>
      <trkpt lat="45.341333" lon="6.358002">
        <ele>1511.887374</ele>
        <time>2026-09-03T10:24:43.828Z</time>
      </trkpt>
      <trkpt lat="45.341425" lon="6.357928">
        <ele>1512.798655</ele>
        <time>2026-09-03T10:24:48.835Z</time>
      </trkpt>
      <trkpt lat="45.341515" lon="6.357877">
        <ele>1513.768684</ele>
        <time>2026-09-03T10:24:53.806Z</time>
      </trkpt>
      <trkpt lat="45.341617" lon="6.357828">
        <ele>1514.846669</ele>
        <time>2026-09-03T10:24:58.841Z</time>
      </trkpt>
      <trkpt lat="45.341708" lon="6.357768">
        <ele>1515.850952</ele>
        <time>2026-09-03T10:25:03.819Z</time>
      </trkpt>
      <trkpt lat="45.341803" lon="6.357738">
        <ele>1516.825345</ele>
        <time>2026-09-03T10:25:08.807Z</time>
      </trkpt>
      <trkpt lat="45.341907" lon="6.357715">
        <ele>1517.879210</ele>
        <time>2026-09-03T10:25:13.825Z</time>
      </trkpt>
      <trkpt lat="45.342008" lon="6.357703">
        <ele>1518.894051</ele>
        <time>2026-09-03T10:25:18.814Z</time>
      </trkpt>
      <trkpt lat="45.342100" lon="6.357695">
        <ele>1519.816973</ele>
        <time>2026-09-03T10:25:23.844Z</time>
      </trkpt>
      <trkpt lat="45.342207" lon="6.357690">
        <ele>1520.888949</ele>
        <time>2026-09-03T10:25:29.814Z</time>
      </trkpt>
      <trkpt lat="45.342300" lon="6.357700">
        <ele>1521.822821</ele>
        <time>2026-09-03T10:25:34.841Z</time>
      </trkpt>
      <trkpt lat="45.342392" lon="6.357692">
        <ele>1522.745743</ele>
        <time>2026-09-03T10:25:39.817Z</time>
      </trkpt>
      <trkpt lat="45.342493" lon="6.357677">
        <ele>1523.762558</ele>
        <time>2026-09-03T10:25:45.842Z</time>
      </trkpt>
      <trkpt lat="45.342595" lon="6.357682">
        <ele>1524.784498</ele>
        <time>2026-09-03T10:25:51.808Z</time>
      </trkpt>
      <trkpt lat="45.342698" lon="6.357652">
        <ele>1525.837234</ele>
        <time>2026-09-03T10:25:57.837Z</time>
      </trkpt>
      <trkpt lat="45.342782" lon="6.357600">
        <ele>1526.754501</ele>
        <time>2026-09-03T10:26:02.875Z</time>
      </trkpt>
      <trkpt lat="45.342867" lon="6.357533">
        <ele>1527.727504</ele>
        <time>2026-09-03T10:26:07.809Z</time>
      </trkpt>
      <trkpt lat="45.342945" lon="6.357453">
        <ele>1528.690307</ele>
        <time>2026-09-03T10:26:12.851Z</time>
      </trkpt>
      <trkpt lat="45.343025" lon="6.357360">
        <ele>1529.724746</ele>
        <time>2026-09-03T10:26:17.817Z</time>
      </trkpt>
      <trkpt lat="45.343107" lon="6.357272">
        <ele>1530.399996</ele>
        <time>2026-09-03T10:26:22.846Z</time>
      </trkpt>
      <trkpt lat="45.343187" lon="6.357202">
        <ele>1530.388371</ele>
        <time>2026-09-03T10:26:27.814Z</time>
      </trkpt>
      <trkpt lat="45.343273" lon="6.357098">
        <ele>1530.374402</ele>
        <time>2026-09-03T10:41:22.830Z</time>
      </trkpt>
      <trkpt lat="45.343338" lon="6.357008">
        <ele>1530.363176</ele>
        <time>2026-09-03T10:41:25.812Z</time>
      </trkpt>
      <trkpt lat="45.343418" lon="6.356905">
        <ele>1530.349821</ele>
        <time>2026-09-03T10:41:28.827Z</time>
      </trkpt>
      <trkpt lat="45.343493" lon="6.356787">
        <ele>1530.335981</ele>
        <time>2026-09-03T10:41:31.829Z</time>
      </trkpt>
      <trkpt lat="45.343573" lon="6.356660">
        <ele>1530.321146</ele>
        <time>2026-09-03T10:41:34.813Z</time>
      </trkpt>
      <trkpt lat="45.343667" lon="6.356557">
        <ele>1530.306461</ele>
        <time>2026-09-03T10:41:37.831Z</time>
      </trkpt>
      <trkpt lat="45.343777" lon="6.356488">
        <ele>1530.291581</ele>
        <time>2026-09-03T10:41:40.814Z</time>
      </trkpt>
      <trkpt lat="45.343893" lon="6.356470">
        <ele>1530.277139</ele>
        <time>2026-09-03T10:41:43.831Z</time>
      </trkpt>
      <trkpt lat="45.343990" lon="6.356442">
        <ele>1530.264888</ele>
        <time>2026-09-03T10:41:46.816Z</time>
      </trkpt>
      <trkpt lat="45.344085" lon="6.356410">
        <ele>1530.252805</ele>
        <time>2026-09-03T10:41:49.838Z</time>
      </trkpt>
      <trkpt lat="45.344200" lon="6.356368">
        <ele>1530.238110</ele>
        <time>2026-09-03T10:41:52.809Z</time>
      </trkpt>
      <trkpt lat="45.344293" lon="6.356360">
        <ele>1530.226578</ele>
        <time>2026-09-03T10:42:02.843Z</time>
      </trkpt>
      <trkpt lat="45.344415" lon="6.356327">
        <ele>1530.211207</ele>
        <time>2026-09-03T10:42:05.808Z</time>
      </trkpt>
      <trkpt lat="45.344515" lon="6.356315">
        <ele>1530.198786</ele>
        <time>2026-09-03T10:42:08.840Z</time>
      </trkpt>
      <trkpt lat="45.344602" lon="6.356268">
        <ele>1530.187268</ele>
        <time>2026-09-03T10:42:42.818Z</time>
      </trkpt>
      <trkpt lat="45.344720" lon="6.356265">
        <ele>1530.006376</ele>
        <time>2026-09-03T10:42:45.800Z</time>
      </trkpt>
      <trkpt lat="45.344807" lon="6.356222">
        <ele>1529.784998</ele>
        <time>2026-09-03T10:42:47.805Z</time>
      </trkpt>
      <trkpt lat="45.344935" lon="6.356187">
        <ele>1529.471697</ele>
        <time>2026-09-03T10:42:50.824Z</time>
      </trkpt>
      <trkpt lat="45.345108" lon="6.356137">
        <ele>1529.047369</ele>
        <time>2026-09-03T10:43:26.808Z</time>
      </trkpt>
      <trkpt lat="45.345230" lon="6.356110">
        <ele>1528.750594</ele>
        <time>2026-09-03T10:43:29.797Z</time>
      </trkpt>
      <trkpt lat="45.345352" lon="6.356078">
        <ele>1528.452404</ele>
        <time>2026-09-03T10:43:32.830Z</time>
      </trkpt>
      <trkpt lat="45.345477" lon="6.356072">
        <ele>1528.151773</ele>
        <time>2026-09-03T10:43:35.804Z</time>
      </trkpt>
      <trkpt lat="45.345572" lon="6.356068">
        <ele>1527.923324</ele>
        <time>2026-09-03T10:43:37.837Z</time>
      </trkpt>
      <trkpt lat="45.345678" lon="6.356083">
        <ele>1527.667278</ele>
        <time>2026-09-03T10:43:39.802Z</time>
      </trkpt>
      <trkpt lat="45.345778" lon="6.356103">
        <ele>1527.424547</ele>
        <time>2026-09-03T10:43:41.820Z</time>
      </trkpt>
      <trkpt lat="45.345880" lon="6.356133">
        <ele>1527.174188</ele>
        <time>2026-09-03T10:43:43.826Z</time>
      </trkpt>
      <trkpt lat="45.345995" lon="6.356173">
        <ele>1526.889626</ele>
        <time>2026-09-03T10:43:45.834Z</time>
      </trkpt>
      <trkpt lat="45.346113" lon="6.356185">
        <ele>1526.605268</ele>
        <time>2026-09-03T10:43:47.804Z</time>
      </trkpt>
      <trkpt lat="45.346237" lon="6.356155">
        <ele>1526.302934</ele>
        <time>2026-09-03T10:43:49.799Z</time>
      </trkpt>
      <trkpt lat="45.346355" lon="6.356093">
        <ele>1526.000579</ele>
        <time>2026-09-03T10:43:51.818Z</time>
      </trkpt>
      <trkpt lat="45.346477" lon="6.356028">
        <ele>1525.429078</ele>
        <time>2026-09-03T10:43:53.835Z</time>
      </trkpt>
      <trkpt lat="45.346612" lon="6.355968">
        <ele>1524.575123</ele>
        <time>2026-09-03T10:43:55.798Z</time>
      </trkpt>
      <trkpt lat="45.346752" lon="6.355945">
        <ele>1523.724204</ele>
        <time>2026-09-03T10:43:57.827Z</time>
      </trkpt>
      <trkpt lat="45.346892" lon="6.355970">
        <ele>1522.872269</ele>
        <time>2026-09-03T10:43:59.824Z</time>
      </trkpt>
      <trkpt lat="45.347022" lon="6.356043">
        <ele>1522.028427</ele>
        <time>2026-09-03T10:44:01.826Z</time>
      </trkpt>
      <trkpt lat="45.347157" lon="6.356142">
        <ele>1521.111421</ele>
        <time>2026-09-03T10:44:03.825Z</time>
      </trkpt>
      <trkpt lat="45.347298" lon="6.356212">
        <ele>1520.209747</ele>
        <time>2026-09-03T10:44:05.808Z</time>
      </trkpt>
      <trkpt lat="45.347447" lon="6.356280">
        <ele>1519.264958</ele>
        <time>2026-09-03T10:44:07.834Z</time>
      </trkpt>
      <trkpt lat="45.347603" lon="6.356297">
        <ele>1518.320290</ele>
        <time>2026-09-03T10:44:09.805Z</time>
      </trkpt>
      <trkpt lat="45.347752" lon="6.356230">
        <ele>1517.376789</ele>
        <time>2026-09-03T10:44:11.833Z</time>
      </trkpt>
      <trkpt lat="45.347893" lon="6.356092">
        <ele>1516.343492</ele>
        <time>2026-09-03T10:44:13.822Z</time>
      </trkpt>
      <trkpt lat="45.348017" lon="6.355912">
        <ele>1515.273930</ele>
        <time>2026-09-03T10:44:15.805Z</time>
      </trkpt>
      <trkpt lat="45.348082" lon="6.355812">
        <ele>1514.519492</ele>
        <time>2026-09-03T10:44:16.802Z</time>
      </trkpt>
      <trkpt lat="45.348148" lon="6.355717">
        <ele>1513.621942</ele>
        <time>2026-09-03T10:44:17.830Z</time>
      </trkpt>
      <trkpt lat="45.348225" lon="6.355628">
        <ele>1512.673505</ele>
        <time>2026-09-03T10:44:18.836Z</time>
      </trkpt>
      <trkpt lat="45.348313" lon="6.355553">
        <ele>1511.692806</ele>
        <time>2026-09-03T10:44:19.827Z</time>
      </trkpt>
      <trkpt lat="45.348408" lon="6.355490">
        <ele>1510.690760</ele>
        <time>2026-09-03T10:44:20.835Z</time>
      </trkpt>
      <trkpt lat="45.348505" lon="6.355433">
        <ele>1509.687420</ele>
        <time>2026-09-03T10:44:21.813Z</time>
      </trkpt>
      <trkpt lat="45.348605" lon="6.355368">
        <ele>1508.636339</ele>
        <time>2026-09-03T10:44:22.842Z</time>
      </trkpt>
      <trkpt lat="45.348705" lon="6.355297">
        <ele>1507.567879</ele>
        <time>2026-09-03T10:44:23.815Z</time>
      </trkpt>
      <trkpt lat="45.348802" lon="6.355222">
        <ele>1506.512439</ele>
        <time>2026-09-03T10:44:24.809Z</time>
      </trkpt>
      <trkpt lat="45.348892" lon="6.355160">
        <ele>1505.556456</ele>
        <time>2026-09-03T10:44:25.823Z</time>
      </trkpt>
      <trkpt lat="45.348975" lon="6.355092">
        <ele>1504.640800</ele>
        <time>2026-09-03T10:44:26.829Z</time>
      </trkpt>
      <trkpt lat="45.349062" lon="6.355033">
        <ele>1503.719399</ele>
        <time>2026-09-03T10:44:27.820Z</time>
      </trkpt>
      <trkpt lat="45.349158" lon="6.354997">
        <ele>1502.770253</ele>
        <time>2026-09-03T10:44:28.833Z</time>
      </trkpt>
      <trkpt lat="45.349253" lon="6.354968">
        <ele>1501.841340</ele>
        <time>2026-09-03T10:44:29.826Z</time>
      </trkpt>
      <trkpt lat="45.349353" lon="6.354970">
        <ele>1500.885196</ele>
        <time>2026-09-03T10:44:30.834Z</time>
      </trkpt>
      <trkpt lat="45.349463" lon="6.354980">
        <ele>1499.831398</ele>
        <time>2026-09-03T10:44:31.831Z</time>
      </trkpt>
      <trkpt lat="45.349580" lon="6.354998">
        <ele>1498.706300</ele>
        <time>2026-09-03T10:44:32.834Z</time>
      </trkpt>
      <trkpt lat="45.349698" lon="6.355013">
        <ele>1497.591050</ele>
        <time>2026-09-03T10:44:33.838Z</time>
      </trkpt>
      <trkpt lat="45.349820" lon="6.355022">
        <ele>1496.511852</ele>
        <time>2026-09-03T10:44:34.842Z</time>
      </trkpt>
      <trkpt lat="45.349943" lon="6.355035">
        <ele>1495.422274</ele>
        <time>2026-09-03T10:44:35.860Z</time>
      </trkpt>
      <trkpt lat="45.350072" lon="6.355052">
        <ele>1494.277808</ele>
        <time>2026-09-03T10:44:36.808Z</time>
      </trkpt>
      <trkpt lat="45.350195" lon="6.355080">
        <ele>1493.177406</ele>
        <time>2026-09-03T10:44:37.799Z</time>
      </trkpt>
      <trkpt lat="45.350325" lon="6.355105">
        <ele>1492.018543</ele>
        <time>2026-09-03T10:44:38.807Z</time>
      </trkpt>
      <trkpt lat="45.350443" lon="6.355182">
        <ele>1490.871744</ele>
        <time>2026-09-03T10:44:39.802Z</time>
      </trkpt>
      <trkpt lat="45.350553" lon="6.355243">
        <ele>1489.828815</ele>
        <time>2026-09-03T10:44:40.807Z</time>
      </trkpt>
      <trkpt lat="45.350652" lon="6.355290">
        <ele>1488.906855</ele>
        <time>2026-09-03T10:44:41.823Z</time>
      </trkpt>
      <trkpt lat="45.350743" lon="6.355313">
        <ele>1488.090376</ele>
        <time>2026-09-03T10:44:42.810Z</time>
      </trkpt>
      <trkpt lat="45.350875" lon="6.355415">
        <ele>1486.763439</ele>
        <time>2026-09-03T10:44:44.810Z</time>
      </trkpt>
      <trkpt lat="45.350955" lon="6.355600">
        <ele>1485.414901</ele>
        <time>2026-09-03T10:44:46.828Z</time>
      </trkpt>
      <trkpt lat="45.351000" lon="6.355835">
        <ele>1483.902780</ele>
        <time>2026-09-03T10:44:48.814Z</time>
      </trkpt>
      <trkpt lat="45.351032" lon="6.356075">
        <ele>1482.386229</ele>
        <time>2026-09-03T10:44:50.813Z</time>
      </trkpt>
      <trkpt lat="45.351047" lon="6.356328">
        <ele>1481.502337</ele>
        <time>2026-09-03T10:44:52.812Z</time>
      </trkpt>
      <trkpt lat="45.351033" lon="6.356575">
        <ele>1480.929445</ele>
        <time>2026-09-03T10:44:54.813Z</time>
      </trkpt>
      <trkpt lat="45.351000" lon="6.356808">
        <ele>1480.379942</ele>
        <time>2026-09-03T10:44:56.802Z</time>
      </trkpt>
      <trkpt lat="45.350967" lon="6.357028">
        <ele>1479.859868</ele>
        <time>2026-09-03T10:44:58.824Z</time>
      </trkpt>
      <trkpt lat="45.350913" lon="6.357230">
        <ele>1479.360218</ele>
        <time>2026-09-03T10:45:00.812Z</time>
      </trkpt>
      <trkpt lat="45.350852" lon="6.357422">
        <ele>1478.873079</ele>
        <time>2026-09-03T10:45:02.813Z</time>
      </trkpt>
      <trkpt lat="45.350815" lon="6.357613">
        <ele>1478.415036</ele>
        <time>2026-09-03T10:45:04.829Z</time>
      </trkpt>
      <trkpt lat="45.350807" lon="6.357800">
        <ele>1477.981910</ele>
        <time>2026-09-03T10:45:06.813Z</time>
      </trkpt>
      <trkpt lat="45.350848" lon="6.357988">
        <ele>1477.526825</ele>
        <time>2026-09-03T10:45:08.815Z</time>
      </trkpt>
      <trkpt lat="45.350903" lon="6.358107">
        <ele>1477.197543</ele>
        <time>2026-09-03T10:45:10.829Z</time>
      </trkpt>
      <trkpt lat="45.350983" lon="6.358310">
        <ele>1476.659472</ele>
        <time>2026-09-03T10:45:12.839Z</time>
      </trkpt>
      <trkpt lat="45.351082" lon="6.358497">
        <ele>1476.118201</ele>
        <time>2026-09-03T10:45:14.816Z</time>
      </trkpt>
      <trkpt lat="45.351187" lon="6.358692">
        <ele>1474.936979</ele>
        <time>2026-09-03T10:45:16.809Z</time>
      </trkpt>
      <trkpt lat="45.351240" lon="6.358803">
        <ele>1474.199963</ele>
        <time>2026-09-03T10:45:17.837Z</time>
      </trkpt>
      <trkpt lat="45.351345" lon="6.359018">
        <ele>1472.762045</ele>
        <time>2026-09-03T10:45:19.810Z</time>
      </trkpt>
      <trkpt lat="45.351410" lon="6.359128">
        <ele>1471.972738</ele>
        <time>2026-09-03T10:45:20.797Z</time>
      </trkpt>
      <trkpt lat="45.351470" lon="6.359228">
        <ele>1471.250595</ele>
        <time>2026-09-03T10:45:21.834Z</time>
      </trkpt>
      <trkpt lat="45.351535" lon="6.359328">
        <ele>1470.502489</ele>
        <time>2026-09-03T10:45:22.831Z</time>
      </trkpt>
      <trkpt lat="45.351603" lon="6.359418">
        <ele>1469.776733</ele>
        <time>2026-09-03T10:45:23.831Z</time>
      </trkpt>
      <trkpt lat="45.351672" lon="6.359513">
        <ele>1469.026408</ele>
        <time>2026-09-03T10:45:24.836Z</time>
      </trkpt>
      <trkpt lat="45.351745" lon="6.359628">
        <ele>1468.175315</ele>
        <time>2026-09-03T10:45:25.838Z</time>
      </trkpt>
      <trkpt lat="45.351813" lon="6.359725">
        <ele>1467.422851</ele>
        <time>2026-09-03T10:45:26.845Z</time>
      </trkpt>
      <trkpt lat="45.351900" lon="6.359808">
        <ele>1466.604281</ele>
        <time>2026-09-03T10:45:27.837Z</time>
      </trkpt>
      <trkpt lat="45.351983" lon="6.359907">
        <ele>1465.757903</ele>
        <time>2026-09-03T10:45:28.832Z</time>
      </trkpt>
      <trkpt lat="45.352075" lon="6.359983">
        <ele>1464.926551</ele>
        <time>2026-09-03T10:45:29.850Z</time>
      </trkpt>
      <trkpt lat="45.352172" lon="6.360058">
        <ele>1464.063819</ele>
        <time>2026-09-03T10:45:30.810Z</time>
      </trkpt>
      <trkpt lat="45.352277" lon="6.360143">
        <ele>1463.119753</ele>
        <time>2026-09-03T10:45:31.809Z</time>
      </trkpt>
      <trkpt lat="45.352383" lon="6.360242">
        <ele>1462.128873</ele>
        <time>2026-09-03T10:45:32.837Z</time>
      </trkpt>
      <trkpt lat="45.352490" lon="6.360337">
        <ele>1461.264195</ele>
        <time>2026-09-03T10:45:33.842Z</time>
      </trkpt>
      <trkpt lat="45.352603" lon="6.360418">
        <ele>1460.425534</ele>
        <time>2026-09-03T10:45:34.843Z</time>
      </trkpt>
      <trkpt lat="45.352708" lon="6.360505">
        <ele>1459.620176</ele>
        <time>2026-09-03T10:45:35.835Z</time>
      </trkpt>
      <trkpt lat="45.352812" lon="6.360587">
        <ele>1458.832088</ele>
        <time>2026-09-03T10:45:36.842Z</time>
      </trkpt>
      <trkpt lat="45.352915" lon="6.360670">
        <ele>1458.047506</ele>
        <time>2026-09-03T10:45:37.839Z</time>
      </trkpt>
      <trkpt lat="45.353013" lon="6.360742">
        <ele>1457.316464</ele>
        <time>2026-09-03T10:45:38.835Z</time>
      </trkpt>
      <trkpt lat="45.353102" lon="6.360818">
        <ele>1456.628479</ele>
        <time>2026-09-03T10:45:39.833Z</time>
      </trkpt>
      <trkpt lat="45.353200" lon="6.360883">
        <ele>1455.911810</ele>
        <time>2026-09-03T10:45:40.823Z</time>
      </trkpt>
      <trkpt lat="45.353303" lon="6.360942">
        <ele>1455.175858</ele>
        <time>2026-09-03T10:45:41.848Z</time>
      </trkpt>
      <trkpt lat="45.353407" lon="6.360993">
        <ele>1454.446730</ele>
        <time>2026-09-03T10:45:42.843Z</time>
      </trkpt>
      <trkpt lat="45.353520" lon="6.361040">
        <ele>1453.666393</ele>
        <time>2026-09-03T10:45:43.844Z</time>
      </trkpt>
      <trkpt lat="45.353635" lon="6.361072">
        <ele>1452.889701</ele>
        <time>2026-09-03T10:45:44.847Z</time>
      </trkpt>
      <trkpt lat="45.353748" lon="6.361097">
        <ele>1452.131704</ele>
        <time>2026-09-03T10:45:45.849Z</time>
      </trkpt>
      <trkpt lat="45.353848" lon="6.361127">
        <ele>1451.454304</ele>
        <time>2026-09-03T10:45:46.849Z</time>
      </trkpt>
      <trkpt lat="45.354013" lon="6.361172">
        <ele>1450.340729</ele>
        <time>2026-09-03T10:45:48.814Z</time>
      </trkpt>
      <trkpt lat="45.354173" lon="6.361162">
        <ele>1448.781115</ele>
        <time>2026-09-03T10:45:50.854Z</time>
      </trkpt>
      <trkpt lat="45.354288" lon="6.361022">
        <ele>1447.101522</ele>
        <time>2026-09-03T10:45:52.811Z</time>
      </trkpt>
      <trkpt lat="45.354392" lon="6.360862">
        <ele>1445.401743</ele>
        <time>2026-09-03T10:45:54.839Z</time>
      </trkpt>
      <trkpt lat="45.354490" lon="6.360758">
        <ele>1444.044995</ele>
        <time>2026-09-03T10:45:56.840Z</time>
      </trkpt>
      <trkpt lat="45.354580" lon="6.360677">
        <ele>1442.863166</ele>
        <time>2026-09-03T10:45:58.813Z</time>
      </trkpt>
      <trkpt lat="45.354675" lon="6.360610">
        <ele>1441.686465</ele>
        <time>2026-09-03T10:46:00.831Z</time>
      </trkpt>
      <trkpt lat="45.354778" lon="6.360537">
        <ele>1440.409432</ele>
        <time>2026-09-03T10:46:02.843Z</time>
      </trkpt>
      <trkpt lat="45.354892" lon="6.360485">
        <ele>1439.080839</ele>
        <time>2026-09-03T10:46:04.805Z</time>
      </trkpt>
      <trkpt lat="45.354988" lon="6.360445">
        <ele>1437.970688</ele>
        <time>2026-09-03T10:46:07.844Z</time>
      </trkpt>
      <trkpt lat="45.355128" lon="6.360440">
        <ele>1436.416460</ele>
        <time>2026-09-03T10:46:44.808Z</time>
      </trkpt>
      <trkpt lat="45.355227" lon="6.360437">
        <ele>1435.317496</ele>
        <time>2026-09-03T10:46:46.806Z</time>
      </trkpt>
      <trkpt lat="45.355345" lon="6.360435">
        <ele>1434.007823</ele>
        <time>2026-09-03T10:46:49.827Z</time>
      </trkpt>
      <trkpt lat="45.355498" lon="6.360517">
        <ele>1432.193379</ele>
        <time>2026-09-03T10:47:23.818Z</time>
      </trkpt>
      <trkpt lat="45.355605" lon="6.360565">
        <ele>1430.948274</ele>
        <time>2026-09-03T10:47:25.806Z</time>
      </trkpt>
      <trkpt lat="45.355732" lon="6.360625">
        <ele>1429.525114</ele>
        <time>2026-09-03T10:47:27.808Z</time>
      </trkpt>
      <trkpt lat="45.355877" lon="6.360720">
        <ele>1427.938588</ele>
        <time>2026-09-03T10:47:29.806Z</time>
      </trkpt>
      <trkpt lat="45.356027" lon="6.360822">
        <ele>1426.286308</ele>
        <time>2026-09-03T10:47:31.824Z</time>
      </trkpt>
      <trkpt lat="45.356185" lon="6.360925">
        <ele>1424.559051</ele>
        <time>2026-09-03T10:47:33.817Z</time>
      </trkpt>
      <trkpt lat="45.356267" lon="6.360995">
        <ele>1423.608681</ele>
        <time>2026-09-03T10:47:34.805Z</time>
      </trkpt>
      <trkpt lat="45.356348" lon="6.361072">
        <ele>1422.640544</ele>
        <time>2026-09-03T10:47:35.797Z</time>
      </trkpt>
      <trkpt lat="45.356423" lon="6.361153">
        <ele>1421.704779</ele>
        <time>2026-09-03T10:47:36.804Z</time>
      </trkpt>
      <trkpt lat="45.356502" lon="6.361227">
        <ele>1420.764788</ele>
        <time>2026-09-03T10:47:37.822Z</time>
      </trkpt>
      <trkpt lat="45.356580" lon="6.361295">
        <ele>1419.855658</ele>
        <time>2026-09-03T10:47:38.824Z</time>
      </trkpt>
      <trkpt lat="45.356657" lon="6.361370">
        <ele>1418.928280</ele>
        <time>2026-09-03T10:47:39.810Z</time>
      </trkpt>
      <trkpt lat="45.356730" lon="6.361448">
        <ele>1418.021004</ele>
        <time>2026-09-03T10:47:40.827Z</time>
      </trkpt>
      <trkpt lat="45.356802" lon="6.361537">
        <ele>1417.073152</ele>
        <time>2026-09-03T10:47:41.829Z</time>
      </trkpt>
      <trkpt lat="45.356868" lon="6.361637">
        <ele>1416.115009</ele>
        <time>2026-09-03T10:47:42.828Z</time>
      </trkpt>
      <trkpt lat="45.356933" lon="6.361743">
        <ele>1415.132471</ele>
        <time>2026-09-03T10:47:43.793Z</time>
      </trkpt>
      <trkpt lat="45.357005" lon="6.361853">
        <ele>1414.082589</ele>
        <time>2026-09-03T10:47:44.852Z</time>
      </trkpt>
      <trkpt lat="45.357115" lon="6.362062">
        <ele>1412.258921</ele>
        <time>2026-09-03T10:47:46.862Z</time>
      </trkpt>
      <trkpt lat="45.357162" lon="6.362250">
        <ele>1410.624864</ele>
        <time>2026-09-03T10:47:48.795Z</time>
      </trkpt>
      <trkpt lat="45.357227" lon="6.362375">
        <ele>1409.340159</ele>
        <time>2026-09-03T10:47:50.796Z</time>
      </trkpt>
      <trkpt lat="45.357352" lon="6.362365">
        <ele>1407.868203</ele>
        <time>2026-09-03T10:47:52.819Z</time>
      </trkpt>
      <trkpt lat="45.357440" lon="6.362335">
        <ele>1406.804308</ele>
        <time>2026-09-03T10:47:53.829Z</time>
      </trkpt>
      <trkpt lat="45.357593" lon="6.362313">
        <ele>1404.996316</ele>
        <time>2026-09-03T10:47:55.813Z</time>
      </trkpt>
      <trkpt lat="45.357733" lon="6.362423">
        <ele>1403.116121</ele>
        <time>2026-09-03T10:47:57.835Z</time>
      </trkpt>
      <trkpt lat="45.357803" lon="6.362505">
        <ele>1402.050174</ele>
        <time>2026-09-03T10:47:58.835Z</time>
      </trkpt>
      <trkpt lat="45.357870" lon="6.362593">
        <ele>1400.978237</ele>
        <time>2026-09-03T10:47:59.834Z</time>
      </trkpt>
      <trkpt lat="45.357933" lon="6.362685">
        <ele>1399.916961</ele>
        <time>2026-09-03T10:48:00.831Z</time>
      </trkpt>
      <trkpt lat="45.357992" lon="6.362793">
        <ele>1398.786804</ele>
        <time>2026-09-03T10:48:01.827Z</time>
      </trkpt>
      <trkpt lat="45.358033" lon="6.362910">
        <ele>1397.706689</ele>
        <time>2026-09-03T10:48:02.812Z</time>
      </trkpt>
      <trkpt lat="45.358070" lon="6.363038">
        <ele>1396.563249</ele>
        <time>2026-09-03T10:48:03.825Z</time>
      </trkpt>
      <trkpt lat="45.358095" lon="6.363178">
        <ele>1395.369891</ele>
        <time>2026-09-03T10:48:04.834Z</time>
      </trkpt>
      <trkpt lat="45.358102" lon="6.363325">
        <ele>1394.152681</ele>
        <time>2026-09-03T10:48:05.812Z</time>
      </trkpt>
      <trkpt lat="45.358102" lon="6.363468">
        <ele>1392.971302</ele>
        <time>2026-09-03T10:48:06.830Z</time>
      </trkpt>
      <trkpt lat="45.358117" lon="6.363608">
        <ele>1391.801339</ele>
        <time>2026-09-03T10:48:07.835Z</time>
      </trkpt>
      <trkpt lat="45.358153" lon="6.363737">
        <ele>1390.719780</ele>
        <time>2026-09-03T10:48:08.833Z</time>
      </trkpt>
      <trkpt lat="45.358208" lon="6.363852">
        <ele>1389.768394</ele>
        <time>2026-09-03T10:48:09.841Z</time>
      </trkpt>
      <trkpt lat="45.358272" lon="6.363958">
        <ele>1388.812591</ele>
        <time>2026-09-03T10:48:10.841Z</time>
      </trkpt>
      <trkpt lat="45.358343" lon="6.364043">
        <ele>1387.909556</ele>
        <time>2026-09-03T10:48:11.831Z</time>
      </trkpt>
      <trkpt lat="45.358475" lon="6.364145">
        <ele>1386.447636</ele>
        <time>2026-09-03T10:48:13.816Z</time>
      </trkpt>
      <trkpt lat="45.358585" lon="6.364247">
        <ele>1385.169800</ele>
        <time>2026-09-03T10:48:15.838Z</time>
      </trkpt>
      <trkpt lat="45.358702" lon="6.364350">
        <ele>1383.830780</ele>
        <time>2026-09-03T10:48:17.817Z</time>
      </trkpt>
      <trkpt lat="45.358818" lon="6.364492">
        <ele>1382.341548</ele>
        <time>2026-09-03T10:48:19.828Z</time>
      </trkpt>
      <trkpt lat="45.358948" lon="6.364690">
        <ele>1380.488281</ele>
        <time>2026-09-03T10:48:21.809Z</time>
      </trkpt>
      <trkpt lat="45.359017" lon="6.364795">
        <ele>1379.505086</ele>
        <time>2026-09-03T10:48:22.818Z</time>
      </trkpt>
      <trkpt lat="45.359077" lon="6.364905">
        <ele>1378.552737</ele>
        <time>2026-09-03T10:48:23.813Z</time>
      </trkpt>
      <trkpt lat="45.359147" lon="6.365015">
        <ele>1377.537790</ele>
        <time>2026-09-03T10:48:24.833Z</time>
      </trkpt>
      <trkpt lat="45.359220" lon="6.365115">
        <ele>1376.551619</ele>
        <time>2026-09-03T10:48:25.838Z</time>
      </trkpt>
      <trkpt lat="45.359360" lon="6.365292">
        <ele>1374.728978</ele>
        <time>2026-09-03T10:48:27.836Z</time>
      </trkpt>
      <trkpt lat="45.359455" lon="6.365367">
        <ele>1373.671607</ele>
        <time>2026-09-03T10:48:28.842Z</time>
      </trkpt>
      <trkpt lat="45.359547" lon="6.365427">
        <ele>1372.367231</ele>
        <time>2026-09-03T10:48:29.838Z</time>
      </trkpt>
      <trkpt lat="45.359647" lon="6.365477">
        <ele>1370.943445</ele>
        <time>2026-09-03T10:48:30.837Z</time>
      </trkpt>
      <trkpt lat="45.359742" lon="6.365515">
        <ele>1369.617868</ele>
        <time>2026-09-03T10:48:31.837Z</time>
      </trkpt>
      <trkpt lat="45.359838" lon="6.365528">
        <ele>1368.322480</ele>
        <time>2026-09-03T10:48:32.840Z</time>
      </trkpt>
      <trkpt lat="45.359932" lon="6.365515">
        <ele>1367.053834</ele>
        <time>2026-09-03T10:48:33.834Z</time>
      </trkpt>
      <trkpt lat="45.360023" lon="6.365503">
        <ele>1365.826199</ele>
        <time>2026-09-03T10:48:34.838Z</time>
      </trkpt>
      <trkpt lat="45.360188" lon="6.365500">
        <ele>1363.609581</ele>
        <time>2026-09-03T10:48:36.825Z</time>
      </trkpt>
      <trkpt lat="45.360330" lon="6.365568">
        <ele>1361.597016</ele>
        <time>2026-09-03T10:48:38.843Z</time>
      </trkpt>
      <trkpt lat="45.360402" lon="6.365688">
        <ele>1360.107627</ele>
        <time>2026-09-03T10:48:40.810Z</time>
      </trkpt>
      <trkpt lat="45.360437" lon="6.365827">
        <ele>1358.713965</ele>
        <time>2026-09-03T10:48:42.839Z</time>
      </trkpt>
      <trkpt lat="45.360432" lon="6.366015">
        <ele>1356.938239</ele>
        <time>2026-09-03T10:48:44.811Z</time>
      </trkpt>
      <trkpt lat="45.360407" lon="6.366232">
        <ele>1354.862715</ele>
        <time>2026-09-03T10:48:46.839Z</time>
      </trkpt>
      <trkpt lat="45.360382" lon="6.366452">
        <ele>1352.759243</ele>
        <time>2026-09-03T10:48:48.851Z</time>
      </trkpt>
      <trkpt lat="45.360363" lon="6.366672">
        <ele>1350.667124</ele>
        <time>2026-09-03T10:48:50.798Z</time>
      </trkpt>
      <trkpt lat="45.360338" lon="6.366855">
        <ele>1349.385074</ele>
        <time>2026-09-03T10:48:52.806Z</time>
      </trkpt>
      <trkpt lat="45.360315" lon="6.366993">
        <ele>1349.441553</ele>
        <time>2026-09-03T10:48:53.807Z</time>
      </trkpt>
      <trkpt lat="45.360300" lon="6.367180">
        <ele>1349.516504</ele>
        <time>2026-09-03T10:48:55.808Z</time>
      </trkpt>
      <trkpt lat="45.360292" lon="6.367317">
        <ele>1349.571248</ele>
        <time>2026-09-03T10:48:57.809Z</time>
      </trkpt>
      <trkpt lat="45.360367" lon="6.367432">
        <ele>1349.633729</ele>
        <time>2026-09-03T10:49:00.815Z</time>
      </trkpt>
      <trkpt lat="45.360490" lon="6.367443">
        <ele>1349.703576</ele>
        <time>2026-09-03T10:49:02.815Z</time>
      </trkpt>
      <trkpt lat="45.360623" lon="6.367417">
        <ele>1349.779661</ele>
        <time>2026-09-03T10:49:04.816Z</time>
      </trkpt>
      <trkpt lat="45.360718" lon="6.367283">
        <ele>1349.855465</ele>
        <time>2026-09-03T10:49:07.800Z</time>
      </trkpt>
      <trkpt lat="45.360775" lon="6.367172">
        <ele>1349.910213</ele>
        <time>2026-09-03T10:49:09.818Z</time>
      </trkpt>
      <trkpt lat="45.360865" lon="6.367043">
        <ele>1349.982605</ele>
        <time>2026-09-03T10:49:12.823Z</time>
      </trkpt>
      <trkpt lat="45.360930" lon="6.366948">
        <ele>1350.035408</ele>
        <time>2026-09-03T10:49:15.812Z</time>
      </trkpt>
      <trkpt lat="45.361000" lon="6.366833">
        <ele>1350.095997</ele>
        <time>2026-09-03T10:49:19.817Z</time>
      </trkpt>
      <trkpt lat="45.361072" lon="6.366747">
        <ele>1350.149270</ele>
        <time>2026-09-03T10:49:23.839Z</time>
      </trkpt>
      <trkpt lat="45.361150" lon="6.366635">
        <ele>1350.212065</ele>
        <time>2026-09-03T10:49:27.821Z</time>
      </trkpt>
      <trkpt lat="45.361218" lon="6.366515">
        <ele>1350.273455</ele>
        <time>2026-09-03T10:49:31.833Z</time>
      </trkpt>
      <trkpt lat="45.361282" lon="6.366418">
        <ele>1350.326442</ele>
        <time>2026-09-03T10:49:35.841Z</time>
      </trkpt>
      <trkpt lat="45.361347" lon="6.366328">
        <ele>1350.377838</ele>
        <time>2026-09-03T10:49:39.808Z</time>
      </trkpt>
      <trkpt lat="45.361405" lon="6.366228">
        <ele>1350.174720</ele>
        <time>2026-09-03T10:49:42.845Z</time>
      </trkpt>
      <trkpt lat="45.361458" lon="6.366118">
        <ele>1349.922839</ele>
        <time>2026-09-03T10:49:45.806Z</time>
      </trkpt>
      <trkpt lat="45.361528" lon="6.365985">
        <ele>1349.609022</ele>
        <time>2026-09-03T10:49:49.841Z</time>
      </trkpt>
      <trkpt lat="45.361583" lon="6.365878">
        <ele>1349.358657</ele>
        <time>2026-09-03T10:49:52.813Z</time>
      </trkpt>
      <trkpt lat="45.361635" lon="6.365755">
        <ele>1349.087571</ele>
        <time>2026-09-03T10:49:55.840Z</time>
      </trkpt>
      <trkpt lat="45.361683" lon="6.365622">
        <ele>1348.805210</ele>
        <time>2026-09-03T10:49:58.818Z</time>
      </trkpt>
      <trkpt lat="45.361758" lon="6.365522">
        <ele>1348.528992</ele>
        <time>2026-09-03T10:50:01.837Z</time>
      </trkpt>
      <trkpt lat="45.361858" lon="6.365547">
        <ele>1348.256106</ele>
        <time>2026-09-03T10:50:04.847Z</time>
      </trkpt>
      <trkpt lat="45.361947" lon="6.365695">
        <ele>1347.888227</ele>
        <time>2026-09-03T10:50:07.814Z</time>
      </trkpt>
      <trkpt lat="45.362000" lon="6.365843">
        <ele>1347.574528</ele>
        <time>2026-09-03T10:50:09.839Z</time>
      </trkpt>
      <trkpt lat="45.362068" lon="6.366005">
        <ele>1347.218165</ele>
        <time>2026-09-03T10:50:11.839Z</time>
      </trkpt>
      <trkpt lat="45.362162" lon="6.366163">
        <ele>1346.827195</ele>
        <time>2026-09-03T10:50:13.848Z</time>
      </trkpt>
      <trkpt lat="45.362268" lon="6.366330">
        <ele>1346.402196</ele>
        <time>2026-09-03T10:50:15.813Z</time>
      </trkpt>
      <trkpt lat="45.362360" lon="6.366543">
        <ele>1345.930033</ele>
        <time>2026-09-03T10:50:17.834Z</time>
      </trkpt>
      <trkpt lat="45.362437" lon="6.366775">
        <ele>1345.401201</ele>
        <time>2026-09-03T10:50:19.838Z</time>
      </trkpt>
      <trkpt lat="45.362472" lon="6.366903">
        <ele>1345.032803</ele>
        <time>2026-09-03T10:50:20.844Z</time>
      </trkpt>
      <trkpt lat="45.362515" lon="6.367025">
        <ele>1344.666717</ele>
        <time>2026-09-03T10:50:21.801Z</time>
      </trkpt>
      <trkpt lat="45.362560" lon="6.367143">
        <ele>1344.306610</ele>
        <time>2026-09-03T10:50:22.835Z</time>
      </trkpt>
      <trkpt lat="45.362610" lon="6.367260">
        <ele>1343.939311</ele>
        <time>2026-09-03T10:50:23.836Z</time>
      </trkpt>
      <trkpt lat="45.362657" lon="6.367377">
        <ele>1343.577830</ele>
        <time>2026-09-03T10:50:24.838Z</time>
      </trkpt>
      <trkpt lat="45.362735" lon="6.367613">
        <ele>1342.878309</ele>
        <time>2026-09-03T10:50:26.836Z</time>
      </trkpt>
      <trkpt lat="45.362822" lon="6.367787">
        <ele>1342.305509</ele>
        <time>2026-09-03T10:50:28.803Z</time>
      </trkpt>
      <trkpt lat="45.362922" lon="6.367885">
        <ele>1341.842030</ele>
        <time>2026-09-03T10:50:30.836Z</time>
      </trkpt>
      <trkpt lat="45.363015" lon="6.367902">
        <ele>1341.484099</ele>
        <time>2026-09-03T10:50:32.842Z</time>
      </trkpt>
      <trkpt lat="45.363100" lon="6.367838">
        <ele>1341.117015</ele>
        <time>2026-09-03T10:50:34.807Z</time>
      </trkpt>
      <trkpt lat="45.363148" lon="6.367680">
        <ele>1340.655321</ele>
        <time>2026-09-03T10:50:37.838Z</time>
      </trkpt>
      <trkpt lat="45.363173" lon="6.367545">
        <ele>1340.280869</ele>
        <time>2026-09-03T10:50:40.806Z</time>
      </trkpt>
      <trkpt lat="45.363207" lon="6.367413">
        <ele>1339.903788</ele>
        <time>2026-09-03T10:50:43.842Z</time>
      </trkpt>
      <trkpt lat="45.363252" lon="6.367257">
        <ele>1339.451487</ele>
        <time>2026-09-03T10:50:47.816Z</time>
      </trkpt>
      <trkpt lat="45.363292" lon="6.367142">
        <ele>1339.107316</ele>
        <time>2026-09-03T10:50:50.838Z</time>
      </trkpt>
      <trkpt lat="45.363325" lon="6.367018">
        <ele>1338.751676</ele>
        <time>2026-09-03T10:50:53.837Z</time>
      </trkpt>
      <trkpt lat="45.363353" lon="6.366897">
        <ele>1338.808516</ele>
        <time>2026-09-03T10:50:56.832Z</time>
      </trkpt>
      <trkpt lat="45.363378" lon="6.366762">
        <ele>1338.977096</ele>
        <time>2026-09-03T10:50:59.838Z</time>
      </trkpt>
      <trkpt lat="45.363398" lon="6.366608">
        <ele>1339.166202</ele>
        <time>2026-09-03T10:51:02.816Z</time>
      </trkpt>
      <trkpt lat="45.363412" lon="6.366450">
        <ele>1339.358498</ele>
        <time>2026-09-03T10:51:05.838Z</time>
      </trkpt>
      <trkpt lat="45.363453" lon="6.366313">
        <ele>1339.538308</ele>
        <time>2026-09-03T10:51:08.814Z</time>
      </trkpt>
      <trkpt lat="45.363548" lon="6.366203">
        <ele>1339.748780</ele>
        <time>2026-09-03T10:51:11.841Z</time>
      </trkpt>
      <trkpt lat="45.363623" lon="6.366132">
        <ele>1339.903584</ele>
        <time>2026-09-03T10:51:13.806Z</time>
      </trkpt>
      <trkpt lat="45.363698" lon="6.366048">
        <ele>1340.067602</ele>
        <time>2026-09-03T10:51:15.840Z</time>
      </trkpt>
      <trkpt lat="45.363777" lon="6.365967">
        <ele>1340.234933</ele>
        <time>2026-09-03T10:51:17.847Z</time>
      </trkpt>
      <trkpt lat="45.363852" lon="6.365863">
        <ele>1340.414889</ele>
        <time>2026-09-03T10:51:19.812Z</time>
      </trkpt>
      <trkpt lat="45.363928" lon="6.365758">
        <ele>1340.596919</ele>
        <time>2026-09-03T10:51:21.844Z</time>
      </trkpt>
      <trkpt lat="45.364007" lon="6.365648">
        <ele>1340.786855</ele>
        <time>2026-09-03T10:51:23.811Z</time>
      </trkpt>
      <trkpt lat="45.364082" lon="6.365530">
        <ele>1340.978989</ele>
        <time>2026-09-03T10:51:25.843Z</time>
      </trkpt>
      <trkpt lat="45.364143" lon="6.365405">
        <ele>1341.162761</ele>
        <time>2026-09-03T10:51:27.815Z</time>
      </trkpt>
      <trkpt lat="45.364200" lon="6.365277">
        <ele>1341.345749</ele>
        <time>2026-09-03T10:51:29.837Z</time>
      </trkpt>
      <trkpt lat="45.364255" lon="6.365150">
        <ele>1341.525890</ele>
        <time>2026-09-03T10:51:31.806Z</time>
      </trkpt>
      <trkpt lat="45.364310" lon="6.365022">
        <ele>1341.707061</ele>
        <time>2026-09-03T10:51:33.842Z</time>
      </trkpt>
      <trkpt lat="45.364358" lon="6.364902">
        <ele>1341.937001</ele>
        <time>2026-09-03T10:51:35.839Z</time>
      </trkpt>
      <trkpt lat="45.364400" lon="6.364775">
        <ele>1342.215973</ele>
        <time>2026-09-03T10:51:37.842Z</time>
      </trkpt>
      <trkpt lat="45.364448" lon="6.364653">
        <ele>1342.493873</ele>
        <time>2026-09-03T10:51:39.811Z</time>
      </trkpt>
      <trkpt lat="45.364493" lon="6.364537">
        <ele>1342.757228</ele>
        <time>2026-09-03T10:51:41.843Z</time>
      </trkpt>
      <trkpt lat="45.364537" lon="6.364408">
        <ele>1343.042226</ele>
        <time>2026-09-03T10:51:43.816Z</time>
      </trkpt>
      <trkpt lat="45.364575" lon="6.364280">
        <ele>1343.318399</ele>
        <time>2026-09-03T10:51:45.844Z</time>
      </trkpt>
      <trkpt lat="45.364628" lon="6.364110">
        <ele>1343.688038</ele>
        <time>2026-09-03T10:51:48.803Z</time>
      </trkpt>
      <trkpt lat="45.364697" lon="6.363947">
        <ele>1344.066250</ele>
        <time>2026-09-03T10:51:51.837Z</time>
      </trkpt>
      <trkpt lat="45.364768" lon="6.363790">
        <ele>1344.437331</ele>
        <time>2026-09-03T10:51:54.810Z</time>
      </trkpt>
      <trkpt lat="45.364817" lon="6.363678">
        <ele>1344.699554</ele>
        <time>2026-09-03T10:51:56.841Z</time>
      </trkpt>
      <trkpt lat="45.364863" lon="6.363565">
        <ele>1344.959110</ele>
        <time>2026-09-03T10:51:58.853Z</time>
      </trkpt>
      <trkpt lat="45.364922" lon="6.363397">
        <ele>1345.332391</ele>
        <time>2026-09-03T10:52:01.816Z</time>
      </trkpt>
      <trkpt lat="45.364977" lon="6.363223">
        <ele>1345.711594</ele>
        <time>2026-09-03T10:52:04.840Z</time>
      </trkpt>
      <trkpt lat="45.365013" lon="6.363105">
        <ele>1345.967269</ele>
        <time>2026-09-03T10:52:06.838Z</time>
      </trkpt>
      <trkpt lat="45.365067" lon="6.362938">
        <ele>1346.332637</ele>
        <time>2026-09-03T10:52:09.810Z</time>
      </trkpt>
      <trkpt lat="45.365117" lon="6.362798">
        <ele>1346.644764</ele>
        <time>2026-09-03T10:52:12.835Z</time>
      </trkpt>
      <trkpt lat="45.365143" lon="6.362647">
        <ele>1346.789128</ele>
        <time>2026-09-03T10:52:15.844Z</time>
      </trkpt>
      <trkpt lat="45.365163" lon="6.362488">
        <ele>1346.522138</ele>
        <time>2026-09-03T10:52:18.811Z</time>
      </trkpt>
      <trkpt lat="45.365208" lon="6.362353">
        <ele>1346.275156</ele>
        <time>2026-09-03T10:52:21.838Z</time>
      </trkpt>
      <trkpt lat="45.365323" lon="6.362340">
        <ele>1346.003754</ele>
        <time>2026-09-03T10:52:25.812Z</time>
      </trkpt>
      <trkpt lat="45.365437" lon="6.362380">
        <ele>1345.727528</ele>
        <time>2026-09-03T10:52:29.844Z</time>
      </trkpt>
      <trkpt lat="45.365527" lon="6.362398">
        <ele>1345.513714</ele>
        <time>2026-09-03T10:52:32.809Z</time>
      </trkpt>
      <trkpt lat="45.365617" lon="6.362420">
        <ele>1345.298880</ele>
        <time>2026-09-03T10:52:35.839Z</time>
      </trkpt>
      <trkpt lat="45.365717" lon="6.362455">
        <ele>1345.056611</ele>
        <time>2026-09-03T10:52:38.841Z</time>
      </trkpt>
      <trkpt lat="45.365842" lon="6.362512">
        <ele>1344.747813</ele>
        <time>2026-09-03T10:52:41.818Z</time>
      </trkpt>
      <trkpt lat="45.365938" lon="6.362557">
        <ele>1344.510030</ele>
        <time>2026-09-03T10:52:43.846Z</time>
      </trkpt>
      <trkpt lat="45.366027" lon="6.362590">
        <ele>1344.293661</ele>
        <time>2026-09-03T10:52:45.840Z</time>
      </trkpt>
      <trkpt lat="45.366125" lon="6.362627">
        <ele>1344.055133</ele>
        <time>2026-09-03T10:52:47.839Z</time>
      </trkpt>
      <trkpt lat="45.366235" lon="6.362643">
        <ele>1343.794999</ele>
        <time>2026-09-03T10:52:49.845Z</time>
      </trkpt>
      <trkpt lat="45.366362" lon="6.362637">
        <ele>1343.496054</ele>
        <time>2026-09-03T10:52:51.818Z</time>
      </trkpt>
      <trkpt lat="45.366487" lon="6.362623">
        <ele>1343.201069</ele>
        <time>2026-09-03T10:52:53.840Z</time>
      </trkpt>
      <trkpt lat="45.366615" lon="6.362605">
        <ele>1342.898470</ele>
        <time>2026-09-03T10:52:55.845Z</time>
      </trkpt>
      <trkpt lat="45.366748" lon="6.362598">
        <ele>1342.498374</ele>
        <time>2026-09-03T10:52:57.815Z</time>
      </trkpt>
      <trkpt lat="45.366887" lon="6.362622">
        <ele>1341.559607</ele>
        <time>2026-09-03T10:52:59.846Z</time>
      </trkpt>
      <trkpt lat="45.367037" lon="6.362668">
        <ele>1340.530844</ele>
        <time>2026-09-03T10:53:01.809Z</time>
      </trkpt>
      <trkpt lat="45.367197" lon="6.362727">
        <ele>1339.422698</ele>
        <time>2026-09-03T10:53:03.840Z</time>
      </trkpt>
      <trkpt lat="45.367363" lon="6.362755">
        <ele>1338.301951</ele>
        <time>2026-09-03T10:53:05.813Z</time>
      </trkpt>
      <trkpt lat="45.367525" lon="6.362738">
        <ele>1337.212862</ele>
        <time>2026-09-03T10:53:07.837Z</time>
      </trkpt>
      <trkpt lat="45.367667" lon="6.362682">
        <ele>1336.224947</ele>
        <time>2026-09-03T10:53:09.836Z</time>
      </trkpt>
      <trkpt lat="45.367790" lon="6.362553">
        <ele>1335.200601</ele>
        <time>2026-09-03T10:53:11.808Z</time>
      </trkpt>
      <trkpt lat="45.367895" lon="6.362370">
        <ele>1334.087672</ele>
        <time>2026-09-03T10:53:13.833Z</time>
      </trkpt>
      <trkpt lat="45.368010" lon="6.362203">
        <ele>1332.986194</ele>
        <time>2026-09-03T10:53:15.836Z</time>
      </trkpt>
      <trkpt lat="45.368168" lon="6.362085">
        <ele>1331.789911</ele>
        <time>2026-09-03T10:53:17.837Z</time>
      </trkpt>
      <trkpt lat="45.368255" lon="6.362035">
        <ele>1331.160861</ele>
        <time>2026-09-03T10:53:18.834Z</time>
      </trkpt>
      <trkpt lat="45.368345" lon="6.361985">
        <ele>1330.516466</ele>
        <time>2026-09-03T10:53:19.835Z</time>
      </trkpt>
      <trkpt lat="45.368435" lon="6.361933">
        <ele>1329.901501</ele>
        <time>2026-09-03T10:53:20.840Z</time>
      </trkpt>
      <trkpt lat="45.368525" lon="6.361880">
        <ele>1329.284850</ele>
        <time>2026-09-03T10:53:21.837Z</time>
      </trkpt>
      <trkpt lat="45.368615" lon="6.361830">
        <ele>1328.673175</ele>
        <time>2026-09-03T10:53:22.836Z</time>
      </trkpt>
      <trkpt lat="45.368712" lon="6.361772">
        <ele>1328.007060</ele>
        <time>2026-09-03T10:53:23.852Z</time>
      </trkpt>
      <trkpt lat="45.368807" lon="6.361710">
        <ele>1327.345386</ele>
        <time>2026-09-03T10:53:24.842Z</time>
      </trkpt>
      <trkpt lat="45.368893" lon="6.361647">
        <ele>1326.733023</ele>
        <time>2026-09-03T10:53:25.845Z</time>
      </trkpt>
      <trkpt lat="45.369032" lon="6.361532">
        <ele>1325.715124</ele>
        <time>2026-09-03T10:53:27.808Z</time>
      </trkpt>
      <trkpt lat="45.369168" lon="6.361395">
        <ele>1324.660265</ele>
        <time>2026-09-03T10:53:29.843Z</time>
      </trkpt>
      <trkpt lat="45.369295" lon="6.361233">
        <ele>1323.580574</ele>
        <time>2026-09-03T10:53:31.817Z</time>
      </trkpt>
      <trkpt lat="45.369412" lon="6.361065">
        <ele>1322.528388</ele>
        <time>2026-09-03T10:53:33.840Z</time>
      </trkpt>
      <trkpt lat="45.369503" lon="6.360855">
        <ele>1321.430935</ele>
        <time>2026-09-03T10:53:35.822Z</time>
      </trkpt>
      <trkpt lat="45.369535" lon="6.360732">
        <ele>1320.847535</ele>
        <time>2026-09-03T10:53:36.844Z</time>
      </trkpt>
      <trkpt lat="45.369560" lon="6.360603">
        <ele>1320.252327</ele>
        <time>2026-09-03T10:53:37.844Z</time>
      </trkpt>
      <trkpt lat="45.369595" lon="6.360475">
        <ele>1319.641393</ele>
        <time>2026-09-03T10:53:38.841Z</time>
      </trkpt>
      <trkpt lat="45.369645" lon="6.360360">
        <ele>1318.988020</ele>
        <time>2026-09-03T10:53:39.839Z</time>
      </trkpt>
      <trkpt lat="45.369712" lon="6.360252">
        <ele>1318.119290</ele>
        <time>2026-09-03T10:53:40.849Z</time>
      </trkpt>
      <trkpt lat="45.369788" lon="6.360153">
        <ele>1317.235116</ele>
        <time>2026-09-03T10:53:41.845Z</time>
      </trkpt>
      <trkpt lat="45.369875" lon="6.360062">
        <ele>1316.308522</ele>
        <time>2026-09-03T10:53:42.845Z</time>
      </trkpt>
      <trkpt lat="45.369963" lon="6.359973">
        <ele>1315.382036</ele>
        <time>2026-09-03T10:53:43.837Z</time>
      </trkpt>
      <trkpt lat="45.370057" lon="6.359892">
        <ele>1314.438971</ele>
        <time>2026-09-03T10:53:44.841Z</time>
      </trkpt>
      <trkpt lat="45.370158" lon="6.359825">
        <ele>1313.482629</ele>
        <time>2026-09-03T10:53:45.844Z</time>
      </trkpt>
      <trkpt lat="45.370260" lon="6.359777">
        <ele>1312.560616</ele>
        <time>2026-09-03T10:53:46.837Z</time>
      </trkpt>
      <trkpt lat="45.370362" lon="6.359748">
        <ele>1311.667910</ele>
        <time>2026-09-03T10:53:47.836Z</time>
      </trkpt>
      <trkpt lat="45.370458" lon="6.359747">
        <ele>1310.843969</ele>
        <time>2026-09-03T10:53:48.845Z</time>
      </trkpt>
      <trkpt lat="45.370552" lon="6.359758">
        <ele>1310.034493</ele>
        <time>2026-09-03T10:53:49.844Z</time>
      </trkpt>
      <trkpt lat="45.370708" lon="6.359802">
        <ele>1308.669593</ele>
        <time>2026-09-03T10:53:51.812Z</time>
      </trkpt>
      <trkpt lat="45.370815" lon="6.359878">
        <ele>1307.643290</ele>
        <time>2026-09-03T10:53:53.841Z</time>
      </trkpt>
      <trkpt lat="45.370912" lon="6.359900">
        <ele>1306.800287</ele>
        <time>2026-09-03T10:53:55.809Z</time>
      </trkpt>
      <trkpt lat="45.370998" lon="6.359770">
        <ele>1305.723651</ele>
        <time>2026-09-03T10:53:57.836Z</time>
      </trkpt>
      <trkpt lat="45.371045" lon="6.359542">
        <ele>1304.291007</ele>
        <time>2026-09-03T10:53:59.837Z</time>
      </trkpt>
      <trkpt lat="45.371020" lon="6.359303">
        <ele>1303.276794</ele>
        <time>2026-09-03T10:54:01.816Z</time>
      </trkpt>
      <trkpt lat="45.370997" lon="6.359175">
        <ele>1302.865733</ele>
        <time>2026-09-03T10:54:02.841Z</time>
      </trkpt>
      <trkpt lat="45.370928" lon="6.358932">
        <ele>1302.050276</ele>
        <time>2026-09-03T10:54:04.808Z</time>
      </trkpt>
      <trkpt lat="45.370892" lon="6.358803">
        <ele>1301.618416</ele>
        <time>2026-09-03T10:54:05.841Z</time>
      </trkpt>
      <trkpt lat="45.370857" lon="6.358668">
        <ele>1301.170706</ele>
        <time>2026-09-03T10:54:06.841Z</time>
      </trkpt>
      <trkpt lat="45.370828" lon="6.358527">
        <ele>1300.713604</ele>
        <time>2026-09-03T10:54:07.842Z</time>
      </trkpt>
      <trkpt lat="45.370803" lon="6.358383">
        <ele>1300.252104</ele>
        <time>2026-09-03T10:54:08.841Z</time>
      </trkpt>
      <trkpt lat="45.370773" lon="6.358242">
        <ele>1299.793737</ele>
        <time>2026-09-03T10:54:09.843Z</time>
      </trkpt>
      <trkpt lat="45.370733" lon="6.358103">
        <ele>1299.326395</ele>
        <time>2026-09-03T10:54:10.843Z</time>
      </trkpt>
      <trkpt lat="45.370687" lon="6.357973">
        <ele>1298.873521</ele>
        <time>2026-09-03T10:54:11.845Z</time>
      </trkpt>
      <trkpt lat="45.370640" lon="6.357848">
        <ele>1298.432412</ele>
        <time>2026-09-03T10:54:12.839Z</time>
      </trkpt>
      <trkpt lat="45.370595" lon="6.357732">
        <ele>1298.020135</ele>
        <time>2026-09-03T10:54:13.839Z</time>
      </trkpt>
      <trkpt lat="45.370502" lon="6.357510">
        <ele>1297.215951</ele>
        <time>2026-09-03T10:54:15.841Z</time>
      </trkpt>
      <trkpt lat="45.370425" lon="6.357282">
        <ele>1296.428868</ele>
        <time>2026-09-03T10:54:17.806Z</time>
      </trkpt>
      <trkpt lat="45.370400" lon="6.357025">
        <ele>1295.407803</ele>
        <time>2026-09-03T10:54:19.826Z</time>
      </trkpt>
      <trkpt lat="45.370402" lon="6.356897">
        <ele>1294.481724</ele>
        <time>2026-09-03T10:54:20.809Z</time>
      </trkpt>
      <trkpt lat="45.370417" lon="6.356770">
        <ele>1293.550216</ele>
        <time>2026-09-03T10:54:21.825Z</time>
      </trkpt>
      <trkpt lat="45.370452" lon="6.356642">
        <ele>1292.556709</ele>
        <time>2026-09-03T10:54:22.833Z</time>
      </trkpt>
      <trkpt lat="45.370503" lon="6.356532">
        <ele>1291.603405</ele>
        <time>2026-09-03T10:54:23.834Z</time>
      </trkpt>
      <trkpt lat="45.370555" lon="6.356408">
        <ele>1290.558846</ele>
        <time>2026-09-03T10:54:24.889Z</time>
      </trkpt>
      <trkpt lat="45.370610" lon="6.356285">
        <ele>1289.504233</ele>
        <time>2026-09-03T10:54:25.803Z</time>
      </trkpt>
      <trkpt lat="45.370677" lon="6.356167">
        <ele>1288.406800</ele>
        <time>2026-09-03T10:54:26.798Z</time>
      </trkpt>
      <trkpt lat="45.370768" lon="6.355955">
        <ele>1286.609784</ele>
        <time>2026-09-03T10:54:28.816Z</time>
      </trkpt>
      <trkpt lat="45.370870" lon="6.355828">
        <ele>1285.214521</ele>
        <time>2026-09-03T10:54:31.809Z</time>
      </trkpt>
      <trkpt lat="45.370980" lon="6.355763">
        <ele>1283.988245</ele>
        <time>2026-09-03T10:54:34.803Z</time>
      </trkpt>
      <trkpt lat="45.371077" lon="6.355703">
        <ele>1282.899309</ele>
        <time>2026-09-03T10:54:37.804Z</time>
      </trkpt>
      <trkpt lat="45.371118" lon="6.355535">
        <ele>1281.612910</ele>
        <time>2026-09-03T10:54:40.808Z</time>
      </trkpt>
      <trkpt lat="45.371090" lon="6.355392">
        <ele>1280.539151</ele>
        <time>2026-09-03T10:54:42.812Z</time>
      </trkpt>
      <trkpt lat="45.370997" lon="6.355268">
        <ele>1279.227164</ele>
        <time>2026-09-03T10:54:44.825Z</time>
      </trkpt>
      <trkpt lat="45.370857" lon="6.355188">
        <ele>1277.673905</ele>
        <time>2026-09-03T10:54:46.811Z</time>
      </trkpt>
      <trkpt lat="45.370680" lon="6.355177">
        <ele>1275.813608</ele>
        <time>2026-09-03T10:54:48.815Z</time>
      </trkpt>
      <trkpt lat="45.370590" lon="6.355198">
        <ele>1274.850589</ele>
        <time>2026-09-03T10:54:49.812Z</time>
      </trkpt>
      <trkpt lat="45.370498" lon="6.355227">
        <ele>1273.855601</ele>
        <time>2026-09-03T10:54:50.815Z</time>
      </trkpt>
      <trkpt lat="45.370410" lon="6.355255">
        <ele>1272.903452</ele>
        <time>2026-09-03T10:54:51.804Z</time>
      </trkpt>
      <trkpt lat="45.370320" lon="6.355297">
        <ele>1271.903348</ele>
        <time>2026-09-03T10:54:52.817Z</time>
      </trkpt>
      <trkpt lat="45.370233" lon="6.355355">
        <ele>1270.888928</ele>
        <time>2026-09-03T10:54:53.805Z</time>
      </trkpt>
      <trkpt lat="45.370150" lon="6.355427">
        <ele>1269.862583</ele>
        <time>2026-09-03T10:54:54.804Z</time>
      </trkpt>
      <trkpt lat="45.370065" lon="6.355505">
        <ele>1268.794700</ele>
        <time>2026-09-03T10:54:55.803Z</time>
      </trkpt>
      <trkpt lat="45.369985" lon="6.355587">
        <ele>1267.753736</ele>
        <time>2026-09-03T10:54:56.821Z</time>
      </trkpt>
      <trkpt lat="45.369907" lon="6.355665">
        <ele>1266.747180</ele>
        <time>2026-09-03T10:54:57.819Z</time>
      </trkpt>
      <trkpt lat="45.369832" lon="6.355742">
        <ele>1265.770733</ele>
        <time>2026-09-03T10:54:58.821Z</time>
      </trkpt>
      <trkpt lat="45.369755" lon="6.355823">
        <ele>1264.759731</ele>
        <time>2026-09-03T10:54:59.808Z</time>
      </trkpt>
      <trkpt lat="45.369682" lon="6.355910">
        <ele>1263.754397</ele>
        <time>2026-09-03T10:55:00.806Z</time>
      </trkpt>
      <trkpt lat="45.369563" lon="6.356085">
        <ele>1261.947681</ele>
        <time>2026-09-03T10:55:02.806Z</time>
      </trkpt>
      <trkpt lat="45.369487" lon="6.356272">
        <ele>1260.345069</ele>
        <time>2026-09-03T10:55:04.850Z</time>
      </trkpt>
      <trkpt lat="45.369470" lon="6.356473">
        <ele>1258.843236</ele>
        <time>2026-09-03T10:55:06.832Z</time>
      </trkpt>
      <trkpt lat="45.369532" lon="6.356700">
        <ele>1257.296267</ele>
        <time>2026-09-03T10:55:08.833Z</time>
      </trkpt>
      <trkpt lat="45.369617" lon="6.356895">
        <ele>1255.951886</ele>
        <time>2026-09-03T10:55:10.836Z</time>
      </trkpt>
      <trkpt lat="45.369673" lon="6.357057">
        <ele>1254.894190</ele>
        <time>2026-09-03T10:55:12.835Z</time>
      </trkpt>
      <trkpt lat="45.369663" lon="6.357193">
        <ele>1254.093121</ele>
        <time>2026-09-03T10:55:14.836Z</time>
      </trkpt>
      <trkpt lat="45.369592" lon="6.357282">
        <ele>1253.304222</ele>
        <time>2026-09-03T10:55:16.847Z</time>
      </trkpt>
      <trkpt lat="45.369498" lon="6.357232">
        <ele>1252.467439</ele>
        <time>2026-09-03T10:55:18.818Z</time>
      </trkpt>
      <trkpt lat="45.369427" lon="6.357075">
        <ele>1251.373615</ele>
        <time>2026-09-03T10:55:20.837Z</time>
      </trkpt>
      <trkpt lat="45.369353" lon="6.356898">
        <ele>1250.166987</ele>
        <time>2026-09-03T10:55:22.846Z</time>
      </trkpt>
      <trkpt lat="45.369262" lon="6.356707">
        <ele>1248.815022</ele>
        <time>2026-09-03T10:55:24.815Z</time>
      </trkpt>
      <trkpt lat="45.369212" lon="6.356600">
        <ele>1248.062189</ele>
        <time>2026-09-03T10:55:25.847Z</time>
      </trkpt>
      <trkpt lat="45.369160" lon="6.356495">
        <ele>1247.309599</ele>
        <time>2026-09-03T10:55:26.836Z</time>
      </trkpt>
      <trkpt lat="45.369058" lon="6.356288">
        <ele>1245.828388</ele>
        <time>2026-09-03T10:55:28.844Z</time>
      </trkpt>
      <trkpt lat="45.368965" lon="6.356087">
        <ele>1244.418443</ele>
        <time>2026-09-03T10:55:30.811Z</time>
      </trkpt>
      <trkpt lat="45.368893" lon="6.355852">
        <ele>1242.938836</ele>
        <time>2026-09-03T10:55:32.840Z</time>
      </trkpt>
      <trkpt lat="45.368862" lon="6.355730">
        <ele>1242.226345</ele>
        <time>2026-09-03T10:55:33.839Z</time>
      </trkpt>
      <trkpt lat="45.368802" lon="6.355503">
        <ele>1240.894368</ele>
        <time>2026-09-03T10:55:35.841Z</time>
      </trkpt>
      <trkpt lat="45.368750" lon="6.355313">
        <ele>1239.774522</ele>
        <time>2026-09-03T10:55:37.842Z</time>
      </trkpt>
      <trkpt lat="45.368715" lon="6.355133">
        <ele>1238.748812</ele>
        <time>2026-09-03T10:55:39.809Z</time>
      </trkpt>
      <trkpt lat="45.368715" lon="6.354923">
        <ele>1237.595508</ele>
        <time>2026-09-03T10:55:41.836Z</time>
      </trkpt>
      <trkpt lat="45.368743" lon="6.354720">
        <ele>1236.459365</ele>
        <time>2026-09-03T10:55:43.808Z</time>
      </trkpt>
      <trkpt lat="45.368787" lon="6.354538">
        <ele>1235.402310</ele>
        <time>2026-09-03T10:55:45.844Z</time>
      </trkpt>
      <trkpt lat="45.368843" lon="6.354338">
        <ele>1234.219905</ele>
        <time>2026-09-03T10:55:47.815Z</time>
      </trkpt>
      <trkpt lat="45.368915" lon="6.354125">
        <ele>1232.921766</ele>
        <time>2026-09-03T10:55:49.839Z</time>
      </trkpt>
      <trkpt lat="45.368985" lon="6.353908">
        <ele>1231.610399</ele>
        <time>2026-09-03T10:55:51.838Z</time>
      </trkpt>
      <trkpt lat="45.369065" lon="6.353697">
        <ele>1230.293627</ele>
        <time>2026-09-03T10:55:53.840Z</time>
      </trkpt>
      <trkpt lat="45.369148" lon="6.353498">
        <ele>1228.949116</ele>
        <time>2026-09-03T10:55:55.842Z</time>
      </trkpt>
      <trkpt lat="45.369228" lon="6.353315">
        <ele>1227.307909</ele>
        <time>2026-09-03T10:55:57.812Z</time>
      </trkpt>
      <trkpt lat="45.369320" lon="6.353142">
        <ele>1225.655754</ele>
        <time>2026-09-03T10:55:59.841Z</time>
      </trkpt>
      <trkpt lat="45.369453" lon="6.353007">
        <ele>1223.885241</ele>
        <time>2026-09-03T10:56:01.838Z</time>
      </trkpt>
      <trkpt lat="45.369593" lon="6.352940">
        <ele>1222.284369</ele>
        <time>2026-09-03T10:56:03.840Z</time>
      </trkpt>
      <trkpt lat="45.369753" lon="6.352967">
        <ele>1220.538047</ele>
        <time>2026-09-03T10:56:05.842Z</time>
      </trkpt>
      <trkpt lat="45.369840" lon="6.353013">
        <ele>1219.532136</ele>
        <time>2026-09-03T10:56:06.853Z</time>
      </trkpt>
      <trkpt lat="45.369927" lon="6.353058">
        <ele>1218.528852</ele>
        <time>2026-09-03T10:56:07.841Z</time>
      </trkpt>
      <trkpt lat="45.370023" lon="6.353080">
        <ele>1217.474947</ele>
        <time>2026-09-03T10:56:08.837Z</time>
      </trkpt>
      <trkpt lat="45.370122" lon="6.353080">
        <ele>1216.401924</ele>
        <time>2026-09-03T10:56:09.844Z</time>
      </trkpt>
      <trkpt lat="45.370215" lon="6.353073">
        <ele>1215.392525</ele>
        <time>2026-09-03T10:56:10.847Z</time>
      </trkpt>
      <trkpt lat="45.370382" lon="6.353062">
        <ele>1213.580540</ele>
        <time>2026-09-03T10:56:12.847Z</time>
      </trkpt>
      <trkpt lat="45.370538" lon="6.353090">
        <ele>1211.876328</ele>
        <time>2026-09-03T10:56:14.811Z</time>
      </trkpt>
      <trkpt lat="45.370693" lon="6.353103">
        <ele>1210.193430</ele>
        <time>2026-09-03T10:56:16.843Z</time>
      </trkpt>
      <trkpt lat="45.370832" lon="6.353037">
        <ele>1208.515829</ele>
        <time>2026-09-03T10:56:18.846Z</time>
      </trkpt>
      <trkpt lat="45.370912" lon="6.352825">
        <ele>1206.536213</ele>
        <time>2026-09-03T10:56:20.811Z</time>
      </trkpt>
      <trkpt lat="45.370930" lon="6.352607">
        <ele>1204.730568</ele>
        <time>2026-09-03T10:56:22.853Z</time>
      </trkpt>
      <trkpt lat="45.370948" lon="6.352440">
        <ele>1203.340726</ele>
        <time>2026-09-03T10:56:24.820Z</time>
      </trkpt>
      <trkpt lat="45.370983" lon="6.352268">
        <ele>1201.867668</ele>
        <time>2026-09-03T10:56:26.826Z</time>
      </trkpt>
      <trkpt lat="45.371058" lon="6.352103">
        <ele>1200.251015</ele>
        <time>2026-09-03T10:56:28.810Z</time>
      </trkpt>
      <trkpt lat="45.371178" lon="6.351957">
        <ele>1198.402534</ele>
        <time>2026-09-03T10:56:30.832Z</time>
      </trkpt>
      <trkpt lat="45.371247" lon="6.351870">
        <ele>1197.323188</ele>
        <time>2026-09-03T10:56:31.831Z</time>
      </trkpt>
      <trkpt lat="45.371315" lon="6.351782">
        <ele>1196.247064</ele>
        <time>2026-09-03T10:56:32.834Z</time>
      </trkpt>
      <trkpt lat="45.371385" lon="6.351677">
        <ele>1195.056305</ele>
        <time>2026-09-03T10:56:33.837Z</time>
      </trkpt>
      <trkpt lat="45.371465" lon="6.351565">
        <ele>1193.742393</ele>
        <time>2026-09-03T10:56:34.849Z</time>
      </trkpt>
      <trkpt lat="45.371550" lon="6.351445">
        <ele>1192.340583</ele>
        <time>2026-09-03T10:56:35.839Z</time>
      </trkpt>
      <trkpt lat="45.371632" lon="6.351325">
        <ele>1190.963493</ele>
        <time>2026-09-03T10:56:36.849Z</time>
      </trkpt>
      <trkpt lat="45.371707" lon="6.351210">
        <ele>1189.672689</ele>
        <time>2026-09-03T10:56:37.814Z</time>
      </trkpt>
      <trkpt lat="45.371773" lon="6.351107">
        <ele>1188.559452</ele>
        <time>2026-09-03T10:56:38.837Z</time>
      </trkpt>
      <trkpt lat="45.371877" lon="6.350913">
        <ele>1187.066920</ele>
        <time>2026-09-03T10:56:40.813Z</time>
      </trkpt>
      <trkpt lat="45.371912" lon="6.350708">
        <ele>1185.776628</ele>
        <time>2026-09-03T10:56:42.843Z</time>
      </trkpt>
      <trkpt lat="45.371862" lon="6.350537">
        <ele>1184.643802</ele>
        <time>2026-09-03T10:56:44.814Z</time>
      </trkpt>
      <trkpt lat="45.371750" lon="6.350468">
        <ele>1183.581311</ele>
        <time>2026-09-03T10:56:46.841Z</time>
      </trkpt>
      <trkpt lat="45.371628" lon="6.350528">
        <ele>1182.457557</ele>
        <time>2026-09-03T10:56:48.839Z</time>
      </trkpt>
      <trkpt lat="45.371525" lon="6.350717">
        <ele>1180.994567</ele>
        <time>2026-09-03T10:56:50.846Z</time>
      </trkpt>
      <trkpt lat="45.371447" lon="6.350880">
        <ele>1179.788328</ele>
        <time>2026-09-03T10:56:52.813Z</time>
      </trkpt>
      <trkpt lat="45.371377" lon="6.351005">
        <ele>1178.810632</ele>
        <time>2026-09-03T10:56:54.839Z</time>
      </trkpt>
      <trkpt lat="45.371280" lon="6.351117">
        <ele>1177.723247</ele>
        <time>2026-09-03T10:56:56.813Z</time>
      </trkpt>
      <trkpt lat="45.371155" lon="6.351222">
        <ele>1176.459625</ele>
        <time>2026-09-03T10:56:58.846Z</time>
      </trkpt>
      <trkpt lat="45.370998" lon="6.351312">
        <ele>1174.986086</ele>
        <time>2026-09-03T10:57:00.845Z</time>
      </trkpt>
      <trkpt lat="45.370842" lon="6.351328">
        <ele>1173.624408</ele>
        <time>2026-09-03T10:57:02.836Z</time>
      </trkpt>
      <trkpt lat="45.370710" lon="6.351302">
        <ele>1172.452987</ele>
        <time>2026-09-03T10:57:04.834Z</time>
      </trkpt>
      <trkpt lat="45.370640" lon="6.351172">
        <ele>1171.430032</ele>
        <time>2026-09-03T10:57:06.846Z</time>
      </trkpt>
      <trkpt lat="45.370668" lon="6.351023">
        <ele>1170.466754</ele>
        <time>2026-09-03T10:57:08.816Z</time>
      </trkpt>
      <trkpt lat="45.370775" lon="6.350920">
        <ele>1169.318435</ele>
        <time>2026-09-03T10:57:10.843Z</time>
      </trkpt>
      <trkpt lat="45.370888" lon="6.350770">
        <ele>1167.944842</ele>
        <time>2026-09-03T10:57:12.845Z</time>
      </trkpt>
      <trkpt lat="45.370940" lon="6.350663">
        <ele>1167.132276</ele>
        <time>2026-09-03T10:57:13.842Z</time>
      </trkpt>
      <trkpt lat="45.370978" lon="6.350542">
        <ele>1166.304518</ele>
        <time>2026-09-03T10:57:14.848Z</time>
      </trkpt>
      <trkpt lat="45.371010" lon="6.350418">
        <ele>1165.479498</ele>
        <time>2026-09-03T10:57:15.845Z</time>
      </trkpt>
      <trkpt lat="45.371043" lon="6.350293">
        <ele>1164.645528</ele>
        <time>2026-09-03T10:57:16.841Z</time>
      </trkpt>
      <trkpt lat="45.371077" lon="6.350173">
        <ele>1163.837431</ele>
        <time>2026-09-03T10:57:17.840Z</time>
      </trkpt>
      <trkpt lat="45.371153" lon="6.349948">
        <ele>1162.278242</ele>
        <time>2026-09-03T10:57:19.836Z</time>
      </trkpt>
      <trkpt lat="45.371195" lon="6.349715">
        <ele>1160.775944</ele>
        <time>2026-09-03T10:57:21.807Z</time>
      </trkpt>
      <trkpt lat="45.371227" lon="6.349473">
        <ele>1159.238038</ele>
        <time>2026-09-03T10:57:23.840Z</time>
      </trkpt>
      <trkpt lat="45.371305" lon="6.349240">
        <ele>1157.626110</ele>
        <time>2026-09-03T10:57:25.838Z</time>
      </trkpt>
      <trkpt lat="45.371355" lon="6.349128">
        <ele>1156.754081</ele>
        <time>2026-09-03T10:57:26.841Z</time>
      </trkpt>
      <trkpt lat="45.371402" lon="6.349013">
        <ele>1155.752173</ele>
        <time>2026-09-03T10:57:27.836Z</time>
      </trkpt>
      <trkpt lat="45.371447" lon="6.348902">
        <ele>1154.787078</ele>
        <time>2026-09-03T10:57:28.839Z</time>
      </trkpt>
      <trkpt lat="45.371482" lon="6.348772">
        <ele>1153.738673</ele>
        <time>2026-09-03T10:57:29.834Z</time>
      </trkpt>
      <trkpt lat="45.371513" lon="6.348642">
        <ele>1152.704838</ele>
        <time>2026-09-03T10:57:30.844Z</time>
      </trkpt>
      <trkpt lat="45.371542" lon="6.348515">
        <ele>1151.699202</ele>
        <time>2026-09-03T10:57:31.840Z</time>
      </trkpt>
      <trkpt lat="45.371567" lon="6.348385">
        <ele>1150.684212</ele>
        <time>2026-09-03T10:57:32.837Z</time>
      </trkpt>
      <trkpt lat="45.371590" lon="6.348260">
        <ele>1149.711141</ele>
        <time>2026-09-03T10:57:33.833Z</time>
      </trkpt>
      <trkpt lat="45.371617" lon="6.348137">
        <ele>1148.740718</ele>
        <time>2026-09-03T10:57:34.831Z</time>
      </trkpt>
      <trkpt lat="45.371650" lon="6.348017">
        <ele>1147.770281</ele>
        <time>2026-09-03T10:57:35.839Z</time>
      </trkpt>
      <trkpt lat="45.371713" lon="6.347828">
        <ele>1146.194916</ele>
        <time>2026-09-03T10:57:37.811Z</time>
      </trkpt>
      <trkpt lat="45.371770" lon="6.347700">
        <ele>1145.053663</ele>
        <time>2026-09-03T10:57:39.836Z</time>
      </trkpt>
      <trkpt lat="45.371813" lon="6.347583">
        <ele>1144.059303</ele>
        <time>2026-09-03T10:57:42.840Z</time>
      </trkpt>
      <trkpt lat="45.371898" lon="6.347495">
        <ele>1142.932641</ele>
        <time>2026-09-03T10:58:16.798Z</time>
      </trkpt>
      <trkpt lat="45.371970" lon="6.347393">
        <ele>1141.843750</ele>
        <time>2026-09-03T10:58:18.819Z</time>
      </trkpt>
      <trkpt lat="45.371955" lon="6.347230">
        <ele>1140.605792</ele>
        <time>2026-09-03T10:58:21.810Z</time>
      </trkpt>
      <trkpt lat="45.371750" lon="6.347292">
        <ele>1138.359232</ele>
        <time>2026-09-03T10:58:37.806Z</time>
      </trkpt>
      <trkpt lat="45.371692" lon="6.347413">
        <ele>1137.312504</ele>
        <time>2026-09-03T10:58:39.804Z</time>
      </trkpt>
      <trkpt lat="45.371637" lon="6.347520">
        <ele>1136.433618</ele>
        <time>2026-09-03T10:58:41.828Z</time>
      </trkpt>
      <trkpt lat="45.371567" lon="6.347648">
        <ele>1135.358329</ele>
        <time>2026-09-03T10:58:47.837Z</time>
      </trkpt>
      <trkpt lat="45.371492" lon="6.347737">
        <ele>1134.436962</ele>
        <time>2026-09-03T10:58:50.814Z</time>
      </trkpt>
      <trkpt lat="45.371425" lon="6.347637">
        <ele>1133.520925</ele>
        <time>2026-09-03T10:58:54.838Z</time>
      </trkpt>
      <trkpt lat="45.371438" lon="6.347492">
        <ele>1132.551935</ele>
        <time>2026-09-03T10:58:58.804Z</time>
      </trkpt>
      <trkpt lat="45.371505" lon="6.347355">
        <ele>1131.445383</ele>
        <time>2026-09-03T10:59:44.820Z</time>
      </trkpt>
      <trkpt lat="45.371588" lon="6.347188">
        <ele>1130.089320</ele>
        <time>2026-09-03T10:59:47.803Z</time>
      </trkpt>
      <trkpt lat="45.371653" lon="6.347027">
        <ele>1128.858377</ele>
        <time>2026-09-03T10:59:49.808Z</time>
      </trkpt>
      <trkpt lat="45.371702" lon="6.346850">
        <ele>1127.597246</ele>
        <time>2026-09-03T10:59:51.839Z</time>
      </trkpt>
      <trkpt lat="45.371740" lon="6.346688">
        <ele>1126.465083</ele>
        <time>2026-09-03T10:59:53.795Z</time>
      </trkpt>
      <trkpt lat="45.371742" lon="6.346527">
        <ele>1125.397666</ele>
        <time>2026-09-03T10:59:55.792Z</time>
      </trkpt>
      <trkpt lat="45.371795" lon="6.346403">
        <ele>1124.435498</ele>
        <time>2026-09-03T10:59:57.796Z</time>
      </trkpt>
      <trkpt lat="45.371863" lon="6.346260">
        <ele>1123.290819</ele>
        <time>2026-09-03T10:59:59.823Z</time>
      </trkpt>
      <trkpt lat="45.371970" lon="6.346132">
        <ele>1121.971972</ele>
        <time>2026-09-03T11:00:01.799Z</time>
      </trkpt>
      <trkpt lat="45.372097" lon="6.346035">
        <ele>1120.593552</ele>
        <time>2026-09-03T11:00:03.810Z</time>
      </trkpt>
      <trkpt lat="45.372228" lon="6.345930">
        <ele>1118.991864</ele>
        <time>2026-09-03T11:00:05.818Z</time>
      </trkpt>
      <trkpt lat="45.372333" lon="6.345800">
        <ele>1117.509290</ele>
        <time>2026-09-03T11:00:07.811Z</time>
      </trkpt>
      <trkpt lat="45.372415" lon="6.345633">
        <ele>1115.984369</ele>
        <time>2026-09-03T11:00:09.813Z</time>
      </trkpt>
      <trkpt lat="45.372475" lon="6.345448">
        <ele>1114.459344</ele>
        <time>2026-09-03T11:00:11.819Z</time>
      </trkpt>
      <trkpt lat="45.372520" lon="6.345242">
        <ele>1112.844767</ele>
        <time>2026-09-03T11:00:13.839Z</time>
      </trkpt>
      <trkpt lat="45.372565" lon="6.345060">
        <ele>1111.400726</ele>
        <time>2026-09-03T11:00:15.805Z</time>
      </trkpt>
      <trkpt lat="45.372600" lon="6.344925">
        <ele>1110.323741</ele>
        <time>2026-09-03T11:00:17.830Z</time>
      </trkpt>
      <trkpt lat="45.372683" lon="6.344772">
        <ele>1108.876967</ele>
        <time>2026-09-03T11:00:19.859Z</time>
      </trkpt>
      <trkpt lat="45.372787" lon="6.344660">
        <ele>1107.487617</ele>
        <time>2026-09-03T11:00:21.830Z</time>
      </trkpt>
      <trkpt lat="45.372868" lon="6.344555">
        <ele>1106.320463</ele>
        <time>2026-09-03T11:00:23.799Z</time>
      </trkpt>
      <trkpt lat="45.372935" lon="6.344362">
        <ele>1104.709265</ele>
        <time>2026-09-03T11:00:25.796Z</time>
      </trkpt>
      <trkpt lat="45.372985" lon="6.344218">
        <ele>1103.507080</ele>
        <time>2026-09-03T11:00:27.801Z</time>
      </trkpt>
      <trkpt lat="45.373078" lon="6.344098">
        <ele>1102.169813</ele>
        <time>2026-09-03T11:00:29.802Z</time>
      </trkpt>
      <trkpt lat="45.373198" lon="6.344012">
        <ele>1101.102334</ele>
        <time>2026-09-03T11:00:31.813Z</time>
      </trkpt>
      <trkpt lat="45.373323" lon="6.343935">
        <ele>1100.269592</ele>
        <time>2026-09-03T11:00:33.797Z</time>
      </trkpt>
      <trkpt lat="45.373407" lon="6.343820">
        <ele>1099.557042</ele>
        <time>2026-09-03T11:00:35.799Z</time>
      </trkpt>
      <trkpt lat="45.373433" lon="6.343637">
        <ele>1098.755140</ele>
        <time>2026-09-03T11:00:37.802Z</time>
      </trkpt>
      <trkpt lat="45.373407" lon="6.343400">
        <ele>1097.724885</ele>
        <time>2026-09-03T11:00:39.818Z</time>
      </trkpt>
      <trkpt lat="45.373345" lon="6.343202">
        <ele>1096.793812</ele>
        <time>2026-09-03T11:00:41.805Z</time>
      </trkpt>
      <trkpt lat="45.373312" lon="6.342973">
        <ele>1095.789771</ele>
        <time>2026-09-03T11:00:43.805Z</time>
      </trkpt>
      <trkpt lat="45.373283" lon="6.342708">
        <ele>1094.637862</ele>
        <time>2026-09-03T11:00:45.794Z</time>
      </trkpt>
      <trkpt lat="45.373273" lon="6.342570">
        <ele>1094.042004</ele>
        <time>2026-09-03T11:00:46.823Z</time>
      </trkpt>
      <trkpt lat="45.373260" lon="6.342443">
        <ele>1093.490776</ele>
        <time>2026-09-03T11:00:47.805Z</time>
      </trkpt>
      <trkpt lat="45.373278" lon="6.342225">
        <ele>1092.548015</ele>
        <time>2026-09-03T11:00:49.808Z</time>
      </trkpt>
      <trkpt lat="45.373350" lon="6.342037">
        <ele>1091.628350</ele>
        <time>2026-09-03T11:00:51.819Z</time>
      </trkpt>
      <trkpt lat="45.373443" lon="6.341890">
        <ele>1090.778681</ele>
        <time>2026-09-03T11:00:53.822Z</time>
      </trkpt>
      <trkpt lat="45.373453" lon="6.341703">
        <ele>1089.752976</ele>
        <time>2026-09-03T11:00:55.830Z</time>
      </trkpt>
      <trkpt lat="45.373397" lon="6.341600">
        <ele>1088.995581</ele>
        <time>2026-09-03T11:00:56.842Z</time>
      </trkpt>
      <trkpt lat="45.373328" lon="6.341493">
        <ele>1088.150947</ele>
        <time>2026-09-03T11:00:57.825Z</time>
      </trkpt>
      <trkpt lat="45.373257" lon="6.341378">
        <ele>1087.260636</ele>
        <time>2026-09-03T11:00:58.842Z</time>
      </trkpt>
      <trkpt lat="45.373180" lon="6.341285">
        <ele>1086.424717</ele>
        <time>2026-09-03T11:00:59.831Z</time>
      </trkpt>
      <trkpt lat="45.373120" lon="6.341187">
        <ele>1085.668767</ele>
        <time>2026-09-03T11:01:00.823Z</time>
      </trkpt>
      <trkpt lat="45.373055" lon="6.340955">
        <ele>1084.216304</ele>
        <time>2026-09-03T11:01:02.833Z</time>
      </trkpt>
      <trkpt lat="45.373002" lon="6.340775">
        <ele>1083.081342</ele>
        <time>2026-09-03T11:01:04.837Z</time>
      </trkpt>
      <trkpt lat="45.372970" lon="6.340655">
        <ele>1082.334933</ele>
        <time>2026-09-03T11:01:05.832Z</time>
      </trkpt>
      <trkpt lat="45.372943" lon="6.340530">
        <ele>1081.574449</ele>
        <time>2026-09-03T11:01:06.838Z</time>
      </trkpt>
      <trkpt lat="45.372908" lon="6.340273">
        <ele>1080.052118</ele>
        <time>2026-09-03T11:01:08.848Z</time>
      </trkpt>
      <trkpt lat="45.372893" lon="6.340138">
        <ele>1079.257307</ele>
        <time>2026-09-03T11:01:09.820Z</time>
      </trkpt>
      <trkpt lat="45.372883" lon="6.340000">
        <ele>1078.450551</ele>
        <time>2026-09-03T11:01:10.843Z</time>
      </trkpt>
      <trkpt lat="45.372867" lon="6.339752">
        <ele>1077.002312</ele>
        <time>2026-09-03T11:01:12.807Z</time>
      </trkpt>
      <trkpt lat="45.372863" lon="6.339618">
        <ele>1076.222372</ele>
        <time>2026-09-03T11:01:13.842Z</time>
      </trkpt>
      <trkpt lat="45.372872" lon="6.339393">
        <ele>1075.405453</ele>
        <time>2026-09-03T11:01:15.842Z</time>
      </trkpt>
      <trkpt lat="45.372888" lon="6.339218">
        <ele>1075.016879</ele>
        <time>2026-09-03T11:01:17.810Z</time>
      </trkpt>
      <trkpt lat="45.372898" lon="6.339037">
        <ele>1074.617113</ele>
        <time>2026-09-03T11:01:19.809Z</time>
      </trkpt>
      <trkpt lat="45.372903" lon="6.338842">
        <ele>1074.187466</ele>
        <time>2026-09-03T11:01:21.840Z</time>
      </trkpt>
      <trkpt lat="45.372878" lon="6.338625">
        <ele>1073.703281</ele>
        <time>2026-09-03T11:01:23.808Z</time>
      </trkpt>
      <trkpt lat="45.372798" lon="6.338417">
        <ele>1073.181145</ele>
        <time>2026-09-03T11:01:25.839Z</time>
      </trkpt>
      <trkpt lat="45.372718" lon="6.338212">
        <ele>1072.664793</ele>
        <time>2026-09-03T11:01:27.841Z</time>
      </trkpt>
      <trkpt lat="45.372677" lon="6.338005">
        <ele>1072.191238</ele>
        <time>2026-09-03T11:01:29.805Z</time>
      </trkpt>
      <trkpt lat="45.372645" lon="6.337812">
        <ele>1071.754603</ele>
        <time>2026-09-03T11:01:31.850Z</time>
      </trkpt>
      <trkpt lat="45.372613" lon="6.337623">
        <ele>1071.326535</ele>
        <time>2026-09-03T11:01:33.821Z</time>
      </trkpt>
      <trkpt lat="45.372590" lon="6.337438">
        <ele>1070.912860</ele>
        <time>2026-09-03T11:01:35.839Z</time>
      </trkpt>
      <trkpt lat="45.372562" lon="6.337268">
        <ele>1070.528393</ele>
        <time>2026-09-03T11:01:37.848Z</time>
      </trkpt>
      <trkpt lat="45.372520" lon="6.337122">
        <ele>1070.181010</ele>
        <time>2026-09-03T11:01:39.816Z</time>
      </trkpt>
      <trkpt lat="45.372455" lon="6.336993">
        <ele>1069.838903</ele>
        <time>2026-09-03T11:01:41.849Z</time>
      </trkpt>
      <trkpt lat="45.372378" lon="6.336882">
        <ele>1069.506196</ele>
        <time>2026-09-03T11:01:43.810Z</time>
      </trkpt>
      <trkpt lat="45.372320" lon="6.336770">
        <ele>1069.209437</ele>
        <time>2026-09-03T11:01:45.832Z</time>
      </trkpt>
      <trkpt lat="45.372245" lon="6.336632">
        <ele>1068.837317</ele>
        <time>2026-09-03T11:01:48.842Z</time>
      </trkpt>
      <trkpt lat="45.372190" lon="6.336518">
        <ele>1068.542363</ele>
        <time>2026-09-03T11:01:51.810Z</time>
      </trkpt>
      <trkpt lat="45.372137" lon="6.336392">
        <ele>1068.229143</ele>
        <time>2026-09-03T11:01:54.847Z</time>
      </trkpt>
      <trkpt lat="45.372088" lon="6.336278">
        <ele>1067.944105</ele>
        <time>2026-09-03T11:01:56.812Z</time>
      </trkpt>
      <trkpt lat="45.372027" lon="6.336150">
        <ele>1067.614220</ele>
        <time>2026-09-03T11:01:58.835Z</time>
      </trkpt>
      <trkpt lat="45.371965" lon="6.335995">
        <ele>1067.233805</ele>
        <time>2026-09-03T11:02:00.840Z</time>
      </trkpt>
      <trkpt lat="45.371908" lon="6.335817">
        <ele>1066.816587</ele>
        <time>2026-09-03T11:02:02.841Z</time>
      </trkpt>
      <trkpt lat="45.371855" lon="6.335610">
        <ele>1066.346690</ele>
        <time>2026-09-03T11:02:04.836Z</time>
      </trkpt>
      <trkpt lat="45.371798" lon="6.335387">
        <ele>1065.840573</ele>
        <time>2026-09-03T11:02:06.840Z</time>
      </trkpt>
      <trkpt lat="45.371738" lon="6.335160">
        <ele>1065.323294</ele>
        <time>2026-09-03T11:02:08.815Z</time>
      </trkpt>
      <trkpt lat="45.371685" lon="6.334930">
        <ele>1064.807034</ele>
        <time>2026-09-03T11:02:10.851Z</time>
      </trkpt>
      <trkpt lat="45.371623" lon="6.334703">
        <ele>1064.190834</ele>
        <time>2026-09-03T11:02:12.812Z</time>
      </trkpt>
      <trkpt lat="45.371563" lon="6.334482">
        <ele>1063.532925</ele>
        <time>2026-09-03T11:02:14.840Z</time>
      </trkpt>
      <trkpt lat="45.371502" lon="6.334257">
        <ele>1062.863230</ele>
        <time>2026-09-03T11:02:16.852Z</time>
      </trkpt>
      <trkpt lat="45.371447" lon="6.334032">
        <ele>1062.201703</ele>
        <time>2026-09-03T11:02:18.817Z</time>
      </trkpt>
      <trkpt lat="45.371398" lon="6.333800">
        <ele>1061.528995</ele>
        <time>2026-09-03T11:02:20.844Z</time>
      </trkpt>
      <trkpt lat="45.371342" lon="6.333585">
        <ele>1060.892264</ele>
        <time>2026-09-03T11:02:22.845Z</time>
      </trkpt>
      <trkpt lat="45.371278" lon="6.333343">
        <ele>1060.174232</ele>
        <time>2026-09-03T11:02:24.812Z</time>
      </trkpt>
      <trkpt lat="45.371218" lon="6.333127">
        <ele>1059.529251</ele>
        <time>2026-09-03T11:02:26.842Z</time>
      </trkpt>
      <trkpt lat="45.371135" lon="6.332902">
        <ele>1058.823564</ele>
        <time>2026-09-03T11:02:28.836Z</time>
      </trkpt>
      <trkpt lat="45.371088" lon="6.332775">
        <ele>1058.424965</ele>
        <time>2026-09-03T11:02:29.836Z</time>
      </trkpt>
      <trkpt lat="45.371035" lon="6.332648">
        <ele>1058.014775</ele>
        <time>2026-09-03T11:02:30.837Z</time>
      </trkpt>
      <trkpt lat="45.370983" lon="6.332527">
        <ele>1057.620894</ele>
        <time>2026-09-03T11:02:31.840Z</time>
      </trkpt>
      <trkpt lat="45.370930" lon="6.332407">
        <ele>1057.429940</ele>
        <time>2026-09-03T11:02:32.840Z</time>
      </trkpt>
      <trkpt lat="45.370873" lon="6.332300">
        <ele>1057.335722</ele>
        <time>2026-09-03T11:02:33.838Z</time>
      </trkpt>
      <trkpt lat="45.370777" lon="6.332098">
        <ele>1057.164608</ele>
        <time>2026-09-03T11:02:35.834Z</time>
      </trkpt>
      <trkpt lat="45.370688" lon="6.331912">
        <ele>1057.006708</ele>
        <time>2026-09-03T11:02:37.846Z</time>
      </trkpt>
      <trkpt lat="45.370607" lon="6.331737">
        <ele>1056.859668</ele>
        <time>2026-09-03T11:02:39.814Z</time>
      </trkpt>
      <trkpt lat="45.370525" lon="6.331567">
        <ele>1056.714981</ele>
        <time>2026-09-03T11:02:41.841Z</time>
      </trkpt>
      <trkpt lat="45.370450" lon="6.331415">
        <ele>1056.584655</ele>
        <time>2026-09-03T11:02:43.846Z</time>
      </trkpt>
      <trkpt lat="45.370373" lon="6.331275">
        <ele>1056.459904</ele>
        <time>2026-09-03T11:02:45.803Z</time>
      </trkpt>
      <trkpt lat="45.370293" lon="6.331160">
        <ele>1056.346350</ele>
        <time>2026-09-03T11:02:47.841Z</time>
      </trkpt>
      <trkpt lat="45.370227" lon="6.331053">
        <ele>1056.246443</ele>
        <time>2026-09-03T11:02:49.835Z</time>
      </trkpt>
      <trkpt lat="45.370143" lon="6.330915">
        <ele>1056.118328</ele>
        <time>2026-09-03T11:02:52.807Z</time>
      </trkpt>
      <trkpt lat="45.370077" lon="6.330813">
        <ele>1056.021029</ele>
        <time>2026-09-03T11:02:55.844Z</time>
      </trkpt>
      <trkpt lat="45.369988" lon="6.330717">
        <ele>1055.909503</ele>
        <time>2026-09-03T11:03:29.811Z</time>
      </trkpt>
      <trkpt lat="45.369898" lon="6.330642">
        <ele>1055.805346</ele>
        <time>2026-09-03T11:03:32.819Z</time>
      </trkpt>
      <trkpt lat="45.369813" lon="6.330520">
        <ele>1055.553172</ele>
        <time>2026-09-03T11:03:35.814Z</time>
      </trkpt>
      <trkpt lat="45.369705" lon="6.330418">
        <ele>1054.438292</ele>
        <time>2026-09-03T11:03:38.814Z</time>
      </trkpt>
      <trkpt lat="45.369628" lon="6.330347">
        <ele>1053.649130</ele>
        <time>2026-09-03T11:03:40.800Z</time>
      </trkpt>
      <trkpt lat="45.369555" lon="6.330272">
        <ele>1052.874721</ele>
        <time>2026-09-03T11:03:42.803Z</time>
      </trkpt>
      <trkpt lat="45.369467" lon="6.330138">
        <ele>1051.766252</ele>
        <time>2026-09-03T11:03:45.818Z</time>
      </trkpt>
      <trkpt lat="45.369398" lon="6.329983">
        <ele>1050.657370</ele>
        <time>2026-09-03T11:03:48.805Z</time>
      </trkpt>
      <trkpt lat="45.369358" lon="6.329805">
        <ele>1049.528021</ele>
        <time>2026-09-03T11:03:51.805Z</time>
      </trkpt>
      <trkpt lat="45.369330" lon="6.329662">
        <ele>1048.630930</ele>
        <time>2026-09-03T11:03:53.799Z</time>
      </trkpt>
      <trkpt lat="45.369327" lon="6.329495">
        <ele>1047.621412</ele>
        <time>2026-09-03T11:03:56.844Z</time>
      </trkpt>
      <trkpt lat="45.369372" lon="6.329337">
        <ele>1046.591133</ele>
        <time>2026-09-03T11:03:59.830Z</time>
      </trkpt>
      <trkpt lat="45.369445" lon="6.329227">
        <ele>1045.676712</ele>
        <time>2026-09-03T11:04:01.836Z</time>
      </trkpt>
      <trkpt lat="45.369548" lon="6.329110">
        <ele>1044.543194</ele>
        <time>2026-09-03T11:04:03.813Z</time>
      </trkpt>
      <trkpt lat="45.369640" lon="6.329007">
        <ele>1043.536379</ele>
        <time>2026-09-03T11:04:05.833Z</time>
      </trkpt>
      <trkpt lat="45.369745" lon="6.328873">
        <ele>1042.323341</ele>
        <time>2026-09-03T11:04:07.814Z</time>
      </trkpt>
      <trkpt lat="45.369840" lon="6.328772">
        <ele>1041.303399</ele>
        <time>2026-09-03T11:04:09.834Z</time>
      </trkpt>
      <trkpt lat="45.369932" lon="6.328660">
        <ele>1040.262086</ele>
        <time>2026-09-03T11:04:11.835Z</time>
      </trkpt>
      <trkpt lat="45.370037" lon="6.328547">
        <ele>1039.019939</ele>
        <time>2026-09-03T11:04:13.816Z</time>
      </trkpt>
      <trkpt lat="45.370157" lon="6.328465">
        <ele>1037.760653</ele>
        <time>2026-09-03T11:04:15.844Z</time>
      </trkpt>
      <trkpt lat="45.370292" lon="6.328417">
        <ele>1036.444258</ele>
        <time>2026-09-03T11:04:17.811Z</time>
      </trkpt>
      <trkpt lat="45.370423" lon="6.328398">
        <ele>1035.198527</ele>
        <time>2026-09-03T11:04:19.822Z</time>
      </trkpt>
      <trkpt lat="45.370538" lon="6.328392">
        <ele>1034.109850</ele>
        <time>2026-09-03T11:04:21.842Z</time>
      </trkpt>
      <trkpt lat="45.370652" lon="6.328317">
        <ele>1032.921744</ele>
        <time>2026-09-03T11:04:24.814Z</time>
      </trkpt>
      <trkpt lat="45.370688" lon="6.328192">
        <ele>1032.023881</ele>
        <time>2026-09-03T11:04:27.834Z</time>
      </trkpt>
      <trkpt lat="45.370563" lon="6.328123">
        <ele>1030.755526</ele>
        <time>2026-09-03T11:04:41.845Z</time>
      </trkpt>
      <trkpt lat="45.370465" lon="6.328113">
        <ele>1029.826027</ele>
        <time>2026-09-03T11:04:43.840Z</time>
      </trkpt>
      <trkpt lat="45.370347" lon="6.328117">
        <ele>1028.709382</ele>
        <time>2026-09-03T11:04:45.846Z</time>
      </trkpt>
      <trkpt lat="45.370223" lon="6.328107">
        <ele>1027.534410</ele>
        <time>2026-09-03T11:04:47.842Z</time>
      </trkpt>
      <trkpt lat="45.370098" lon="6.328080">
        <ele>1026.338321</ele>
        <time>2026-09-03T11:04:49.845Z</time>
      </trkpt>
      <trkpt lat="45.369958" lon="6.328053">
        <ele>1025.001763</ele>
        <time>2026-09-03T11:04:51.813Z</time>
      </trkpt>
      <trkpt lat="45.369813" lon="6.328048">
        <ele>1023.629601</ele>
        <time>2026-09-03T11:04:53.847Z</time>
      </trkpt>
      <trkpt lat="45.369670" lon="6.328075">
        <ele>1022.340467</ele>
        <time>2026-09-03T11:04:55.814Z</time>
      </trkpt>
      <trkpt lat="45.369533" lon="6.328128">
        <ele>1021.104224</ele>
        <time>2026-09-03T11:04:57.842Z</time>
      </trkpt>
      <trkpt lat="45.369392" lon="6.328200">
        <ele>1019.799808</ele>
        <time>2026-09-03T11:04:59.846Z</time>
      </trkpt>
      <trkpt lat="45.369240" lon="6.328243">
        <ele>1018.450335</ele>
        <time>2026-09-03T11:05:01.843Z</time>
      </trkpt>
      <trkpt lat="45.369092" lon="6.328270">
        <ele>1017.151038</ele>
        <time>2026-09-03T11:05:03.844Z</time>
      </trkpt>
      <trkpt lat="45.368950" lon="6.328293">
        <ele>1015.906550</ele>
        <time>2026-09-03T11:05:05.844Z</time>
      </trkpt>
      <trkpt lat="45.368828" lon="6.328352">
        <ele>1014.784558</ele>
        <time>2026-09-03T11:05:07.839Z</time>
      </trkpt>
      <trkpt lat="45.368752" lon="6.328445">
        <ele>1013.911828</ele>
        <time>2026-09-03T11:05:09.812Z</time>
      </trkpt>
      <trkpt lat="45.368680" lon="6.328577">
        <ele>1012.889490</ele>
        <time>2026-09-03T11:05:11.846Z</time>
      </trkpt>
      <trkpt lat="45.368615" lon="6.328692">
        <ele>1011.986545</ele>
        <time>2026-09-03T11:05:13.805Z</time>
      </trkpt>
      <trkpt lat="45.368522" lon="6.328790">
        <ele>1010.978949</ele>
        <time>2026-09-03T11:05:16.835Z</time>
      </trkpt>
      <trkpt lat="45.368467" lon="6.328682">
        <ele>1010.162921</ele>
        <time>2026-09-03T11:06:09.840Z</time>
      </trkpt>
      <trkpt lat="45.368537" lon="6.328578">
        <ele>1009.281821</ele>
        <time>2026-09-03T11:06:22.846Z</time>
      </trkpt>
      <trkpt lat="45.368623" lon="6.328433">
        <ele>1008.120928</ele>
        <time>2026-09-03T11:06:25.819Z</time>
      </trkpt>
      <trkpt lat="45.368683" lon="6.328253">
        <ele>1006.649740</ele>
        <time>2026-09-03T11:06:28.802Z</time>
      </trkpt>
      <trkpt lat="45.368747" lon="6.328140">
        <ele>1005.417212</ele>
        <time>2026-09-03T11:06:30.807Z</time>
      </trkpt>
      <trkpt lat="45.368818" lon="6.327995">
        <ele>1003.916382</ele>
        <time>2026-09-03T11:06:32.800Z</time>
      </trkpt>
      <trkpt lat="45.368900" lon="6.327862">
        <ele>1002.413778</ele>
        <time>2026-09-03T11:06:34.800Z</time>
      </trkpt>
      <trkpt lat="45.368987" lon="6.327740">
        <ele>1000.937633</ele>
        <time>2026-09-03T11:06:36.802Z</time>
      </trkpt>
      <trkpt lat="45.369087" lon="6.327635">
        <ele>999.435668</ele>
        <time>2026-09-03T11:06:38.819Z</time>
      </trkpt>
      <trkpt lat="45.369185" lon="6.327540">
        <ele>998.002549</ele>
        <time>2026-09-03T11:06:40.820Z</time>
      </trkpt>
      <trkpt lat="45.369313" lon="6.327447">
        <ele>996.265531</ele>
        <time>2026-09-03T11:06:42.823Z</time>
      </trkpt>
      <trkpt lat="45.369463" lon="6.327378">
        <ele>994.360173</ele>
        <time>2026-09-03T11:06:44.800Z</time>
      </trkpt>
      <trkpt lat="45.369635" lon="6.327327">
        <ele>992.236599</ele>
        <time>2026-09-03T11:06:46.812Z</time>
      </trkpt>
      <trkpt lat="45.369727" lon="6.327310">
        <ele>991.115273</ele>
        <time>2026-09-03T11:06:47.813Z</time>
      </trkpt>
      <trkpt lat="45.369822" lon="6.327293">
        <ele>989.957979</ele>
        <time>2026-09-03T11:06:48.810Z</time>
      </trkpt>
      <trkpt lat="45.369917" lon="6.327285">
        <ele>988.807715</ele>
        <time>2026-09-03T11:06:49.808Z</time>
      </trkpt>
      <trkpt lat="45.370013" lon="6.327283">
        <ele>987.647248</ele>
        <time>2026-09-03T11:06:50.808Z</time>
      </trkpt>
      <trkpt lat="45.370108" lon="6.327278">
        <ele>986.498207</ele>
        <time>2026-09-03T11:06:51.807Z</time>
      </trkpt>
      <trkpt lat="45.370205" lon="6.327272">
        <ele>985.334370</ele>
        <time>2026-09-03T11:06:52.810Z</time>
      </trkpt>
      <trkpt lat="45.370298" lon="6.327270">
        <ele>984.232517</ele>
        <time>2026-09-03T11:06:53.808Z</time>
      </trkpt>
      <trkpt lat="45.370388" lon="6.327270">
        <ele>983.166329</ele>
        <time>2026-09-03T11:06:54.813Z</time>
      </trkpt>
      <trkpt lat="45.370542" lon="6.327283">
        <ele>981.338758</ele>
        <time>2026-09-03T11:06:56.839Z</time>
      </trkpt>
      <trkpt lat="45.370702" lon="6.327378">
        <ele>979.285028</ele>
        <time>2026-09-03T11:06:58.839Z</time>
      </trkpt>
      <trkpt lat="45.370785" lon="6.327438">
        <ele>978.182237</ele>
        <time>2026-09-03T11:06:59.832Z</time>
      </trkpt>
      <trkpt lat="45.370862" lon="6.327515">
        <ele>977.067458</ele>
        <time>2026-09-03T11:07:00.834Z</time>
      </trkpt>
      <trkpt lat="45.371013" lon="6.327655">
        <ele>974.932645</ele>
        <time>2026-09-03T11:07:02.835Z</time>
      </trkpt>
      <trkpt lat="45.371190" lon="6.327748">
        <ele>972.697525</ele>
        <time>2026-09-03T11:07:04.841Z</time>
      </trkpt>
      <trkpt lat="45.371295" lon="6.327763">
        <ele>971.447391</ele>
        <time>2026-09-03T11:07:05.832Z</time>
      </trkpt>
      <trkpt lat="45.371395" lon="6.327788">
        <ele>970.244606</ele>
        <time>2026-09-03T11:07:06.833Z</time>
      </trkpt>
      <trkpt lat="45.371490" lon="6.327812">
        <ele>969.101599</ele>
        <time>2026-09-03T11:07:07.834Z</time>
      </trkpt>
      <trkpt lat="45.371648" lon="6.327878">
        <ele>967.150919</ele>
        <time>2026-09-03T11:07:09.832Z</time>
      </trkpt>
      <trkpt lat="45.371773" lon="6.327922">
        <ele>965.625499</ele>
        <time>2026-09-03T11:07:11.839Z</time>
      </trkpt>
      <trkpt lat="45.371852" lon="6.327837">
        <ele>964.461226</ele>
        <time>2026-09-03T11:07:13.805Z</time>
      </trkpt>
      <trkpt lat="45.371803" lon="6.327688">
        <ele>963.324065</ele>
        <time>2026-09-03T11:07:16.839Z</time>
      </trkpt>
      <trkpt lat="45.371692" lon="6.327643">
        <ele>962.188484</ele>
        <time>2026-09-03T11:07:18.811Z</time>
      </trkpt>
      <trkpt lat="45.371573" lon="6.327652">
        <ele>961.015966</ele>
        <time>2026-09-03T11:07:20.809Z</time>
      </trkpt>
      <trkpt lat="45.371438" lon="6.327605">
        <ele>959.648521</ele>
        <time>2026-09-03T11:07:22.810Z</time>
      </trkpt>
      <trkpt lat="45.371297" lon="6.327508">
        <ele>958.107671</ele>
        <time>2026-09-03T11:07:24.810Z</time>
      </trkpt>
      <trkpt lat="45.371143" lon="6.327380">
        <ele>956.353037</ele>
        <time>2026-09-03T11:07:26.812Z</time>
      </trkpt>
      <trkpt lat="45.371067" lon="6.327310">
        <ele>955.462370</ele>
        <time>2026-09-03T11:07:27.811Z</time>
      </trkpt>
      <trkpt lat="45.370992" lon="6.327213">
        <ele>954.465324</ele>
        <time>2026-09-03T11:07:28.811Z</time>
      </trkpt>
      <trkpt lat="45.370935" lon="6.327107">
        <ele>953.542625</ele>
        <time>2026-09-03T11:07:29.814Z</time>
      </trkpt>
      <trkpt lat="45.370877" lon="6.327008">
        <ele>952.651589</ele>
        <time>2026-09-03T11:07:30.813Z</time>
      </trkpt>
      <trkpt lat="45.370808" lon="6.326922">
        <ele>951.749213</ele>
        <time>2026-09-03T11:07:31.799Z</time>
      </trkpt>
      <trkpt lat="45.370728" lon="6.326845">
        <ele>950.799022</ele>
        <time>2026-09-03T11:07:32.812Z</time>
      </trkpt>
      <trkpt lat="45.370642" lon="6.326768">
        <ele>949.799378</ele>
        <time>2026-09-03T11:07:33.814Z</time>
      </trkpt>
      <trkpt lat="45.370558" lon="6.326702">
        <ele>948.855335</ele>
        <time>2026-09-03T11:07:34.814Z</time>
      </trkpt>
      <trkpt lat="45.370475" lon="6.326633">
        <ele>947.909607</ele>
        <time>2026-09-03T11:07:35.812Z</time>
      </trkpt>
      <trkpt lat="45.370397" lon="6.326558">
        <ele>946.983459</ele>
        <time>2026-09-03T11:07:36.816Z</time>
      </trkpt>
      <trkpt lat="45.370308" lon="6.326485">
        <ele>945.844713</ele>
        <time>2026-09-03T11:07:37.806Z</time>
      </trkpt>
      <trkpt lat="45.370217" lon="6.326428">
        <ele>944.716385</ele>
        <time>2026-09-03T11:07:38.814Z</time>
      </trkpt>
      <trkpt lat="45.370128" lon="6.326390">
        <ele>943.661863</ele>
        <time>2026-09-03T11:07:39.818Z</time>
      </trkpt>
      <trkpt lat="45.369975" lon="6.326280">
        <ele>941.716547</ele>
        <time>2026-09-03T11:07:41.818Z</time>
      </trkpt>
      <trkpt lat="45.369835" lon="6.326143">
        <ele>939.788440</ele>
        <time>2026-09-03T11:07:43.815Z</time>
      </trkpt>
      <trkpt lat="45.369678" lon="6.326048">
        <ele>937.852336</ele>
        <time>2026-09-03T11:07:45.802Z</time>
      </trkpt>
      <trkpt lat="45.369588" lon="6.326028">
        <ele>936.818552</ele>
        <time>2026-09-03T11:07:46.819Z</time>
      </trkpt>
      <trkpt lat="45.369487" lon="6.326013">
        <ele>935.666080</ele>
        <time>2026-09-03T11:07:47.830Z</time>
      </trkpt>
      <trkpt lat="45.369385" lon="6.325998">
        <ele>934.502320</ele>
        <time>2026-09-03T11:07:48.820Z</time>
      </trkpt>
      <trkpt lat="45.369282" lon="6.325985">
        <ele>933.328785</ele>
        <time>2026-09-03T11:07:49.843Z</time>
      </trkpt>
      <trkpt lat="45.369188" lon="6.325977">
        <ele>932.260073</ele>
        <time>2026-09-03T11:07:50.840Z</time>
      </trkpt>
      <trkpt lat="45.369093" lon="6.325972">
        <ele>931.181181</ele>
        <time>2026-09-03T11:07:51.848Z</time>
      </trkpt>
      <trkpt lat="45.369002" lon="6.325958">
        <ele>930.142406</ele>
        <time>2026-09-03T11:07:52.831Z</time>
      </trkpt>
      <trkpt lat="45.368837" lon="6.325932">
        <ele>928.258380</ele>
        <time>2026-09-03T11:07:54.828Z</time>
      </trkpt>
      <trkpt lat="45.368695" lon="6.325958">
        <ele>926.633542</ele>
        <time>2026-09-03T11:07:56.834Z</time>
      </trkpt>
      <trkpt lat="45.368572" lon="6.325980">
        <ele>925.434997</ele>
        <time>2026-09-03T11:07:58.816Z</time>
      </trkpt>
      <trkpt lat="45.368523" lon="6.325833">
        <ele>924.369129</ele>
        <time>2026-09-03T11:08:01.852Z</time>
      </trkpt>
      <trkpt lat="45.368615" lon="6.325762">
        <ele>923.393304</ele>
        <time>2026-09-03T11:08:03.814Z</time>
      </trkpt>
      <trkpt lat="45.368755" lon="6.325752">
        <ele>922.086236</ele>
        <time>2026-09-03T11:08:05.839Z</time>
      </trkpt>
      <trkpt lat="45.368907" lon="6.325748">
        <ele>920.668675</ele>
        <time>2026-09-03T11:08:07.838Z</time>
      </trkpt>
      <trkpt lat="45.369070" lon="6.325735">
        <ele>919.146404</ele>
        <time>2026-09-03T11:08:09.842Z</time>
      </trkpt>
      <trkpt lat="45.369243" lon="6.325690">
        <ele>917.506558</ele>
        <time>2026-09-03T11:08:11.810Z</time>
      </trkpt>
      <trkpt lat="45.369332" lon="6.325657">
        <ele>916.648987</ele>
        <time>2026-09-03T11:08:12.839Z</time>
      </trkpt>
      <trkpt lat="45.369420" lon="6.325632">
        <ele>915.812251</ele>
        <time>2026-09-03T11:08:13.852Z</time>
      </trkpt>
      <trkpt lat="45.369520" lon="6.325623">
        <ele>914.877943</ele>
        <time>2026-09-03T11:08:14.837Z</time>
      </trkpt>
      <trkpt lat="45.369618" lon="6.325627">
        <ele>913.963770</ele>
        <time>2026-09-03T11:08:15.844Z</time>
      </trkpt>
      <trkpt lat="45.369722" lon="6.325638">
        <ele>912.991352</ele>
        <time>2026-09-03T11:08:16.842Z</time>
      </trkpt>
      <trkpt lat="45.369830" lon="6.325652">
        <ele>911.980143</ele>
        <time>2026-09-03T11:08:17.832Z</time>
      </trkpt>
      <trkpt lat="45.369940" lon="6.325670">
        <ele>910.947696</ele>
        <time>2026-09-03T11:08:18.838Z</time>
      </trkpt>
      <trkpt lat="45.370050" lon="6.325690">
        <ele>909.913672</ele>
        <time>2026-09-03T11:08:19.836Z</time>
      </trkpt>
      <trkpt lat="45.370163" lon="6.325710">
        <ele>908.855739</ele>
        <time>2026-09-03T11:08:20.845Z</time>
      </trkpt>
      <trkpt lat="45.370277" lon="6.325732">
        <ele>907.788374</ele>
        <time>2026-09-03T11:08:21.820Z</time>
      </trkpt>
      <trkpt lat="45.370388" lon="6.325752">
        <ele>906.750301</ele>
        <time>2026-09-03T11:08:22.846Z</time>
      </trkpt>
      <trkpt lat="45.370497" lon="6.325775">
        <ele>905.727950</ele>
        <time>2026-09-03T11:08:23.843Z</time>
      </trkpt>
      <trkpt lat="45.370603" lon="6.325805">
        <ele>904.725234</ele>
        <time>2026-09-03T11:08:24.843Z</time>
      </trkpt>
      <trkpt lat="45.370712" lon="6.325845">
        <ele>903.680868</ele>
        <time>2026-09-03T11:08:25.820Z</time>
      </trkpt>
      <trkpt lat="45.370825" lon="6.325880">
        <ele>902.607924</ele>
        <time>2026-09-03T11:08:26.838Z</time>
      </trkpt>
      <trkpt lat="45.370937" lon="6.325902">
        <ele>901.558943</ele>
        <time>2026-09-03T11:08:27.847Z</time>
      </trkpt>
      <trkpt lat="45.371047" lon="6.325923">
        <ele>900.529228</ele>
        <time>2026-09-03T11:08:28.841Z</time>
      </trkpt>
      <trkpt lat="45.371157" lon="6.325953">
        <ele>899.490088</ele>
        <time>2026-09-03T11:08:29.844Z</time>
      </trkpt>
      <trkpt lat="45.371263" lon="6.325983">
        <ele>898.487372</ele>
        <time>2026-09-03T11:08:30.833Z</time>
      </trkpt>
      <trkpt lat="45.371370" lon="6.326017">
        <ele>897.470195</ele>
        <time>2026-09-03T11:08:31.842Z</time>
      </trkpt>
      <trkpt lat="45.371487" lon="6.326050">
        <ele>896.363567</ele>
        <time>2026-09-03T11:08:32.840Z</time>
      </trkpt>
      <trkpt lat="45.371602" lon="6.326085">
        <ele>895.272485</ele>
        <time>2026-09-03T11:08:33.844Z</time>
      </trkpt>
      <trkpt lat="45.371720" lon="6.326118">
        <ele>894.156756</ele>
        <time>2026-09-03T11:08:34.840Z</time>
      </trkpt>
      <trkpt lat="45.371837" lon="6.326148">
        <ele>893.053762</ele>
        <time>2026-09-03T11:08:35.834Z</time>
      </trkpt>
      <trkpt lat="45.371952" lon="6.326177">
        <ele>891.785875</ele>
        <time>2026-09-03T11:08:36.842Z</time>
      </trkpt>
      <trkpt lat="45.372063" lon="6.326200">
        <ele>890.546464</ele>
        <time>2026-09-03T11:08:37.825Z</time>
      </trkpt>
      <trkpt lat="45.372173" lon="6.326222">
        <ele>889.319091</ele>
        <time>2026-09-03T11:08:38.839Z</time>
      </trkpt>
      <trkpt lat="45.372273" lon="6.326245">
        <ele>888.199819</ele>
        <time>2026-09-03T11:08:39.833Z</time>
      </trkpt>
      <trkpt lat="45.372372" lon="6.326267">
        <ele>887.092677</ele>
        <time>2026-09-03T11:08:40.830Z</time>
      </trkpt>
      <trkpt lat="45.372470" lon="6.326278">
        <ele>886.006473</ele>
        <time>2026-09-03T11:08:41.837Z</time>
      </trkpt>
      <trkpt lat="45.372568" lon="6.326283">
        <ele>884.922935</ele>
        <time>2026-09-03T11:08:42.838Z</time>
      </trkpt>
      <trkpt lat="45.372672" lon="6.326268">
        <ele>883.767912</ele>
        <time>2026-09-03T11:08:43.842Z</time>
      </trkpt>
      <trkpt lat="45.372777" lon="6.326238">
        <ele>882.584585</ele>
        <time>2026-09-03T11:08:44.832Z</time>
      </trkpt>
      <trkpt lat="45.372887" lon="6.326195">
        <ele>881.324154</ele>
        <time>2026-09-03T11:08:45.851Z</time>
      </trkpt>
      <trkpt lat="45.372997" lon="6.326143">
        <ele>880.043450</ele>
        <time>2026-09-03T11:08:46.838Z</time>
      </trkpt>
      <trkpt lat="45.373108" lon="6.326083">
        <ele>878.731518</ele>
        <time>2026-09-03T11:08:47.841Z</time>
      </trkpt>
      <trkpt lat="45.373215" lon="6.326023">
        <ele>877.460809</ele>
        <time>2026-09-03T11:08:48.842Z</time>
      </trkpt>
      <trkpt lat="45.373318" lon="6.325962">
        <ele>876.228154</ele>
        <time>2026-09-03T11:08:49.843Z</time>
      </trkpt>
      <trkpt lat="45.373417" lon="6.325897">
        <ele>875.023516</ele>
        <time>2026-09-03T11:08:50.841Z</time>
      </trkpt>
      <trkpt lat="45.373512" lon="6.325828">
        <ele>873.845083</ele>
        <time>2026-09-03T11:08:51.836Z</time>
      </trkpt>
      <trkpt lat="45.373595" lon="6.325757">
        <ele>872.758231</ele>
        <time>2026-09-03T11:08:52.842Z</time>
      </trkpt>
      <trkpt lat="45.373677" lon="6.325687">
        <ele>871.639397</ele>
        <time>2026-09-03T11:08:53.843Z</time>
      </trkpt>
      <trkpt lat="45.373762" lon="6.325613">
        <ele>870.473503</ele>
        <time>2026-09-03T11:08:54.838Z</time>
      </trkpt>
      <trkpt lat="45.373847" lon="6.325530">
        <ele>869.267358</ele>
        <time>2026-09-03T11:08:55.839Z</time>
      </trkpt>
      <trkpt lat="45.373925" lon="6.325433">
        <ele>868.055407</ele>
        <time>2026-09-03T11:08:56.838Z</time>
      </trkpt>
      <trkpt lat="45.373998" lon="6.325332">
        <ele>866.864206</ele>
        <time>2026-09-03T11:08:57.843Z</time>
      </trkpt>
      <trkpt lat="45.374065" lon="6.325225">
        <ele>865.685959</ele>
        <time>2026-09-03T11:08:58.839Z</time>
      </trkpt>
      <trkpt lat="45.374128" lon="6.325118">
        <ele>864.538325</ele>
        <time>2026-09-03T11:08:59.840Z</time>
      </trkpt>
      <trkpt lat="45.374183" lon="6.325017">
        <ele>863.487861</ele>
        <time>2026-09-03T11:09:00.839Z</time>
      </trkpt>
      <trkpt lat="45.374292" lon="6.324810">
        <ele>861.361341</ele>
        <time>2026-09-03T11:09:02.841Z</time>
      </trkpt>
      <trkpt lat="45.374353" lon="6.324698">
        <ele>860.196400</ele>
        <time>2026-09-03T11:09:03.841Z</time>
      </trkpt>
      <trkpt lat="45.374415" lon="6.324585">
        <ele>859.017786</ele>
        <time>2026-09-03T11:09:04.838Z</time>
      </trkpt>
      <trkpt lat="45.374472" lon="6.324480">
        <ele>857.926999</ele>
        <time>2026-09-03T11:09:05.848Z</time>
      </trkpt>
      <trkpt lat="45.374532" lon="6.324382">
        <ele>856.858420</ele>
        <time>2026-09-03T11:09:06.843Z</time>
      </trkpt>
      <trkpt lat="45.374592" lon="6.324282">
        <ele>855.777393</ele>
        <time>2026-09-03T11:09:07.843Z</time>
      </trkpt>
      <trkpt lat="45.374697" lon="6.324087">
        <ele>853.757767</ele>
        <time>2026-09-03T11:09:09.838Z</time>
      </trkpt>
      <trkpt lat="45.374798" lon="6.323910">
        <ele>852.076646</ele>
        <time>2026-09-03T11:09:11.846Z</time>
      </trkpt>
      <trkpt lat="45.374903" lon="6.323773">
        <ele>852.864341</ele>
        <time>2026-09-03T11:09:13.841Z</time>
      </trkpt>
      <trkpt lat="45.375035" lon="6.323718">
        <ele>853.624974</ele>
        <time>2026-09-03T11:09:15.795Z</time>
      </trkpt>
      <trkpt lat="45.375193" lon="6.323785">
        <ele>854.536712</ele>
        <time>2026-09-03T11:09:17.821Z</time>
      </trkpt>
      <trkpt lat="45.375332" lon="6.323843">
        <ele>855.337772</ele>
        <time>2026-09-03T11:09:19.798Z</time>
      </trkpt>
      <trkpt lat="45.375440" lon="6.323763">
        <ele>856.011069</ele>
        <time>2026-09-03T11:09:21.803Z</time>
      </trkpt>
      <trkpt lat="45.375512" lon="6.323680">
        <ele>856.523435</ele>
        <time>2026-09-03T11:09:23.805Z</time>
      </trkpt>
      <trkpt lat="45.375633" lon="6.323690">
        <ele>857.193734</ele>
        <time>2026-09-03T11:09:26.804Z</time>
      </trkpt>
      <trkpt lat="45.375713" lon="6.323752">
        <ele>857.697475</ele>
        <time>2026-09-03T11:09:29.828Z</time>
      </trkpt>
      <trkpt lat="45.375808" lon="6.323833">
        <ele>858.309884</ele>
        <time>2026-09-03T11:09:34.807Z</time>
      </trkpt>
      <trkpt lat="45.375900" lon="6.323907">
        <ele>858.894274</ele>
        <time>2026-09-03T11:09:39.813Z</time>
      </trkpt>
      <trkpt lat="45.375990" lon="6.323950">
        <ele>859.419289</ele>
        <time>2026-09-03T11:09:44.811Z</time>
      </trkpt>
      <trkpt lat="45.376092" lon="6.323985">
        <ele>859.999539</ele>
        <time>2026-09-03T11:09:50.811Z</time>
      </trkpt>
      <trkpt lat="45.376190" lon="6.323980">
        <ele>860.541861</ele>
        <time>2026-09-03T11:09:55.805Z</time>
      </trkpt>
      <trkpt lat="45.376282" lon="6.323990">
        <ele>861.052134</ele>
        <time>2026-09-03T11:10:01.810Z</time>
      </trkpt>
      <trkpt lat="45.376382" lon="6.324035">
        <ele>861.632140</ele>
        <time>2026-09-03T11:10:06.800Z</time>
      </trkpt>
      <trkpt lat="45.376482" lon="6.324057">
        <ele>862.259700</ele>
        <time>2026-09-03T11:10:11.815Z</time>
      </trkpt>
      <trkpt lat="45.376588" lon="6.324100">
        <ele>863.049342</ele>
        <time>2026-09-03T11:10:18.838Z</time>
      </trkpt>
      <trkpt lat="45.376682" lon="6.324155">
        <ele>863.777445</ele>
        <time>2026-09-03T11:10:23.832Z</time>
      </trkpt>
      <trkpt lat="45.376767" lon="6.324203">
        <ele>864.432568</ele>
        <time>2026-09-03T11:10:28.810Z</time>
      </trkpt>
      <trkpt lat="45.376868" lon="6.324250">
        <ele>865.193835</ele>
        <time>2026-09-03T11:10:34.843Z</time>
      </trkpt>
      <trkpt lat="45.376970" lon="6.324295">
        <ele>865.958876</ele>
        <time>2026-09-03T11:10:40.808Z</time>
      </trkpt>
      <trkpt lat="45.377062" lon="6.324333">
        <ele>866.645170</ele>
        <time>2026-09-03T11:10:45.841Z</time>
      </trkpt>
      <trkpt lat="45.377160" lon="6.324370">
        <ele>867.371539</ele>
        <time>2026-09-03T11:10:50.811Z</time>
      </trkpt>
      <trkpt lat="45.377257" lon="6.324430">
        <ele>868.129236</ele>
        <time>2026-09-03T11:10:56.844Z</time>
      </trkpt>
      <trkpt lat="45.377343" lon="6.324470">
        <ele>868.777412</ele>
        <time>2026-09-03T11:11:01.813Z</time>
      </trkpt>
      <trkpt lat="45.377438" lon="6.324497">
        <ele>869.471448</ele>
        <time>2026-09-03T11:11:06.844Z</time>
      </trkpt>
      <trkpt lat="45.377535" lon="6.324525">
        <ele>870.180523</ele>
        <time>2026-09-03T11:11:11.823Z</time>
      </trkpt>
      <trkpt lat="45.377628" lon="6.324533">
        <ele>870.848015</ele>
        <time>2026-09-03T11:11:16.841Z</time>
      </trkpt>
      <trkpt lat="45.377725" lon="6.324548">
        <ele>871.547036</ele>
        <time>2026-09-03T11:11:22.806Z</time>
      </trkpt>
      <trkpt lat="45.377822" lon="6.324577">
        <ele>872.257128</ele>
        <time>2026-09-03T11:11:27.842Z</time>
      </trkpt>
      <trkpt lat="45.377908" lon="6.324622">
        <ele>872.913554</ele>
        <time>2026-09-03T11:11:32.813Z</time>
      </trkpt>
      <trkpt lat="45.377993" lon="6.324675">
        <ele>873.578365</ele>
        <time>2026-09-03T11:11:37.842Z</time>
      </trkpt>
      <trkpt lat="45.378070" lon="6.324750">
        <ele>874.246771</ele>
        <time>2026-09-03T11:11:42.811Z</time>
      </trkpt>
      <trkpt lat="45.378152" lon="6.324825">
        <ele>874.955483</ele>
        <time>2026-09-03T11:11:47.843Z</time>
      </trkpt>
      <trkpt lat="45.378235" lon="6.324878">
        <ele>875.677133</ele>
        <time>2026-09-03T11:11:52.812Z</time>
      </trkpt>
      <trkpt lat="45.378332" lon="6.324908">
        <ele>876.464595</ele>
        <time>2026-09-03T11:11:57.842Z</time>
      </trkpt>
      <trkpt lat="45.378425" lon="6.324915">
        <ele>877.203404</ele>
        <time>2026-09-03T11:12:03.804Z</time>
      </trkpt>
      <trkpt lat="45.378515" lon="6.324923">
        <ele>877.918775</ele>
        <time>2026-09-03T11:12:08.838Z</time>
      </trkpt>
      <trkpt lat="45.378613" lon="6.324915">
        <ele>878.697497</ele>
        <time>2026-09-03T11:12:13.844Z</time>
      </trkpt>
      <trkpt lat="45.378710" lon="6.324903">
        <ele>879.469909</ele>
        <time>2026-09-03T11:12:18.810Z</time>
      </trkpt>
      <trkpt lat="45.378802" lon="6.324880">
        <ele>880.210923</ele>
        <time>2026-09-03T11:12:23.835Z</time>
      </trkpt>
      <trkpt lat="45.378900" lon="6.324898">
        <ele>880.994811</ele>
        <time>2026-09-03T11:12:28.835Z</time>
      </trkpt>
      <trkpt lat="45.378990" lon="6.324935">
        <ele>881.737964</ele>
        <time>2026-09-03T11:12:33.836Z</time>
      </trkpt>
      <trkpt lat="45.379068" lon="6.325003">
        <ele>882.463548</ele>
        <time>2026-09-03T11:12:38.843Z</time>
      </trkpt>
      <trkpt lat="45.379142" lon="6.325113">
        <ele>883.312277</ele>
        <time>2026-09-03T11:12:43.803Z</time>
      </trkpt>
      <trkpt lat="45.379195" lon="6.325240">
        <ele>884.135441</ele>
        <time>2026-09-03T11:12:48.848Z</time>
      </trkpt>
      <trkpt lat="45.379230" lon="6.325372">
        <ele>884.921648</ele>
        <time>2026-09-03T11:12:53.817Z</time>
      </trkpt>
      <trkpt lat="45.379243" lon="6.325508">
        <ele>885.686466</ele>
        <time>2026-09-03T11:12:58.836Z</time>
      </trkpt>
      <trkpt lat="45.379237" lon="6.325652">
        <ele>886.490289</ele>
        <time>2026-09-03T11:13:03.830Z</time>
      </trkpt>
      <trkpt lat="45.379220" lon="6.325780">
        <ele>887.216182</ele>
        <time>2026-09-03T11:13:07.839Z</time>
      </trkpt>
      <trkpt lat="45.379200" lon="6.325912">
        <ele>887.968645</ele>
        <time>2026-09-03T11:13:11.816Z</time>
      </trkpt>
      <trkpt lat="45.379210" lon="6.326050">
        <ele>888.741705</ele>
        <time>2026-09-03T11:13:15.834Z</time>
      </trkpt>
      <trkpt lat="45.379222" lon="6.326192">
        <ele>889.581579</ele>
        <time>2026-09-03T11:13:19.806Z</time>
      </trkpt>
      <trkpt lat="45.379233" lon="6.326335">
        <ele>890.464642</ele>
        <time>2026-09-03T11:13:23.840Z</time>
      </trkpt>
      <trkpt lat="45.379245" lon="6.326475">
        <ele>891.330416</ele>
        <time>2026-09-03T11:13:27.816Z</time>
      </trkpt>
      <trkpt lat="45.379265" lon="6.326613">
        <ele>892.195381</ele>
        <time>2026-09-03T11:13:31.844Z</time>
      </trkpt>
      <trkpt lat="45.379292" lon="6.326748">
        <ele>893.057025</ele>
        <time>2026-09-03T11:13:35.814Z</time>
      </trkpt>
      <trkpt lat="45.379337" lon="6.326877">
        <ele>893.941176</ele>
        <time>2026-09-03T11:13:39.830Z</time>
      </trkpt>
      <trkpt lat="45.379398" lon="6.326990">
        <ele>894.816019</ele>
        <time>2026-09-03T11:13:43.841Z</time>
      </trkpt>
      <trkpt lat="45.379463" lon="6.327087">
        <ele>895.638960</ele>
        <time>2026-09-03T11:13:47.811Z</time>
      </trkpt>
      <trkpt lat="45.379538" lon="6.327183">
        <ele>896.520370</ele>
        <time>2026-09-03T11:13:51.845Z</time>
      </trkpt>
      <trkpt lat="45.379608" lon="6.327283">
        <ele>897.387003</ele>
        <time>2026-09-03T11:13:55.810Z</time>
      </trkpt>
      <trkpt lat="45.379660" lon="6.327405">
        <ele>898.262998</ele>
        <time>2026-09-03T11:14:00.837Z</time>
      </trkpt>
      <trkpt lat="45.379722" lon="6.327515">
        <ele>899.128752</ele>
        <time>2026-09-03T11:14:05.817Z</time>
      </trkpt>
      <trkpt lat="45.379798" lon="6.327617">
        <ele>900.041538</ele>
        <time>2026-09-03T11:14:10.807Z</time>
      </trkpt>
      <trkpt lat="45.379880" lon="6.327710">
        <ele>900.957753</ele>
        <time>2026-09-03T11:14:16.838Z</time>
      </trkpt>
      <trkpt lat="45.379962" lon="6.327777">
        <ele>901.784006</ele>
        <time>2026-09-03T11:14:21.805Z</time>
      </trkpt>
      <trkpt lat="45.380062" lon="6.327823">
        <ele>902.702419</ele>
        <time>2026-09-03T11:14:26.836Z</time>
      </trkpt>
      <trkpt lat="45.380145" lon="6.327872">
        <ele>903.487670</ele>
        <time>2026-09-03T11:14:31.841Z</time>
      </trkpt>
      <trkpt lat="45.380230" lon="6.327943">
        <ele>904.348924</ele>
        <time>2026-09-03T11:14:36.840Z</time>
      </trkpt>
      <trkpt lat="45.380312" lon="6.328027">
        <ele>905.265566</ele>
        <time>2026-09-03T11:14:41.806Z</time>
      </trkpt>
      <trkpt lat="45.380390" lon="6.328102">
        <ele>906.158258</ele>
        <time>2026-09-03T11:14:45.834Z</time>
      </trkpt>
      <trkpt lat="45.380468" lon="6.328180">
        <ele>907.062288</ele>
        <time>2026-09-03T11:14:50.810Z</time>
      </trkpt>
      <trkpt lat="45.380552" lon="6.328267">
        <ele>908.047480</ele>
        <time>2026-09-03T11:14:55.843Z</time>
      </trkpt>
      <trkpt lat="45.380628" lon="6.328352">
        <ele>908.964103</ele>
        <time>2026-09-03T11:15:00.804Z</time>
      </trkpt>
      <trkpt lat="45.380725" lon="6.328422">
        <ele>909.995516</ele>
        <time>2026-09-03T11:15:05.842Z</time>
      </trkpt>
      <trkpt lat="45.380817" lon="6.328500">
        <ele>911.011071</ele>
        <time>2026-09-03T11:15:10.817Z</time>
      </trkpt>
      <trkpt lat="45.380908" lon="6.328565">
        <ele>911.976675</ele>
        <time>2026-09-03T11:15:15.836Z</time>
      </trkpt>
      <trkpt lat="45.381003" lon="6.328623">
        <ele>912.957034</ele>
        <time>2026-09-03T11:15:20.839Z</time>
      </trkpt>
      <trkpt lat="45.381075" lon="6.328715">
        <ele>913.874599</ele>
        <time>2026-09-03T11:15:25.845Z</time>
      </trkpt>
      <trkpt lat="45.381165" lon="6.328797">
        <ele>914.888013</ele>
        <time>2026-09-03T11:15:30.819Z</time>
      </trkpt>
      <trkpt lat="45.381248" lon="6.328880">
        <ele>915.849988</ele>
        <time>2026-09-03T11:15:35.838Z</time>
      </trkpt>
      <trkpt lat="45.381327" lon="6.328963">
        <ele>916.781174</ele>
        <time>2026-09-03T11:15:40.808Z</time>
      </trkpt>
      <trkpt lat="45.381393" lon="6.329063">
        <ele>917.695288</ele>
        <time>2026-09-03T11:15:45.843Z</time>
      </trkpt>
      <trkpt lat="45.381457" lon="6.329175">
        <ele>918.657115</ele>
        <time>2026-09-03T11:15:50.812Z</time>
      </trkpt>
      <trkpt lat="45.381542" lon="6.329270">
        <ele>919.682009</ele>
        <time>2026-09-03T11:15:55.838Z</time>
      </trkpt>
      <trkpt lat="45.381610" lon="6.329383">
        <ele>920.673264</ele>
        <time>2026-09-03T11:16:00.841Z</time>
      </trkpt>
      <trkpt lat="45.381677" lon="6.329482">
        <ele>921.589088</ele>
        <time>2026-09-03T11:16:04.806Z</time>
      </trkpt>
      <trkpt lat="45.381745" lon="6.329573">
        <ele>922.359000</ele>
        <time>2026-09-03T11:16:08.838Z</time>
      </trkpt>
      <trkpt lat="45.381830" lon="6.329638">
        <ele>923.092329</ele>
        <time>2026-09-03T11:16:12.807Z</time>
      </trkpt>
      <trkpt lat="45.381933" lon="6.329662">
        <ele>923.885589</ele>
        <time>2026-09-03T11:16:16.846Z</time>
      </trkpt>
      <trkpt lat="45.382035" lon="6.329637">
        <ele>924.672238</ele>
        <time>2026-09-03T11:16:20.813Z</time>
      </trkpt>
      <trkpt lat="45.382123" lon="6.329585">
        <ele>925.396396</ele>
        <time>2026-09-03T11:16:24.844Z</time>
      </trkpt>
      <trkpt lat="45.382207" lon="6.329535">
        <ele>926.088384</ele>
        <time>2026-09-03T11:16:28.807Z</time>
      </trkpt>
      <trkpt lat="45.382303" lon="6.329480">
        <ele>926.874885</ele>
        <time>2026-09-03T11:16:33.830Z</time>
      </trkpt>
      <trkpt lat="45.382407" lon="6.329438">
        <ele>927.696515</ele>
        <time>2026-09-03T11:16:38.844Z</time>
      </trkpt>
      <trkpt lat="45.382505" lon="6.329392">
        <ele>928.480794</ele>
        <time>2026-09-03T11:16:43.812Z</time>
      </trkpt>
      <trkpt lat="45.382608" lon="6.329342">
        <ele>929.307892</ele>
        <time>2026-09-03T11:16:48.839Z</time>
      </trkpt>
      <trkpt lat="45.382713" lon="6.329298">
        <ele>930.139787</ele>
        <time>2026-09-03T11:16:53.844Z</time>
      </trkpt>
      <trkpt lat="45.382818" lon="6.329257">
        <ele>930.967303</ele>
        <time>2026-09-03T11:16:58.809Z</time>
      </trkpt>
      <trkpt lat="45.382918" lon="6.329228">
        <ele>931.742953</ele>
        <time>2026-09-03T11:17:03.844Z</time>
      </trkpt>
      <trkpt lat="45.383020" lon="6.329192">
        <ele>932.541663</ele>
        <time>2026-09-03T11:17:08.806Z</time>
      </trkpt>
      <trkpt lat="45.383118" lon="6.329173">
        <ele>933.293380</ele>
        <time>2026-09-03T11:17:13.840Z</time>
      </trkpt>
      <trkpt lat="45.383218" lon="6.329178">
        <ele>934.053893</ele>
        <time>2026-09-03T11:17:18.802Z</time>
      </trkpt>
      <trkpt lat="45.383315" lon="6.329187">
        <ele>934.792700</ele>
        <time>2026-09-03T11:17:23.837Z</time>
      </trkpt>
      <trkpt lat="45.383407" lon="6.329200">
        <ele>935.495376</ele>
        <time>2026-09-03T11:17:28.844Z</time>
      </trkpt>
      <trkpt lat="45.383498" lon="6.329212">
        <ele>936.336334</ele>
        <time>2026-09-03T11:17:33.814Z</time>
      </trkpt>
      <trkpt lat="45.383595" lon="6.329210">
        <ele>937.246242</ele>
        <time>2026-09-03T11:17:38.837Z</time>
      </trkpt>
      <trkpt lat="45.383698" lon="6.329212">
        <ele>938.212421</ele>
        <time>2026-09-03T11:17:43.845Z</time>
      </trkpt>
      <trkpt lat="45.383800" lon="6.329168">
        <ele>939.212077</ele>
        <time>2026-09-03T11:17:48.809Z</time>
      </trkpt>
      <trkpt lat="45.383873" lon="6.329083">
        <ele>940.096596</ele>
        <time>2026-09-03T11:17:53.841Z</time>
      </trkpt>
      <trkpt lat="45.383947" lon="6.328983">
        <ele>941.053535</ele>
        <time>2026-09-03T11:17:58.805Z</time>
      </trkpt>
      <trkpt lat="45.384010" lon="6.328885">
        <ele>941.928731</ele>
        <time>2026-09-03T11:18:03.843Z</time>
      </trkpt>
      <trkpt lat="45.384062" lon="6.328778">
        <ele>942.785906</ele>
        <time>2026-09-03T11:18:08.814Z</time>
      </trkpt>
      <trkpt lat="45.384122" lon="6.328670">
        <ele>943.693046</ele>
        <time>2026-09-03T11:18:13.844Z</time>
      </trkpt>
      <trkpt lat="45.384175" lon="6.328563">
        <ele>944.555591</ele>
        <time>2026-09-03T11:18:18.800Z</time>
      </trkpt>
      <trkpt lat="45.384230" lon="6.328432">
        <ele>945.561012</ele>
        <time>2026-09-03T11:18:24.842Z</time>
      </trkpt>
      <trkpt lat="45.384277" lon="6.328313">
        <ele>946.460396</ele>
        <time>2026-09-03T11:18:29.806Z</time>
      </trkpt>
      <trkpt lat="45.384310" lon="6.328183">
        <ele>947.371013</ele>
        <time>2026-09-03T11:18:34.838Z</time>
      </trkpt>
      <trkpt lat="45.384335" lon="6.328038">
        <ele>948.354587</ele>
        <time>2026-09-03T11:18:39.847Z</time>
      </trkpt>
      <trkpt lat="45.384345" lon="6.327895">
        <ele>949.301282</ele>
        <time>2026-09-03T11:18:44.809Z</time>
      </trkpt>
      <trkpt lat="45.384363" lon="6.327765">
        <ele>950.174163</ele>
        <time>2026-09-03T11:18:49.832Z</time>
      </trkpt>
      <trkpt lat="45.384428" lon="6.327665">
        <ele>951.071754</ele>
        <time>2026-09-03T11:18:54.811Z</time>
      </trkpt>
      <trkpt lat="45.384495" lon="6.327760">
        <ele>951.958648</ele>
        <time>2026-09-03T11:18:59.840Z</time>
      </trkpt>
      <trkpt lat="45.384497" lon="6.327890">
        <ele>952.653418</ele>
        <time>2026-09-03T11:19:03.805Z</time>
      </trkpt>
      <trkpt lat="45.384465" lon="6.328052">
        <ele>953.290076</ele>
        <time>2026-09-03T11:19:07.842Z</time>
      </trkpt>
      <trkpt lat="45.384443" lon="6.328217">
        <ele>953.925455</ele>
        <time>2026-09-03T11:19:11.809Z</time>
      </trkpt>
      <trkpt lat="45.384435" lon="6.328380">
        <ele>954.543622</ele>
        <time>2026-09-03T11:19:15.833Z</time>
      </trkpt>
      <trkpt lat="45.384430" lon="6.328510">
        <ele>955.036177</ele>
        <time>2026-09-03T11:19:18.836Z</time>
      </trkpt>
      <trkpt lat="45.384420" lon="6.328647">
        <ele>955.557269</ele>
        <time>2026-09-03T11:19:21.838Z</time>
      </trkpt>
      <trkpt lat="45.384412" lon="6.328782">
        <ele>956.069818</ele>
        <time>2026-09-03T11:19:24.816Z</time>
      </trkpt>
      <trkpt lat="45.384402" lon="6.328923">
        <ele>956.605964</ele>
        <time>2026-09-03T11:19:27.844Z</time>
      </trkpt>
      <trkpt lat="45.384387" lon="6.329068">
        <ele>957.160449</ele>
        <time>2026-09-03T11:19:30.812Z</time>
      </trkpt>
      <trkpt lat="45.384375" lon="6.329215">
        <ele>957.720326</ele>
        <time>2026-09-03T11:19:33.846Z</time>
      </trkpt>
      <trkpt lat="45.384343" lon="6.329347">
        <ele>958.248622</ele>
        <time>2026-09-03T11:19:36.821Z</time>
      </trkpt>
      <trkpt lat="45.384307" lon="6.329477">
        <ele>958.777289</ele>
        <time>2026-09-03T11:19:39.840Z</time>
      </trkpt>
      <trkpt lat="45.384265" lon="6.329618">
        <ele>959.356715</ele>
        <time>2026-09-03T11:19:43.815Z</time>
      </trkpt>
      <trkpt lat="45.384230" lon="6.329748">
        <ele>959.883431</ele>
        <time>2026-09-03T11:19:47.845Z</time>
      </trkpt>
      <trkpt lat="45.384188" lon="6.329872">
        <ele>960.404253</ele>
        <time>2026-09-03T11:19:51.813Z</time>
      </trkpt>
      <trkpt lat="45.384147" lon="6.330018">
        <ele>960.999120</ele>
        <time>2026-09-03T11:19:56.839Z</time>
      </trkpt>
      <trkpt lat="45.384133" lon="6.330145">
        <ele>961.485473</ele>
        <time>2026-09-03T11:20:00.847Z</time>
      </trkpt>
      <trkpt lat="45.384107" lon="6.330268">
        <ele>961.971429</ele>
        <time>2026-09-03T11:20:04.809Z</time>
      </trkpt>
      <trkpt lat="45.384077" lon="6.330417">
        <ele>962.803997</ele>
        <time>2026-09-03T11:20:09.846Z</time>
      </trkpt>
      <trkpt lat="45.384040" lon="6.330535">
        <ele>963.570006</ele>
        <time>2026-09-03T11:20:13.805Z</time>
      </trkpt>
      <trkpt lat="45.383978" lon="6.330660">
        <ele>964.477109</ele>
        <time>2026-09-03T11:20:17.833Z</time>
      </trkpt>
      <trkpt lat="45.383905" lon="6.330738">
        <ele>965.247410</ele>
        <time>2026-09-03T11:20:20.846Z</time>
      </trkpt>
      <trkpt lat="45.383843" lon="6.330877">
        <ele>966.223477</ele>
        <time>2026-09-03T11:20:24.809Z</time>
      </trkpt>
      <trkpt lat="45.383885" lon="6.330998">
        <ele>967.023542</ele>
        <time>2026-09-03T11:20:28.847Z</time>
      </trkpt>
      <trkpt lat="45.383993" lon="6.331018">
        <ele>967.942717</ele>
        <time>2026-09-03T11:20:33.806Z</time>
      </trkpt>
      <trkpt lat="45.384088" lon="6.330967">
        <ele>968.799598</ele>
        <time>2026-09-03T11:20:38.838Z</time>
      </trkpt>
      <trkpt lat="45.384160" lon="6.330882">
        <ele>969.588981</ele>
        <time>2026-09-03T11:20:42.832Z</time>
      </trkpt>
      <trkpt lat="45.384212" lon="6.330745">
        <ele>970.512075</ele>
        <time>2026-09-03T11:20:47.840Z</time>
      </trkpt>
      <trkpt lat="45.384252" lon="6.330598">
        <ele>971.446555</ele>
        <time>2026-09-03T11:20:52.844Z</time>
      </trkpt>
      <trkpt lat="45.384298" lon="6.330462">
        <ele>972.341330</ele>
        <time>2026-09-03T11:20:57.816Z</time>
      </trkpt>
      <trkpt lat="45.384360" lon="6.330340">
        <ele>973.233963</ele>
        <time>2026-09-03T11:21:02.845Z</time>
      </trkpt>
      <trkpt lat="45.384420" lon="6.330232">
        <ele>974.050216</ele>
        <time>2026-09-03T11:21:07.814Z</time>
      </trkpt>
      <trkpt lat="45.384503" lon="6.330155">
        <ele>974.886297</ele>
        <time>2026-09-03T11:21:12.845Z</time>
      </trkpt>
      <trkpt lat="45.384577" lon="6.330045">
        <ele>975.789190</ele>
        <time>2026-09-03T11:21:17.808Z</time>
      </trkpt>
      <trkpt lat="45.384642" lon="6.329953">
        <ele>976.562718</ele>
        <time>2026-09-03T11:21:21.833Z</time>
      </trkpt>
      <trkpt lat="45.384728" lon="6.329870">
        <ele>977.465298</ele>
        <time>2026-09-03T11:21:26.833Z</time>
      </trkpt>
      <trkpt lat="45.384818" lon="6.329795">
        <ele>978.512095</ele>
        <time>2026-09-03T11:21:31.836Z</time>
      </trkpt>
      <trkpt lat="45.384900" lon="6.329735">
        <ele>979.437557</ele>
        <time>2026-09-03T11:21:35.844Z</time>
      </trkpt>
      <trkpt lat="45.384995" lon="6.329667">
        <ele>980.504906</ele>
        <time>2026-09-03T11:21:40.812Z</time>
      </trkpt>
      <trkpt lat="45.385095" lon="6.329622">
        <ele>981.557663</ele>
        <time>2026-09-03T11:21:45.844Z</time>
      </trkpt>
      <trkpt lat="45.385197" lon="6.329550">
        <ele>982.700476</ele>
        <time>2026-09-03T11:21:50.819Z</time>
      </trkpt>
      <trkpt lat="45.385287" lon="6.329482">
        <ele>983.723230</ele>
        <time>2026-09-03T11:21:55.844Z</time>
      </trkpt>
      <trkpt lat="45.385387" lon="6.329432">
        <ele>984.787140</ele>
        <time>2026-09-03T11:22:00.810Z</time>
      </trkpt>
      <trkpt lat="45.385470" lon="6.329492">
        <ele>985.721539</ele>
        <time>2026-09-03T11:22:04.812Z</time>
      </trkpt>
      <trkpt lat="45.385492" lon="6.329630">
        <ele>986.719206</ele>
        <time>2026-09-03T11:22:08.842Z</time>
      </trkpt>
      <trkpt lat="45.385430" lon="6.329725">
        <ele>987.633492</ele>
        <time>2026-09-03T11:22:12.809Z</time>
      </trkpt>
      <trkpt lat="45.385337" lon="6.329782">
        <ele>988.649859</ele>
        <time>2026-09-03T11:22:16.838Z</time>
      </trkpt>
      <trkpt lat="45.385255" lon="6.329853">
        <ele>989.613238</ele>
        <time>2026-09-03T11:22:20.848Z</time>
      </trkpt>
      <trkpt lat="45.385163" lon="6.329930">
        <ele>990.684485</ele>
        <time>2026-09-03T11:22:25.806Z</time>
      </trkpt>
      <trkpt lat="45.385078" lon="6.330020">
        <ele>991.747797</ele>
        <time>2026-09-03T11:22:30.847Z</time>
      </trkpt>
      <trkpt lat="45.384985" lon="6.330087">
        <ele>992.794046</ele>
        <time>2026-09-03T11:22:35.811Z</time>
      </trkpt>
      <trkpt lat="45.384907" lon="6.330157">
        <ele>993.719576</ele>
        <time>2026-09-03T11:22:40.817Z</time>
      </trkpt>
      <trkpt lat="45.384825" lon="6.330225">
        <ele>994.672139</ele>
        <time>2026-09-03T11:22:45.807Z</time>
      </trkpt>
      <trkpt lat="45.384735" lon="6.330297">
        <ele>995.609121</ele>
        <time>2026-09-03T11:22:50.846Z</time>
      </trkpt>
      <trkpt lat="45.384670" lon="6.330392">
        <ele>996.278620</ele>
        <time>2026-09-03T11:22:55.819Z</time>
      </trkpt>
      <trkpt lat="45.384623" lon="6.330515">
        <ele>996.985466</ele>
        <time>2026-09-03T11:22:59.843Z</time>
      </trkpt>
      <trkpt lat="45.384615" lon="6.330643">
        <ele>997.634161</ele>
        <time>2026-09-03T11:23:03.810Z</time>
      </trkpt>
      <trkpt lat="45.384667" lon="6.330772">
        <ele>998.384981</ele>
        <time>2026-09-03T11:23:08.843Z</time>
      </trkpt>
      <trkpt lat="45.384728" lon="6.330877">
        <ele>999.072846</ele>
        <time>2026-09-03T11:23:12.809Z</time>
      </trkpt>
      <trkpt lat="45.384765" lon="6.331022">
        <ele>999.851614</ele>
        <time>2026-09-03T11:23:17.847Z</time>
      </trkpt>
      <trkpt lat="45.384770" lon="6.331172">
        <ele>1000.609662</ele>
        <time>2026-09-03T11:23:22.815Z</time>
      </trkpt>
      <trkpt lat="45.384727" lon="6.331313">
        <ele>1001.385628</ele>
        <time>2026-09-03T11:23:27.848Z</time>
      </trkpt>
      <trkpt lat="45.384682" lon="6.331430">
        <ele>1002.059001</ele>
        <time>2026-09-03T11:23:31.817Z</time>
      </trkpt>
      <trkpt lat="45.384637" lon="6.331542">
        <ele>1002.710349</ele>
        <time>2026-09-03T11:23:35.841Z</time>
      </trkpt>
      <trkpt lat="45.384580" lon="6.331643">
        <ele>1003.364397</ele>
        <time>2026-09-03T11:23:39.812Z</time>
      </trkpt>
      <trkpt lat="45.384538" lon="6.331762">
        <ele>1004.036690</ele>
        <time>2026-09-03T11:23:43.846Z</time>
      </trkpt>
      <trkpt lat="45.384578" lon="6.331888">
        <ele>1004.734693</ele>
        <time>2026-09-03T11:23:47.808Z</time>
      </trkpt>
      <trkpt lat="45.384692" lon="6.331893">
        <ele>1005.554438</ele>
        <time>2026-09-03T11:23:52.845Z</time>
      </trkpt>
      <trkpt lat="45.384760" lon="6.331790">
        <ele>1006.268024</ele>
        <time>2026-09-03T11:23:56.813Z</time>
      </trkpt>
      <trkpt lat="45.384812" lon="6.331667">
        <ele>1006.992730</ele>
        <time>2026-09-03T11:24:00.844Z</time>
      </trkpt>
      <trkpt lat="45.384852" lon="6.331542">
        <ele>1007.686133</ele>
        <time>2026-09-03T11:24:04.803Z</time>
      </trkpt>
      <trkpt lat="45.384918" lon="6.331428">
        <ele>1008.575730</ele>
        <time>2026-09-03T11:24:09.847Z</time>
      </trkpt>
      <trkpt lat="45.384983" lon="6.331318">
        <ele>1010.017830</ele>
        <time>2026-09-03T11:24:14.838Z</time>
      </trkpt>
      <trkpt lat="45.385053" lon="6.331212">
        <ele>1011.477421</ele>
        <time>2026-09-03T11:24:19.836Z</time>
      </trkpt>
      <trkpt lat="45.385112" lon="6.331092">
        <ele>1012.946884</ele>
        <time>2026-09-03T11:24:24.841Z</time>
      </trkpt>
      <trkpt lat="45.385170" lon="6.330985">
        <ele>1014.302787</ele>
        <time>2026-09-03T11:24:29.812Z</time>
      </trkpt>
      <trkpt lat="45.385232" lon="6.330877">
        <ele>1015.702085</ele>
        <time>2026-09-03T11:24:34.844Z</time>
      </trkpt>
      <trkpt lat="45.385300" lon="6.330768">
        <ele>1017.164617</ele>
        <time>2026-09-03T11:24:39.814Z</time>
      </trkpt>
      <trkpt lat="45.385375" lon="6.330680">
        <ele>1018.552741</ele>
        <time>2026-09-03T11:24:44.845Z</time>
      </trkpt>
      <trkpt lat="45.385452" lon="6.330583">
        <ele>1020.021231</ele>
        <time>2026-09-03T11:24:49.803Z</time>
      </trkpt>
      <trkpt lat="45.385537" lon="6.330518">
        <ele>1021.399336</ele>
        <time>2026-09-03T11:24:55.845Z</time>
      </trkpt>
      <trkpt lat="45.385627" lon="6.330537">
        <ele>1022.698888</ele>
        <time>2026-09-03T11:25:00.817Z</time>
      </trkpt>
      <trkpt lat="45.385713" lon="6.330583">
        <ele>1024.011070</ele>
        <time>2026-09-03T11:25:05.846Z</time>
      </trkpt>
      <trkpt lat="45.385793" lon="6.330643">
        <ele>1025.302567</ele>
        <time>2026-09-03T11:25:10.813Z</time>
      </trkpt>
      <trkpt lat="45.385877" lon="6.330705">
        <ele>1026.653992</ele>
        <time>2026-09-03T11:25:15.844Z</time>
      </trkpt>
      <trkpt lat="45.385975" lon="6.330773">
        <ele>1028.211127</ele>
        <time>2026-09-03T11:25:21.811Z</time>
      </trkpt>
      <trkpt lat="45.386060" lon="6.330820">
        <ele>1029.513544</ele>
        <time>2026-09-03T11:25:26.847Z</time>
      </trkpt>
      <trkpt lat="45.386148" lon="6.330887">
        <ele>1030.938892</ele>
        <time>2026-09-03T11:25:32.808Z</time>
      </trkpt>
      <trkpt lat="45.386240" lon="6.330942">
        <ele>1032.364086</ele>
        <time>2026-09-03T11:25:38.844Z</time>
      </trkpt>
      <trkpt lat="45.386338" lon="6.330965">
        <ele>1033.782739</ele>
        <time>2026-09-03T11:25:43.814Z</time>
      </trkpt>
      <trkpt lat="45.386435" lon="6.330983">
        <ele>1034.614779</ele>
        <time>2026-09-03T11:25:48.798Z</time>
      </trkpt>
      <trkpt lat="45.386535" lon="6.331057">
        <ele>1035.468328</ele>
        <time>2026-09-03T11:25:53.810Z</time>
      </trkpt>
      <trkpt lat="45.386610" lon="6.331135">
        <ele>1036.171744</ele>
        <time>2026-09-03T11:25:59.797Z</time>
      </trkpt>
      <trkpt lat="45.386687" lon="6.331215">
        <ele>1036.893666</ele>
        <time>2026-09-03T11:26:04.814Z</time>
      </trkpt>
      <trkpt lat="45.386773" lon="6.331285">
        <ele>1037.643919</ele>
        <time>2026-09-03T11:26:09.806Z</time>
      </trkpt>
      <trkpt lat="45.386858" lon="6.331355">
        <ele>1038.387607</ele>
        <time>2026-09-03T11:26:14.801Z</time>
      </trkpt>
      <trkpt lat="45.386942" lon="6.331432">
        <ele>1039.144237</ele>
        <time>2026-09-03T11:26:19.833Z</time>
      </trkpt>
      <trkpt lat="45.387032" lon="6.331502">
        <ele>1039.920936</ele>
        <time>2026-09-03T11:26:25.856Z</time>
      </trkpt>
      <trkpt lat="45.387120" lon="6.331550">
        <ele>1040.634652</ele>
        <time>2026-09-03T11:26:30.808Z</time>
      </trkpt>
      <trkpt lat="45.387203" lon="6.331605">
        <ele>1041.328011</ele>
        <time>2026-09-03T11:26:34.839Z</time>
      </trkpt>
      <trkpt lat="45.387290" lon="6.331675">
        <ele>1042.084847</ele>
        <time>2026-09-03T11:26:39.818Z</time>
      </trkpt>
      <trkpt lat="45.387375" lon="6.331735">
        <ele>1042.803379</ele>
        <time>2026-09-03T11:26:44.815Z</time>
      </trkpt>
      <trkpt lat="45.387445" lon="6.331833">
        <ele>1043.546879</ele>
        <time>2026-09-03T11:26:49.808Z</time>
      </trkpt>
      <trkpt lat="45.387510" lon="6.331925">
        <ele>1044.241011</ele>
        <time>2026-09-03T11:26:54.840Z</time>
      </trkpt>
      <trkpt lat="45.387583" lon="6.332012">
        <ele>1044.961999</ele>
        <time>2026-09-03T11:26:59.803Z</time>
      </trkpt>
      <trkpt lat="45.387652" lon="6.332102">
        <ele>1045.670705</ele>
        <time>2026-09-03T11:27:04.831Z</time>
      </trkpt>
      <trkpt lat="45.387727" lon="6.332200">
        <ele>1046.441664</ele>
        <time>2026-09-03T11:27:10.851Z</time>
      </trkpt>
      <trkpt lat="45.387803" lon="6.332307">
        <ele>1047.251130</ele>
        <time>2026-09-03T11:27:16.807Z</time>
      </trkpt>
      <trkpt lat="45.387843" lon="6.332422">
        <ele>1048.093261</ele>
        <time>2026-09-03T11:27:21.842Z</time>
      </trkpt>
      <trkpt lat="45.387872" lon="6.332552">
        <ele>1049.164803</ele>
        <time>2026-09-03T11:27:26.815Z</time>
      </trkpt>
      <trkpt lat="45.387833" lon="6.332695">
        <ele>1050.369922</ele>
        <time>2026-09-03T11:27:32.839Z</time>
      </trkpt>
      <trkpt lat="45.387787" lon="6.332825">
        <ele>1051.513484</ele>
        <time>2026-09-03T11:27:38.809Z</time>
      </trkpt>
      <trkpt lat="45.387742" lon="6.332943">
        <ele>1052.568325</ele>
        <time>2026-09-03T11:27:43.843Z</time>
      </trkpt>
      <trkpt lat="45.387705" lon="6.333063">
        <ele>1053.597881</ele>
        <time>2026-09-03T11:27:48.812Z</time>
      </trkpt>
      <trkpt lat="45.387673" lon="6.333183">
        <ele>1054.606255</ele>
        <time>2026-09-03T11:27:53.838Z</time>
      </trkpt>
      <trkpt lat="45.387633" lon="6.333315">
        <ele>1055.735643</ele>
        <time>2026-09-03T11:27:58.841Z</time>
      </trkpt>
      <trkpt lat="45.387603" lon="6.333438">
        <ele>1056.758529</ele>
        <time>2026-09-03T11:28:02.815Z</time>
      </trkpt>
      <trkpt lat="45.387572" lon="6.333583">
        <ele>1057.949244</ele>
        <time>2026-09-03T11:28:07.840Z</time>
      </trkpt>
      <trkpt lat="45.387543" lon="6.333715">
        <ele>1059.035776</ele>
        <time>2026-09-03T11:28:12.844Z</time>
      </trkpt>
      <trkpt lat="45.387515" lon="6.333837">
        <ele>1060.044074</ele>
        <time>2026-09-03T11:28:17.810Z</time>
      </trkpt>
      <trkpt lat="45.387468" lon="6.333977">
        <ele>1061.263096</ele>
        <time>2026-09-03T11:28:23.843Z</time>
      </trkpt>
      <trkpt lat="45.387413" lon="6.334095">
        <ele>1062.375670</ele>
        <time>2026-09-03T11:28:28.816Z</time>
      </trkpt>
      <trkpt lat="45.387352" lon="6.334193">
        <ele>1063.404406</ele>
        <time>2026-09-03T11:28:33.843Z</time>
      </trkpt>
      <trkpt lat="45.387312" lon="6.334325">
        <ele>1064.533799</ele>
        <time>2026-09-03T11:28:38.823Z</time>
      </trkpt>
      <trkpt lat="45.387317" lon="6.334467">
        <ele>1065.650742</ele>
        <time>2026-09-03T11:28:43.842Z</time>
      </trkpt>
      <trkpt lat="45.387360" lon="6.334590">
        <ele>1066.730115</ele>
        <time>2026-09-03T11:28:48.844Z</time>
      </trkpt>
      <trkpt lat="45.387412" lon="6.334697">
        <ele>1067.749161</ele>
        <time>2026-09-03T11:28:52.812Z</time>
      </trkpt>
      <trkpt lat="45.387470" lon="6.334805">
        <ele>1068.717151</ele>
        <time>2026-09-03T11:28:56.839Z</time>
      </trkpt>
      <trkpt lat="45.387518" lon="6.334930">
        <ele>1069.731476</ele>
        <time>2026-09-03T11:29:01.816Z</time>
      </trkpt>
      <trkpt lat="45.387550" lon="6.335060">
        <ele>1070.712259</ele>
        <time>2026-09-03T11:29:06.849Z</time>
      </trkpt>
      <trkpt lat="45.387552" lon="6.335197">
        <ele>1071.687886</ele>
        <time>2026-09-03T11:29:11.811Z</time>
      </trkpt>
      <trkpt lat="45.387552" lon="6.335328">
        <ele>1072.620584</ele>
        <time>2026-09-03T11:29:16.847Z</time>
      </trkpt>
      <trkpt lat="45.387545" lon="6.335473">
        <ele>1073.655395</ele>
        <time>2026-09-03T11:29:21.811Z</time>
      </trkpt>
      <trkpt lat="45.387540" lon="6.335618">
        <ele>1074.689014</ele>
        <time>2026-09-03T11:29:26.844Z</time>
      </trkpt>
      <trkpt lat="45.387532" lon="6.335765">
        <ele>1075.738767</ele>
        <time>2026-09-03T11:29:31.815Z</time>
      </trkpt>
      <trkpt lat="45.387528" lon="6.335900">
        <ele>1076.700799</ele>
        <time>2026-09-03T11:29:36.844Z</time>
      </trkpt>
      <trkpt lat="45.387557" lon="6.336035">
        <ele>1077.705933</ele>
        <time>2026-09-03T11:29:41.813Z</time>
      </trkpt>
      <trkpt lat="45.387595" lon="6.336168">
        <ele>1078.728232</ele>
        <time>2026-09-03T11:29:46.835Z</time>
      </trkpt>
      <trkpt lat="45.387625" lon="6.336300">
        <ele>1079.716033</ele>
        <time>2026-09-03T11:29:51.844Z</time>
      </trkpt>
      <trkpt lat="45.387655" lon="6.336443">
        <ele>1080.778621</ele>
        <time>2026-09-03T11:29:57.815Z</time>
      </trkpt>
      <trkpt lat="45.387710" lon="6.336553">
        <ele>1081.740006</ele>
        <time>2026-09-03T11:30:03.850Z</time>
      </trkpt>
      <trkpt lat="45.387782" lon="6.336660">
        <ele>1082.795065</ele>
        <time>2026-09-03T11:30:09.814Z</time>
      </trkpt>
      <trkpt lat="45.387852" lon="6.336750">
        <ele>1083.751200</ele>
        <time>2026-09-03T11:30:15.841Z</time>
      </trkpt>
      <trkpt lat="45.387937" lon="6.336842">
        <ele>1084.833603</ele>
        <time>2026-09-03T11:30:21.807Z</time>
      </trkpt>
      <trkpt lat="45.388027" lon="6.336892">
        <ele>1085.812990</ele>
        <time>2026-09-03T11:30:25.845Z</time>
      </trkpt>
      <trkpt lat="45.388110" lon="6.336957">
        <ele>1086.863906</ele>
        <time>2026-09-03T11:30:29.811Z</time>
      </trkpt>
      <trkpt lat="45.388193" lon="6.337058">
        <ele>1088.092987</ele>
        <time>2026-09-03T11:30:34.845Z</time>
      </trkpt>
      <trkpt lat="45.388273" lon="6.337147">
        <ele>1089.235858</ele>
        <time>2026-09-03T11:30:39.808Z</time>
      </trkpt>
      <trkpt lat="45.388358" lon="6.337202">
        <ele>1090.286896</ele>
        <time>2026-09-03T11:30:43.848Z</time>
      </trkpt>
      <trkpt lat="45.388442" lon="6.337263">
        <ele>1091.348389</ele>
        <time>2026-09-03T11:30:47.810Z</time>
      </trkpt>
      <trkpt lat="45.388535" lon="6.337290">
        <ele>1092.416859</ele>
        <time>2026-09-03T11:30:51.843Z</time>
      </trkpt>
      <trkpt lat="45.388627" lon="6.337283">
        <ele>1093.454010</ele>
        <time>2026-09-03T11:30:55.812Z</time>
      </trkpt>
      <trkpt lat="45.388735" lon="6.337287">
        <ele>1094.670211</ele>
        <time>2026-09-03T11:31:00.842Z</time>
      </trkpt>
      <trkpt lat="45.388827" lon="6.337257">
        <ele>1095.732695</ele>
        <time>2026-09-03T11:31:05.815Z</time>
      </trkpt>
      <trkpt lat="45.388932" lon="6.337230">
        <ele>1096.933833</ele>
        <time>2026-09-03T11:31:11.844Z</time>
      </trkpt>
      <trkpt lat="45.389032" lon="6.337178">
        <ele>1098.132282</ele>
        <time>2026-09-03T11:31:17.810Z</time>
      </trkpt>
      <trkpt lat="45.389127" lon="6.337125">
        <ele>1099.280883</ele>
        <time>2026-09-03T11:31:23.836Z</time>
      </trkpt>
      <trkpt lat="45.389223" lon="6.337095">
        <ele>1100.387306</ele>
        <time>2026-09-03T11:31:29.845Z</time>
      </trkpt>
      <trkpt lat="45.389313" lon="6.337072">
        <ele>1101.416652</ele>
        <time>2026-09-03T11:31:35.807Z</time>
      </trkpt>
      <trkpt lat="45.389418" lon="6.337045">
        <ele>1102.617790</ele>
        <time>2026-09-03T11:31:42.842Z</time>
      </trkpt>
      <trkpt lat="45.389507" lon="6.336985">
        <ele>1103.726308</ele>
        <time>2026-09-03T11:31:48.816Z</time>
      </trkpt>
      <trkpt lat="45.389573" lon="6.336898">
        <ele>1104.738781</ele>
        <time>2026-09-03T11:31:53.834Z</time>
      </trkpt>
      <trkpt lat="45.389668" lon="6.336927">
        <ele>1105.832526</ele>
        <time>2026-09-03T11:31:58.827Z</time>
      </trkpt>
      <trkpt lat="45.389762" lon="6.336892">
        <ele>1106.898906</ele>
        <time>2026-09-03T11:32:03.843Z</time>
      </trkpt>
      <trkpt lat="45.389863" lon="6.336858">
        <ele>1108.023141</ele>
        <time>2026-09-03T11:32:09.823Z</time>
      </trkpt>
      <trkpt lat="45.389970" lon="6.336842">
        <ele>1109.188585</ele>
        <time>2026-09-03T11:32:15.836Z</time>
      </trkpt>
      <trkpt lat="45.390065" lon="6.336822">
        <ele>1110.228854</ele>
        <time>2026-09-03T11:32:21.814Z</time>
      </trkpt>
      <trkpt lat="45.390162" lon="6.336772">
        <ele>1111.346328</ele>
        <time>2026-09-03T11:32:27.851Z</time>
      </trkpt>
      <trkpt lat="45.390248" lon="6.336688">
        <ele>1112.476019</ele>
        <time>2026-09-03T11:32:33.810Z</time>
      </trkpt>
      <trkpt lat="45.390333" lon="6.336610">
        <ele>1113.571412</ele>
        <time>2026-09-03T11:32:39.846Z</time>
      </trkpt>
      <trkpt lat="45.390420" lon="6.336542">
        <ele>1114.646473</ele>
        <time>2026-09-03T11:32:45.821Z</time>
      </trkpt>
      <trkpt lat="45.390507" lon="6.336487">
        <ele>1115.677599</ele>
        <time>2026-09-03T11:32:51.843Z</time>
      </trkpt>
      <trkpt lat="45.390603" lon="6.336443">
        <ele>1116.770055</ele>
        <time>2026-09-03T11:32:57.816Z</time>
      </trkpt>
      <trkpt lat="45.390695" lon="6.336380">
        <ele>1117.875890</ele>
        <time>2026-09-03T11:33:03.843Z</time>
      </trkpt>
      <trkpt lat="45.390785" lon="6.336293">
        <ele>1119.054232</ele>
        <time>2026-09-03T11:33:09.803Z</time>
      </trkpt>
      <trkpt lat="45.390868" lon="6.336203">
        <ele>1120.184329</ele>
        <time>2026-09-03T11:33:15.847Z</time>
      </trkpt>
      <trkpt lat="45.390958" lon="6.336147">
        <ele>1121.248260</ele>
        <time>2026-09-03T11:33:20.809Z</time>
      </trkpt>
      <trkpt lat="45.391058" lon="6.336170">
        <ele>1122.345544</ele>
        <time>2026-09-03T11:33:26.839Z</time>
      </trkpt>
      <trkpt lat="45.391155" lon="6.336195">
        <ele>1123.413362</ele>
        <time>2026-09-03T11:33:33.845Z</time>
      </trkpt>
      <trkpt lat="45.391252" lon="6.336220">
        <ele>1124.481181</ele>
        <time>2026-09-03T11:33:39.813Z</time>
      </trkpt>
      <trkpt lat="45.391353" lon="6.336263">
        <ele>1125.623111</ele>
        <time>2026-09-03T11:33:46.847Z</time>
      </trkpt>
      <trkpt lat="45.391453" lon="6.336250">
        <ele>1126.562564</ele>
        <time>2026-09-03T11:33:52.803Z</time>
      </trkpt>
      <trkpt lat="45.391545" lon="6.336212">
        <ele>1127.450317</ele>
        <time>2026-09-03T11:33:58.847Z</time>
      </trkpt>
      <trkpt lat="45.391640" lon="6.336157">
        <ele>1128.400714</ele>
        <time>2026-09-03T11:34:03.807Z</time>
      </trkpt>
      <trkpt lat="45.391738" lon="6.336102">
        <ele>1129.376921</ele>
        <time>2026-09-03T11:34:09.838Z</time>
      </trkpt>
      <trkpt lat="45.391822" lon="6.336053">
        <ele>1130.218177</ele>
        <time>2026-09-03T11:34:14.807Z</time>
      </trkpt>
      <trkpt lat="45.391918" lon="6.335988">
        <ele>1131.203309</ele>
        <time>2026-09-03T11:34:20.844Z</time>
      </trkpt>
      <trkpt lat="45.392020" lon="6.335948">
        <ele>1132.183784</ele>
        <time>2026-09-03T11:34:26.817Z</time>
      </trkpt>
      <trkpt lat="45.392115" lon="6.335927">
        <ele>1133.074741</ele>
        <time>2026-09-03T11:34:32.837Z</time>
      </trkpt>
      <trkpt lat="45.392222" lon="6.335908">
        <ele>1134.074043</ele>
        <time>2026-09-03T11:34:38.838Z</time>
      </trkpt>
      <trkpt lat="45.392317" lon="6.335923">
        <ele>1134.959851</ele>
        <time>2026-09-03T11:34:43.810Z</time>
      </trkpt>
      <trkpt lat="45.392422" lon="6.335933">
        <ele>1135.935112</ele>
        <time>2026-09-03T11:34:48.846Z</time>
      </trkpt>
      <trkpt lat="45.392518" lon="6.335867">
        <ele>1136.923054</ele>
        <time>2026-09-03T11:34:54.818Z</time>
      </trkpt>
      <trkpt lat="45.392605" lon="6.335768">
        <ele>1137.955136</ele>
        <time>2026-09-03T11:34:59.843Z</time>
      </trkpt>
      <trkpt lat="45.392673" lon="6.335668">
        <ele>1138.861054</ele>
        <time>2026-09-03T11:35:04.803Z</time>
      </trkpt>
      <trkpt lat="45.392685" lon="6.335535">
        <ele>1139.733739</ele>
        <time>2026-09-03T11:35:09.840Z</time>
      </trkpt>
      <trkpt lat="45.392667" lon="6.335393">
        <ele>1140.672816</ele>
        <time>2026-09-03T11:35:14.808Z</time>
      </trkpt>
      <trkpt lat="45.392678" lon="6.335245">
        <ele>1141.641386</ele>
        <time>2026-09-03T11:35:19.849Z</time>
      </trkpt>
      <trkpt lat="45.392690" lon="6.335087">
        <ele>1142.711120</ele>
        <time>2026-09-03T11:35:24.821Z</time>
      </trkpt>
      <trkpt lat="45.392663" lon="6.334932">
        <ele>1143.864783</ele>
        <time>2026-09-03T11:35:29.848Z</time>
      </trkpt>
      <trkpt lat="45.392640" lon="6.334797">
        <ele>1144.868321</ele>
        <time>2026-09-03T11:35:33.810Z</time>
      </trkpt>
      <trkpt lat="45.392685" lon="6.334657">
        <ele>1145.980597</ele>
        <time>2026-09-03T11:35:38.841Z</time>
      </trkpt>
      <trkpt lat="45.392785" lon="6.334592">
        <ele>1147.111408</ele>
        <time>2026-09-03T11:35:43.814Z</time>
      </trkpt>
      <trkpt lat="45.392888" lon="6.334607">
        <ele>1148.176505</ele>
        <time>2026-09-03T11:35:47.847Z</time>
      </trkpt>
      <trkpt lat="45.392993" lon="6.334648">
        <ele>1149.296523</ele>
        <time>2026-09-03T11:35:52.812Z</time>
      </trkpt>
      <trkpt lat="45.393098" lon="6.334692">
        <ele>1150.422465</ele>
        <time>2026-09-03T11:35:57.845Z</time>
      </trkpt>
      <trkpt lat="45.393187" lon="6.334733">
        <ele>1151.384733</ele>
        <time>2026-09-03T11:36:01.807Z</time>
      </trkpt>
      <trkpt lat="45.393278" lon="6.334802">
        <ele>1152.445293</ele>
        <time>2026-09-03T11:36:06.835Z</time>
      </trkpt>
      <trkpt lat="45.393382" lon="6.334857">
        <ele>1153.586546</ele>
        <time>2026-09-03T11:36:11.846Z</time>
      </trkpt>
      <trkpt lat="45.393487" lon="6.334862">
        <ele>1154.667295</ele>
        <time>2026-09-03T11:36:16.810Z</time>
      </trkpt>
      <trkpt lat="45.393602" lon="6.334862">
        <ele>1155.850311</ele>
        <time>2026-09-03T11:36:21.824Z</time>
      </trkpt>
      <trkpt lat="45.393655" lon="6.334977">
        <ele>1156.843996</ele>
        <time>2026-09-03T11:36:26.840Z</time>
      </trkpt>
      <trkpt lat="45.393575" lon="6.335048">
        <ele>1157.813708</ele>
        <time>2026-09-03T11:36:30.838Z</time>
      </trkpt>
      <trkpt lat="45.393472" lon="6.335042">
        <ele>1158.874165</ele>
        <time>2026-09-03T11:36:35.840Z</time>
      </trkpt>
      <trkpt lat="45.393375" lon="6.335018">
        <ele>1159.886963</ele>
        <time>2026-09-03T11:36:39.844Z</time>
      </trkpt>
      <trkpt lat="45.393267" lon="6.334972">
        <ele>1160.986142</ele>
        <time>2026-09-03T11:36:43.810Z</time>
      </trkpt>
      <trkpt lat="45.393158" lon="6.334942">
        <ele>1161.765739</ele>
        <time>2026-09-03T11:36:46.840Z</time>
      </trkpt>
      <trkpt lat="45.393047" lon="6.334942">
        <ele>1162.545215</ele>
        <time>2026-09-03T11:36:50.843Z</time>
      </trkpt>
      <trkpt lat="45.392983" lon="6.335052">
        <ele>1163.249654</ele>
        <time>2026-09-03T11:36:55.845Z</time>
      </trkpt>
      <trkpt lat="45.392962" lon="6.335178">
        <ele>1163.888264</ele>
        <time>2026-09-03T11:36:59.809Z</time>
      </trkpt>
      <trkpt lat="45.392990" lon="6.335313">
        <ele>1164.582426</ele>
        <time>2026-09-03T11:37:03.847Z</time>
      </trkpt>
      <trkpt lat="45.393060" lon="6.335423">
        <ele>1165.314465</ele>
        <time>2026-09-03T11:37:08.811Z</time>
      </trkpt>
      <trkpt lat="45.393155" lon="6.335468">
        <ele>1166.017525</ele>
        <time>2026-09-03T11:37:13.841Z</time>
      </trkpt>
      <trkpt lat="45.393257" lon="6.335453">
        <ele>1166.737609</ele>
        <time>2026-09-03T11:37:18.823Z</time>
      </trkpt>
      <trkpt lat="45.393360" lon="6.335408">
        <ele>1167.494183</ele>
        <time>2026-09-03T11:37:23.842Z</time>
      </trkpt>
      <trkpt lat="45.393457" lon="6.335373">
        <ele>1168.196873</ele>
        <time>2026-09-03T11:37:28.811Z</time>
      </trkpt>
      <trkpt lat="45.393553" lon="6.335378">
        <ele>1168.871465</ele>
        <time>2026-09-03T11:37:33.847Z</time>
      </trkpt>
      <trkpt lat="45.393645" lon="6.335387">
        <ele>1169.519040</ele>
        <time>2026-09-03T11:37:38.815Z</time>
      </trkpt>
      <trkpt lat="45.393747" lon="6.335420">
        <ele>1170.253568</ele>
        <time>2026-09-03T11:37:43.844Z</time>
      </trkpt>
      <trkpt lat="45.393840" lon="6.335457">
        <ele>1170.931652</ele>
        <time>2026-09-03T11:37:48.813Z</time>
      </trkpt>
      <trkpt lat="45.393933" lon="6.335478">
        <ele>1171.592886</ele>
        <time>2026-09-03T11:37:54.838Z</time>
      </trkpt>
      <trkpt lat="45.394018" lon="6.335527">
        <ele>1172.236835</ele>
        <time>2026-09-03T11:37:58.840Z</time>
      </trkpt>
      <trkpt lat="45.394118" lon="6.335562">
        <ele>1172.959965</ele>
        <time>2026-09-03T11:38:03.810Z</time>
      </trkpt>
      <trkpt lat="45.394202" lon="6.335613">
        <ele>1173.586667</ele>
        <time>2026-09-03T11:38:07.809Z</time>
      </trkpt>
      <trkpt lat="45.394287" lon="6.335667">
        <ele>1174.157226</ele>
        <time>2026-09-03T11:38:11.837Z</time>
      </trkpt>
      <trkpt lat="45.394373" lon="6.335703">
        <ele>1174.706721</ele>
        <time>2026-09-03T11:38:15.813Z</time>
      </trkpt>
      <trkpt lat="45.394468" lon="6.335752">
        <ele>1175.326103</ele>
        <time>2026-09-03T11:38:20.841Z</time>
      </trkpt>
      <trkpt lat="45.394577" lon="6.335753">
        <ele>1175.994299</ele>
        <time>2026-09-03T11:38:25.813Z</time>
      </trkpt>
      <trkpt lat="45.394680" lon="6.335788">
        <ele>1176.643426</ele>
        <time>2026-09-03T11:38:30.836Z</time>
      </trkpt>
      <trkpt lat="45.394785" lon="6.335830">
        <ele>1177.311997</ele>
        <time>2026-09-03T11:38:35.814Z</time>
      </trkpt>
      <trkpt lat="45.394882" lon="6.335868">
        <ele>1177.928707</ele>
        <time>2026-09-03T11:38:40.829Z</time>
      </trkpt>
      <trkpt lat="45.394987" lon="6.335915">
        <ele>1178.603416</ele>
        <time>2026-09-03T11:38:45.846Z</time>
      </trkpt>
      <trkpt lat="45.395088" lon="6.335948">
        <ele>1179.238644</ele>
        <time>2026-09-03T11:38:50.808Z</time>
      </trkpt>
      <trkpt lat="45.395185" lon="6.336015">
        <ele>1179.899518</ele>
        <time>2026-09-03T11:38:55.842Z</time>
      </trkpt>
      <trkpt lat="45.395288" lon="6.336067">
        <ele>1180.569422</ele>
        <time>2026-09-03T11:39:00.807Z</time>
      </trkpt>
      <trkpt lat="45.395388" lon="6.336110">
        <ele>1181.209769</ele>
        <time>2026-09-03T11:39:05.827Z</time>
      </trkpt>
      <trkpt lat="45.395482" lon="6.336155">
        <ele>1181.817686</ele>
        <time>2026-09-03T11:39:10.840Z</time>
      </trkpt>
      <trkpt lat="45.395593" lon="6.336183">
        <ele>1182.508721</ele>
        <time>2026-09-03T11:39:15.813Z</time>
      </trkpt>
      <trkpt lat="45.395693" lon="6.336202">
        <ele>1183.127163</ele>
        <time>2026-09-03T11:39:19.837Z</time>
      </trkpt>
      <trkpt lat="45.395792" lon="6.336235">
        <ele>1183.750447</ele>
        <time>2026-09-03T11:39:23.842Z</time>
      </trkpt>
      <trkpt lat="45.395887" lon="6.336263">
        <ele>1184.345149</ele>
        <time>2026-09-03T11:39:27.812Z</time>
      </trkpt>
      <trkpt lat="45.395985" lon="6.336265">
        <ele>1185.202109</ele>
        <time>2026-09-03T11:39:31.847Z</time>
      </trkpt>
      <trkpt lat="45.396085" lon="6.336275">
        <ele>1186.179853</ele>
        <time>2026-09-03T11:39:35.814Z</time>
      </trkpt>
      <trkpt lat="45.396185" lon="6.336253">
        <ele>1187.166765</ele>
        <time>2026-09-03T11:39:39.848Z</time>
      </trkpt>
      <trkpt lat="45.396277" lon="6.336223">
        <ele>1188.087303</ele>
        <time>2026-09-03T11:39:43.813Z</time>
      </trkpt>
      <trkpt lat="45.396375" lon="6.336157">
        <ele>1189.144633</ele>
        <time>2026-09-03T11:39:48.846Z</time>
      </trkpt>
      <trkpt lat="45.396475" lon="6.336093">
        <ele>1190.213942</ele>
        <time>2026-09-03T11:39:53.810Z</time>
      </trkpt>
      <trkpt lat="45.396570" lon="6.336035">
        <ele>1191.222077</ele>
        <time>2026-09-03T11:39:58.842Z</time>
      </trkpt>
      <trkpt lat="45.396667" lon="6.335990">
        <ele>1192.217092</ele>
        <time>2026-09-03T11:40:03.818Z</time>
      </trkpt>
      <trkpt lat="45.396762" lon="6.335970">
        <ele>1193.153738</ele>
        <time>2026-09-03T11:40:08.843Z</time>
      </trkpt>
      <trkpt lat="45.396857" lon="6.335978">
        <ele>1194.081931</ele>
        <time>2026-09-03T11:40:13.812Z</time>
      </trkpt>
      <trkpt lat="45.396955" lon="6.335980">
        <ele>1195.037865</ele>
        <time>2026-09-03T11:40:18.838Z</time>
      </trkpt>
      <trkpt lat="45.397058" lon="6.335985">
        <ele>1196.043051</ele>
        <time>2026-09-03T11:40:23.840Z</time>
      </trkpt>
      <trkpt lat="45.397155" lon="6.336003">
        <ele>1196.997131</ele>
        <time>2026-09-03T11:40:28.810Z</time>
      </trkpt>
      <trkpt lat="45.397258" lon="6.336057">
        <ele>1198.067646</ele>
        <time>2026-09-03T11:40:34.838Z</time>
      </trkpt>
      <trkpt lat="45.397345" lon="6.336118">
        <ele>1199.013462</ele>
        <time>2026-09-03T11:40:39.809Z</time>
      </trkpt>
      <trkpt lat="45.397443" lon="6.336167">
        <ele>1200.026497</ele>
        <time>2026-09-03T11:40:44.846Z</time>
      </trkpt>
      <trkpt lat="45.397532" lon="6.336227">
        <ele>1200.986901</ele>
        <time>2026-09-03T11:40:49.816Z</time>
      </trkpt>
      <trkpt lat="45.397630" lon="6.336277">
        <ele>1202.002225</ele>
        <time>2026-09-03T11:40:54.836Z</time>
      </trkpt>
      <trkpt lat="45.397720" lon="6.336327">
        <ele>1203.035241</ele>
        <time>2026-09-03T11:40:59.809Z</time>
      </trkpt>
      <trkpt lat="45.397807" lon="6.336368">
        <ele>1204.020319</ele>
        <time>2026-09-03T11:41:04.843Z</time>
      </trkpt>
      <trkpt lat="45.397895" lon="6.336407">
        <ele>1205.011018</ele>
        <time>2026-09-03T11:41:09.815Z</time>
      </trkpt>
      <trkpt lat="45.397985" lon="6.336442">
        <ele>1206.013892</ele>
        <time>2026-09-03T11:41:14.838Z</time>
      </trkpt>
      <trkpt lat="45.398083" lon="6.336463">
        <ele>1207.079199</ele>
        <time>2026-09-03T11:41:19.815Z</time>
      </trkpt>
      <trkpt lat="45.398192" lon="6.336483">
        <ele>1208.260576</ele>
        <time>2026-09-03T11:41:24.834Z</time>
      </trkpt>
      <trkpt lat="45.398285" lon="6.336512">
        <ele>1209.283960</ele>
        <time>2026-09-03T11:41:29.840Z</time>
      </trkpt>
      <trkpt lat="45.398373" lon="6.336573">
        <ele>1210.336016</ele>
        <time>2026-09-03T11:41:34.826Z</time>
      </trkpt>
      <trkpt lat="45.398470" lon="6.336640">
        <ele>1211.494881</ele>
        <time>2026-09-03T11:41:39.852Z</time>
      </trkpt>
      <trkpt lat="45.398568" lon="6.336708">
        <ele>1212.666713</ele>
        <time>2026-09-03T11:41:44.805Z</time>
      </trkpt>
      <trkpt lat="45.398657" lon="6.336763">
        <ele>1213.709604</ele>
        <time>2026-09-03T11:41:49.844Z</time>
      </trkpt>
      <trkpt lat="45.398753" lon="6.336807">
        <ele>1214.793677</ele>
        <time>2026-09-03T11:41:54.809Z</time>
      </trkpt>
      <trkpt lat="45.398860" lon="6.336850">
        <ele>1215.988786</ele>
        <time>2026-09-03T11:41:59.841Z</time>
      </trkpt>
      <trkpt lat="45.398962" lon="6.336873">
        <ele>1217.098891</ele>
        <time>2026-09-03T11:42:04.811Z</time>
      </trkpt>
      <trkpt lat="45.399047" lon="6.336932">
        <ele>1218.115342</ele>
        <time>2026-09-03T11:42:09.846Z</time>
      </trkpt>
      <trkpt lat="45.399130" lon="6.336982">
        <ele>1219.084082</ele>
        <time>2026-09-03T11:42:13.813Z</time>
      </trkpt>
      <trkpt lat="45.399218" lon="6.337068">
        <ele>1220.231332</ele>
        <time>2026-09-03T11:42:18.850Z</time>
      </trkpt>
      <trkpt lat="45.399290" lon="6.337153">
        <ele>1221.236632</ele>
        <time>2026-09-03T11:42:22.813Z</time>
      </trkpt>
      <trkpt lat="45.399362" lon="6.337235">
        <ele>1221.913948</ele>
        <time>2026-09-03T11:42:27.845Z</time>
      </trkpt>
      <trkpt lat="45.399442" lon="6.337333">
        <ele>1222.623477</ele>
        <time>2026-09-03T11:42:32.822Z</time>
      </trkpt>
      <trkpt lat="45.399525" lon="6.337428">
        <ele>1223.339461</ele>
        <time>2026-09-03T11:42:37.845Z</time>
      </trkpt>
      <trkpt lat="45.399603" lon="6.337522">
        <ele>1224.026501</ele>
        <time>2026-09-03T11:42:42.812Z</time>
      </trkpt>
      <trkpt lat="45.399692" lon="6.337602">
        <ele>1224.734157</ele>
        <time>2026-09-03T11:42:46.806Z</time>
      </trkpt>
      <trkpt lat="45.399760" lon="6.337687">
        <ele>1225.342520</ele>
        <time>2026-09-03T11:42:50.820Z</time>
      </trkpt>
      <trkpt lat="45.399708" lon="6.337793">
        <ele>1225.953015</ele>
        <time>2026-09-03T11:42:55.809Z</time>
      </trkpt>
      <trkpt lat="45.399630" lon="6.337730">
        <ele>1226.555955</ele>
        <time>2026-09-03T11:42:58.824Z</time>
      </trkpt>
      <trkpt lat="45.399547" lon="6.337633">
        <ele>1227.277891</ele>
        <time>2026-09-03T11:43:02.809Z</time>
      </trkpt>
      <trkpt lat="45.399457" lon="6.337558">
        <ele>1227.979030</ele>
        <time>2026-09-03T11:43:06.830Z</time>
      </trkpt>
      <trkpt lat="45.399363" lon="6.337503">
        <ele>1228.662343</ele>
        <time>2026-09-03T11:43:10.814Z</time>
      </trkpt>
      <trkpt lat="45.399268" lon="6.337485">
        <ele>1229.306746</ele>
        <time>2026-09-03T11:43:14.824Z</time>
      </trkpt>
      <trkpt lat="45.399168" lon="6.337470">
        <ele>1229.982859</ele>
        <time>2026-09-03T11:43:18.842Z</time>
      </trkpt>
      <trkpt lat="45.399073" lon="6.337462">
        <ele>1230.622749</ele>
        <time>2026-09-03T11:43:22.833Z</time>
      </trkpt>
      <trkpt lat="45.398983" lon="6.337452">
        <ele>1231.229743</ele>
        <time>2026-09-03T11:43:26.843Z</time>
      </trkpt>
      <trkpt lat="45.398893" lon="6.337453">
        <ele>1231.834916</ele>
        <time>2026-09-03T11:43:30.812Z</time>
      </trkpt>
      <trkpt lat="45.398803" lon="6.337457">
        <ele>1232.440365</ele>
        <time>2026-09-03T11:43:34.844Z</time>
      </trkpt>
      <trkpt lat="45.398697" lon="6.337425">
        <ele>1233.168940</ele>
        <time>2026-09-03T11:43:39.812Z</time>
      </trkpt>
      <trkpt lat="45.398598" lon="6.337407">
        <ele>1233.974583</ele>
        <time>2026-09-03T11:43:43.842Z</time>
      </trkpt>
      <trkpt lat="45.398505" lon="6.337397">
        <ele>1234.838705</ele>
        <time>2026-09-03T11:43:47.809Z</time>
      </trkpt>
      <trkpt lat="45.398432" lon="6.337513">
        <ele>1235.852116</ele>
        <time>2026-09-03T11:43:52.842Z</time>
      </trkpt>
      <trkpt lat="45.398465" lon="6.337653">
        <ele>1236.812879</ele>
        <time>2026-09-03T11:43:57.812Z</time>
      </trkpt>
      <trkpt lat="45.398553" lon="6.337727">
        <ele>1237.759747</ele>
        <time>2026-09-03T11:44:02.840Z</time>
      </trkpt>
      <trkpt lat="45.398647" lon="6.337742">
        <ele>1238.636132</ele>
        <time>2026-09-03T11:44:06.805Z</time>
      </trkpt>
      <trkpt lat="45.398748" lon="6.337768">
        <ele>1239.587089</ele>
        <time>2026-09-03T11:44:11.848Z</time>
      </trkpt>
      <trkpt lat="45.398833" lon="6.337813">
        <ele>1240.427290</ele>
        <time>2026-09-03T11:44:15.810Z</time>
      </trkpt>
      <trkpt lat="45.398927" lon="6.337882">
        <ele>1241.407105</ele>
        <time>2026-09-03T11:44:20.838Z</time>
      </trkpt>
      <trkpt lat="45.398998" lon="6.337973">
        <ele>1242.292112</ele>
        <time>2026-09-03T11:44:25.817Z</time>
      </trkpt>
      <trkpt lat="45.399067" lon="6.338068">
        <ele>1243.181319</ele>
        <time>2026-09-03T11:44:30.842Z</time>
      </trkpt>
      <trkpt lat="45.399127" lon="6.338170">
        <ele>1244.046991</ele>
        <time>2026-09-03T11:44:35.813Z</time>
      </trkpt>
      <trkpt lat="45.399203" lon="6.338267">
        <ele>1244.992545</ele>
        <time>2026-09-03T11:44:40.834Z</time>
      </trkpt>
      <trkpt lat="45.399270" lon="6.338362">
        <ele>1245.868522</ele>
        <time>2026-09-03T11:44:45.844Z</time>
      </trkpt>
      <trkpt lat="45.399330" lon="6.338465">
        <ele>1246.739189</ele>
        <time>2026-09-03T11:44:50.817Z</time>
      </trkpt>
      <trkpt lat="45.399408" lon="6.338557">
        <ele>1247.677546</ele>
        <time>2026-09-03T11:44:55.837Z</time>
      </trkpt>
      <trkpt lat="45.399470" lon="6.338665">
        <ele>1248.585102</ele>
        <time>2026-09-03T11:45:00.846Z</time>
      </trkpt>
      <trkpt lat="45.399548" lon="6.338772">
        <ele>1249.588520</ele>
        <time>2026-09-03T11:45:06.815Z</time>
      </trkpt>
      <trkpt lat="45.399620" lon="6.338872">
        <ele>1250.464218</ele>
        <time>2026-09-03T11:45:11.840Z</time>
      </trkpt>
      <trkpt lat="45.399680" lon="6.338997">
        <ele>1251.300494</ele>
        <time>2026-09-03T11:45:16.842Z</time>
      </trkpt>
      <trkpt lat="45.399760" lon="6.339093">
        <ele>1252.123353</ele>
        <time>2026-09-03T11:45:21.810Z</time>
      </trkpt>
      <trkpt lat="45.399827" lon="6.339188">
        <ele>1252.867016</ele>
        <time>2026-09-03T11:45:26.836Z</time>
      </trkpt>
      <trkpt lat="45.399922" lon="6.339272">
        <ele>1253.746571</ele>
        <time>2026-09-03T11:45:32.821Z</time>
      </trkpt>
      <trkpt lat="45.400010" lon="6.339357">
        <ele>1254.582942</ele>
        <time>2026-09-03T11:45:38.837Z</time>
      </trkpt>
      <trkpt lat="45.400125" lon="6.339355">
        <ele>1255.487577</ele>
        <time>2026-09-03T11:45:44.810Z</time>
      </trkpt>
      <trkpt lat="45.400225" lon="6.339380">
        <ele>1256.286183</ele>
        <time>2026-09-03T11:45:49.838Z</time>
      </trkpt>
      <trkpt lat="45.400322" lon="6.339368">
        <ele>1257.052039</ele>
        <time>2026-09-03T11:45:54.803Z</time>
      </trkpt>
      <trkpt lat="45.400418" lon="6.339340">
        <ele>1257.822829</ele>
        <time>2026-09-03T11:45:59.830Z</time>
      </trkpt>
      <trkpt lat="45.400525" lon="6.339305">
        <ele>1258.686382</ele>
        <time>2026-09-03T11:46:04.806Z</time>
      </trkpt>
      <trkpt lat="45.400628" lon="6.339282">
        <ele>1259.506458</ele>
        <time>2026-09-03T11:46:09.838Z</time>
      </trkpt>
      <trkpt lat="45.400727" lon="6.339287">
        <ele>1260.285662</ele>
        <time>2026-09-03T11:46:15.814Z</time>
      </trkpt>
      <trkpt lat="45.400820" lon="6.339302">
        <ele>1261.021857</ele>
        <time>2026-09-03T11:46:20.847Z</time>
      </trkpt>
      <trkpt lat="45.400917" lon="6.339325">
        <ele>1261.795342</ele>
        <time>2026-09-03T11:46:25.817Z</time>
      </trkpt>
      <trkpt lat="45.401007" lon="6.339373">
        <ele>1262.551273</ele>
        <time>2026-09-03T11:46:30.837Z</time>
      </trkpt>
      <trkpt lat="45.401095" lon="6.339447">
        <ele>1263.355113</ele>
        <time>2026-09-03T11:46:36.849Z</time>
      </trkpt>
      <trkpt lat="45.401190" lon="6.339507">
        <ele>1264.172543</ele>
        <time>2026-09-03T11:46:42.811Z</time>
      </trkpt>
      <trkpt lat="45.401290" lon="6.339533">
        <ele>1265.134548</ele>
        <time>2026-09-03T11:46:47.845Z</time>
      </trkpt>
      <trkpt lat="45.401398" lon="6.339558">
        <ele>1266.202153</ele>
        <time>2026-09-03T11:46:52.814Z</time>
      </trkpt>
      <trkpt lat="45.401488" lon="6.339577">
        <ele>1267.089894</ele>
        <time>2026-09-03T11:46:56.845Z</time>
      </trkpt>
      <trkpt lat="45.401580" lon="6.339605">
        <ele>1268.007822</ele>
        <time>2026-09-03T11:47:01.821Z</time>
      </trkpt>
      <trkpt lat="45.401688" lon="6.339633">
        <ele>1269.078915</ele>
        <time>2026-09-03T11:47:07.801Z</time>
      </trkpt>
      <trkpt lat="45.401762" lon="6.339718">
        <ele>1270.006508</ele>
        <time>2026-09-03T11:47:12.799Z</time>
      </trkpt>
      <trkpt lat="45.401825" lon="6.339817">
        <ele>1270.921853</ele>
        <time>2026-09-03T11:47:17.804Z</time>
      </trkpt>
      <trkpt lat="45.401875" lon="6.339923">
        <ele>1271.796698</ele>
        <time>2026-09-03T11:47:22.823Z</time>
      </trkpt>
      <trkpt lat="45.401927" lon="6.340057">
        <ele>1272.845586</ele>
        <time>2026-09-03T11:47:28.812Z</time>
      </trkpt>
      <trkpt lat="45.401962" lon="6.340178">
        <ele>1273.742122</ele>
        <time>2026-09-03T11:47:33.821Z</time>
      </trkpt>
      <trkpt lat="45.401990" lon="6.340312">
        <ele>1274.699920</ele>
        <time>2026-09-03T11:47:38.834Z</time>
      </trkpt>
      <trkpt lat="45.401985" lon="6.340443">
        <ele>1275.598699</ele>
        <time>2026-09-03T11:47:43.812Z</time>
      </trkpt>
      <trkpt lat="45.401992" lon="6.340583">
        <ele>1276.560240</ele>
        <time>2026-09-03T11:47:48.840Z</time>
      </trkpt>
      <trkpt lat="45.401982" lon="6.340728">
        <ele>1277.558386</ele>
        <time>2026-09-03T11:47:53.818Z</time>
      </trkpt>
      <trkpt lat="45.401988" lon="6.340862">
        <ele>1278.478258</ele>
        <time>2026-09-03T11:47:58.815Z</time>
      </trkpt>
      <trkpt lat="45.401997" lon="6.341020">
        <ele>1279.564240</ele>
        <time>2026-09-03T11:48:04.843Z</time>
      </trkpt>
      <trkpt lat="45.402007" lon="6.341168">
        <ele>1280.582842</ele>
        <time>2026-09-03T11:48:09.812Z</time>
      </trkpt>
      <trkpt lat="45.402020" lon="6.341318">
        <ele>1281.618260</ele>
        <time>2026-09-03T11:48:14.841Z</time>
      </trkpt>
      <trkpt lat="45.402035" lon="6.341457">
        <ele>1282.496361</ele>
        <time>2026-09-03T11:48:19.817Z</time>
      </trkpt>
      <trkpt lat="45.402050" lon="6.341607">
        <ele>1283.413888</ele>
        <time>2026-09-03T11:48:24.833Z</time>
      </trkpt>
      <trkpt lat="45.402062" lon="6.341758">
        <ele>1284.334144</ele>
        <time>2026-09-03T11:48:30.813Z</time>
      </trkpt>
      <trkpt lat="45.402087" lon="6.341902">
        <ele>1285.232432</ele>
        <time>2026-09-03T11:48:35.841Z</time>
      </trkpt>
      <trkpt lat="45.402130" lon="6.342038">
        <ele>1286.135663</ele>
        <time>2026-09-03T11:48:40.810Z</time>
      </trkpt>
      <trkpt lat="45.402190" lon="6.342158">
        <ele>1287.027779</ele>
        <time>2026-09-03T11:48:45.843Z</time>
      </trkpt>
      <trkpt lat="45.402272" lon="6.342252">
        <ele>1287.935643</ele>
        <time>2026-09-03T11:48:50.812Z</time>
      </trkpt>
      <trkpt lat="45.402347" lon="6.342325">
        <ele>1288.719132</ele>
        <time>2026-09-03T11:48:55.836Z</time>
      </trkpt>
      <trkpt lat="45.402418" lon="6.342412">
        <ele>1289.526942</ele>
        <time>2026-09-03T11:49:00.811Z</time>
      </trkpt>
      <trkpt lat="45.402492" lon="6.342522">
        <ele>1290.449478</ele>
        <time>2026-09-03T11:49:06.844Z</time>
      </trkpt>
      <trkpt lat="45.402552" lon="6.342633">
        <ele>1291.297785</ele>
        <time>2026-09-03T11:49:12.814Z</time>
      </trkpt>
      <trkpt lat="45.402610" lon="6.342755">
        <ele>1292.190005</ele>
        <time>2026-09-03T11:49:17.842Z</time>
      </trkpt>
      <trkpt lat="45.402647" lon="6.342877">
        <ele>1292.994773</ele>
        <time>2026-09-03T11:49:22.815Z</time>
      </trkpt>
      <trkpt lat="45.402690" lon="6.342995">
        <ele>1293.799852</ele>
        <time>2026-09-03T11:49:27.833Z</time>
      </trkpt>
      <trkpt lat="45.402768" lon="6.343070">
        <ele>1294.611548</ele>
        <time>2026-09-03T11:49:31.843Z</time>
      </trkpt>
      <trkpt lat="45.402863" lon="6.343125">
        <ele>1295.496015</ele>
        <time>2026-09-03T11:49:36.818Z</time>
      </trkpt>
      <trkpt lat="45.402972" lon="6.343142">
        <ele>1296.441742</ele>
        <time>2026-09-03T11:49:41.834Z</time>
      </trkpt>
      <trkpt lat="45.403063" lon="6.343153">
        <ele>1297.229425</ele>
        <time>2026-09-03T11:49:46.835Z</time>
      </trkpt>
      <trkpt lat="45.403168" lon="6.343130">
        <ele>1298.307752</ele>
        <time>2026-09-03T11:49:52.814Z</time>
      </trkpt>
      <trkpt lat="45.403272" lon="6.343150">
        <ele>1299.399431</ele>
        <time>2026-09-03T11:49:58.846Z</time>
      </trkpt>
      <trkpt lat="45.403378" lon="6.343150">
        <ele>1300.502097</ele>
        <time>2026-09-03T11:50:03.803Z</time>
      </trkpt>
      <trkpt lat="45.403483" lon="6.343142">
        <ele>1301.595923</ele>
        <time>2026-09-03T11:50:09.845Z</time>
      </trkpt>
      <trkpt lat="45.403580" lon="6.343137">
        <ele>1302.605628</ele>
        <time>2026-09-03T11:50:14.815Z</time>
      </trkpt>
      <trkpt lat="45.403680" lon="6.343127">
        <ele>1303.648440</ele>
        <time>2026-09-03T11:50:19.846Z</time>
      </trkpt>
      <trkpt lat="45.403778" lon="6.343092">
        <ele>1304.699448</ele>
        <time>2026-09-03T11:50:24.815Z</time>
      </trkpt>
      <trkpt lat="45.403855" lon="6.342987">
        <ele>1305.808367</ele>
        <time>2026-09-03T11:50:30.842Z</time>
      </trkpt>
      <trkpt lat="45.403892" lon="6.342857">
        <ele>1306.832890</ele>
        <time>2026-09-03T11:50:35.813Z</time>
      </trkpt>
      <trkpt lat="45.403957" lon="6.342742">
        <ele>1307.911158</ele>
        <time>2026-09-03T11:50:40.812Z</time>
      </trkpt>
      <trkpt lat="45.404050" lon="6.342698">
        <ele>1308.930570</ele>
        <time>2026-09-03T11:50:45.833Z</time>
      </trkpt>
      <trkpt lat="45.404138" lon="6.342750">
        <ele>1309.921648</ele>
        <time>2026-09-03T11:50:50.816Z</time>
      </trkpt>
      <trkpt lat="45.404222" lon="6.342828">
        <ele>1310.964760</ele>
        <time>2026-09-03T11:50:55.844Z</time>
      </trkpt>
      <trkpt lat="45.404287" lon="6.342935">
        <ele>1311.998161</ele>
        <time>2026-09-03T11:51:00.814Z</time>
      </trkpt>
      <trkpt lat="45.404347" lon="6.343045">
        <ele>1313.015515</ele>
        <time>2026-09-03T11:51:05.830Z</time>
      </trkpt>
      <trkpt lat="45.404408" lon="6.343153">
        <ele>1314.027861</ele>
        <time>2026-09-03T11:51:10.838Z</time>
      </trkpt>
      <trkpt lat="45.404478" lon="6.343237">
        <ele>1314.980029</ele>
        <time>2026-09-03T11:51:15.808Z</time>
      </trkpt>
      <trkpt lat="45.404573" lon="6.343302">
        <ele>1316.076860</ele>
        <time>2026-09-03T11:51:21.846Z</time>
      </trkpt>
      <trkpt lat="45.404670" lon="6.343332">
        <ele>1317.184178</ele>
        <time>2026-09-03T11:51:26.803Z</time>
      </trkpt>
      <trkpt lat="45.404770" lon="6.343357">
        <ele>1318.316801</ele>
        <time>2026-09-03T11:51:32.843Z</time>
      </trkpt>
      <trkpt lat="45.404862" lon="6.343378">
        <ele>1319.356220</ele>
        <time>2026-09-03T11:51:38.804Z</time>
      </trkpt>
      <trkpt lat="45.404963" lon="6.343392">
        <ele>1320.488267</ele>
        <time>2026-09-03T11:51:44.840Z</time>
      </trkpt>
      <trkpt lat="45.405053" lon="6.343412">
        <ele>1321.504424</ele>
        <time>2026-09-03T11:51:49.809Z</time>
      </trkpt>
      <trkpt lat="45.405158" lon="6.343425">
        <ele>1322.680188</ele>
        <time>2026-09-03T11:51:55.846Z</time>
      </trkpt>
      <trkpt lat="45.405257" lon="6.343437">
        <ele>1323.788593</ele>
        <time>2026-09-03T11:52:01.815Z</time>
      </trkpt>
      <trkpt lat="45.405352" lon="6.343463">
        <ele>1324.867770</ele>
        <time>2026-09-03T11:52:07.843Z</time>
      </trkpt>
      <trkpt lat="45.405448" lon="6.343498">
        <ele>1325.973243</ele>
        <time>2026-09-03T11:52:13.810Z</time>
      </trkpt>
      <trkpt lat="45.405542" lon="6.343530">
        <ele>1327.051412</ele>
        <time>2026-09-03T11:52:18.847Z</time>
      </trkpt>
      <trkpt lat="45.405627" lon="6.343573">
        <ele>1328.057678</ele>
        <time>2026-09-03T11:52:23.806Z</time>
      </trkpt>
      <trkpt lat="45.405713" lon="6.343630">
        <ele>1329.115851</ele>
        <time>2026-09-03T11:52:29.845Z</time>
      </trkpt>
      <trkpt lat="45.405803" lon="6.343695">
        <ele>1330.241557</ele>
        <time>2026-09-03T11:52:35.814Z</time>
      </trkpt>
      <trkpt lat="45.405892" lon="6.343737">
        <ele>1331.287488</ele>
        <time>2026-09-03T11:52:40.822Z</time>
      </trkpt>
      <trkpt lat="45.405985" lon="6.343795">
        <ele>1332.420060</ele>
        <time>2026-09-03T11:52:46.849Z</time>
      </trkpt>
      <trkpt lat="45.406078" lon="6.343853">
        <ele>1333.552632</ele>
        <time>2026-09-03T11:52:52.817Z</time>
      </trkpt>
      <trkpt lat="45.406177" lon="6.343915">
        <ele>1334.759084</ele>
        <time>2026-09-03T11:52:58.838Z</time>
      </trkpt>
      <trkpt lat="45.406260" lon="6.343968">
        <ele>1335.773797</ele>
        <time>2026-09-03T11:53:03.845Z</time>
      </trkpt>
      <trkpt lat="45.406357" lon="6.344030">
        <ele>1336.900772</ele>
        <time>2026-09-03T11:53:09.810Z</time>
      </trkpt>
      <trkpt lat="45.406442" lon="6.344105">
        <ele>1337.936320</ele>
        <time>2026-09-03T11:53:15.829Z</time>
      </trkpt>
      <trkpt lat="45.406527" lon="6.344168">
        <ele>1338.928694</ele>
        <time>2026-09-03T11:53:21.800Z</time>
      </trkpt>
      <trkpt lat="45.406617" lon="6.344222">
        <ele>1339.940122</ele>
        <time>2026-09-03T11:53:26.831Z</time>
      </trkpt>
      <trkpt lat="45.406697" lon="6.344282">
        <ele>1340.876501</ele>
        <time>2026-09-03T11:53:31.807Z</time>
      </trkpt>
      <trkpt lat="45.406787" lon="6.344338">
        <ele>1341.893663</ele>
        <time>2026-09-03T11:53:37.810Z</time>
      </trkpt>
      <trkpt lat="45.406868" lon="6.344403">
        <ele>1342.856532</ele>
        <time>2026-09-03T11:53:42.842Z</time>
      </trkpt>
      <trkpt lat="45.406950" lon="6.344460">
        <ele>1343.801518</ele>
        <time>2026-09-03T11:53:47.817Z</time>
      </trkpt>
      <trkpt lat="45.407052" lon="6.344508">
        <ele>1344.914065</ele>
        <time>2026-09-03T11:53:53.845Z</time>
      </trkpt>
      <trkpt lat="45.407148" lon="6.344572">
        <ele>1346.011823</ele>
        <time>2026-09-03T11:53:59.802Z</time>
      </trkpt>
      <trkpt lat="45.407240" lon="6.344610">
        <ele>1347.003894</ele>
        <time>2026-09-03T11:54:05.842Z</time>
      </trkpt>
      <trkpt lat="45.407343" lon="6.344635">
        <ele>1348.086013</ele>
        <time>2026-09-03T11:54:11.804Z</time>
      </trkpt>
      <trkpt lat="45.407435" lon="6.344660">
        <ele>1349.056016</ele>
        <time>2026-09-03T11:54:16.839Z</time>
      </trkpt>
      <trkpt lat="45.407543" lon="6.344685">
        <ele>1350.189216</ele>
        <time>2026-09-03T11:54:22.842Z</time>
      </trkpt>
      <trkpt lat="45.407643" lon="6.344710">
        <ele>1351.240720</ele>
        <time>2026-09-03T11:54:28.810Z</time>
      </trkpt>
      <trkpt lat="45.407748" lon="6.344737">
        <ele>1352.345754</ele>
        <time>2026-09-03T11:54:34.849Z</time>
      </trkpt>
      <trkpt lat="45.407847" lon="6.344765">
        <ele>1353.391086</ele>
        <time>2026-09-03T11:54:40.815Z</time>
      </trkpt>
      <trkpt lat="45.407948" lon="6.344777">
        <ele>1354.440747</ele>
        <time>2026-09-03T11:54:46.842Z</time>
      </trkpt>
      <trkpt lat="45.408048" lon="6.344802">
        <ele>1355.310664</ele>
        <time>2026-09-03T11:54:52.818Z</time>
      </trkpt>
      <trkpt lat="45.408140" lon="6.344832">
        <ele>1356.044773</ele>
        <time>2026-09-03T11:54:57.840Z</time>
      </trkpt>
      <trkpt lat="45.408208" lon="6.344918">
        <ele>1356.752091</ele>
        <time>2026-09-03T11:55:02.811Z</time>
      </trkpt>
      <trkpt lat="45.408243" lon="6.345062">
        <ele>1357.584225</ele>
        <time>2026-09-03T11:55:07.846Z</time>
      </trkpt>
      <trkpt lat="45.408188" lon="6.345183">
        <ele>1358.371371</ele>
        <time>2026-09-03T11:55:12.807Z</time>
      </trkpt>
      <trkpt lat="45.408102" lon="6.345242">
        <ele>1359.113843</ele>
        <time>2026-09-03T11:55:17.839Z</time>
      </trkpt>
      <trkpt lat="45.407997" lon="6.345278">
        <ele>1359.953882</ele>
        <time>2026-09-03T11:55:23.815Z</time>
      </trkpt>
      <trkpt lat="45.407893" lon="6.345298">
        <ele>1360.770157</ele>
        <time>2026-09-03T11:55:29.843Z</time>
      </trkpt>
      <trkpt lat="45.407792" lon="6.345327">
        <ele>1361.571559</ele>
        <time>2026-09-03T11:55:34.817Z</time>
      </trkpt>
      <trkpt lat="45.407697" lon="6.345342">
        <ele>1362.315016</ele>
        <time>2026-09-03T11:55:39.810Z</time>
      </trkpt>
      <trkpt lat="45.407600" lon="6.345357">
        <ele>1363.073937</ele>
        <time>2026-09-03T11:55:44.843Z</time>
      </trkpt>
      <trkpt lat="45.407510" lon="6.345373">
        <ele>1363.779408</ele>
        <time>2026-09-03T11:55:49.816Z</time>
      </trkpt>
      <trkpt lat="45.407408" lon="6.345393">
        <ele>1364.580268</ele>
        <time>2026-09-03T11:55:54.823Z</time>
      </trkpt>
      <trkpt lat="45.407317" lon="6.345413">
        <ele>1365.296463</ele>
        <time>2026-09-03T11:55:59.835Z</time>
      </trkpt>
      <trkpt lat="45.407213" lon="6.345420">
        <ele>1366.106300</ele>
        <time>2026-09-03T11:56:05.808Z</time>
      </trkpt>
      <trkpt lat="45.407108" lon="6.345428">
        <ele>1366.924181</ele>
        <time>2026-09-03T11:56:11.839Z</time>
      </trkpt>
      <trkpt lat="45.407012" lon="6.345437">
        <ele>1367.672505</ele>
        <time>2026-09-03T11:56:16.809Z</time>
      </trkpt>
      <trkpt lat="45.406905" lon="6.345442">
        <ele>1368.505223</ele>
        <time>2026-09-03T11:56:21.847Z</time>
      </trkpt>
      <trkpt lat="45.406817" lon="6.345502">
        <ele>1369.029537</ele>
        <time>2026-09-03T11:56:25.822Z</time>
      </trkpt>
      <trkpt lat="45.406750" lon="6.345597">
        <ele>1369.427320</ele>
        <time>2026-09-03T11:56:29.805Z</time>
      </trkpt>
      <trkpt lat="45.406757" lon="6.345758">
        <ele>1369.903835</ele>
        <time>2026-09-03T11:56:33.825Z</time>
      </trkpt>
      <trkpt lat="45.406825" lon="6.345850">
        <ele>1370.298456</ele>
        <time>2026-09-03T11:56:36.810Z</time>
      </trkpt>
      <trkpt lat="45.406927" lon="6.345857">
        <ele>1370.728135</ele>
        <time>2026-09-03T11:56:39.809Z</time>
      </trkpt>
      <trkpt lat="45.407032" lon="6.345822">
        <ele>1371.181875</ele>
        <time>2026-09-03T11:56:42.808Z</time>
      </trkpt>
      <trkpt lat="45.407132" lon="6.345802">
        <ele>1371.606768</ele>
        <time>2026-09-03T11:56:45.815Z</time>
      </trkpt>
      <trkpt lat="45.407240" lon="6.345777">
        <ele>1372.067156</ele>
        <time>2026-09-03T11:56:48.809Z</time>
      </trkpt>
      <trkpt lat="45.407348" lon="6.345780">
        <ele>1372.521669</ele>
        <time>2026-09-03T11:56:51.812Z</time>
      </trkpt>
      <trkpt lat="45.407458" lon="6.345772">
        <ele>1372.985114</ele>
        <time>2026-09-03T11:56:54.828Z</time>
      </trkpt>
      <trkpt lat="45.407590" lon="6.345752">
        <ele>1373.543657</ele>
        <time>2026-09-03T11:56:57.840Z</time>
      </trkpt>
      <trkpt lat="45.407682" lon="6.345733">
        <ele>1373.934809</ele>
        <time>2026-09-03T11:56:59.830Z</time>
      </trkpt>
      <trkpt lat="45.407777" lon="6.345715">
        <ele>1374.338057</ele>
        <time>2026-09-03T11:57:01.838Z</time>
      </trkpt>
      <trkpt lat="45.407867" lon="6.345705">
        <ele>1374.717896</ele>
        <time>2026-09-03T11:57:03.832Z</time>
      </trkpt>
      <trkpt lat="45.408002" lon="6.345722">
        <ele>1375.288144</ele>
        <time>2026-09-03T11:57:06.843Z</time>
      </trkpt>
      <trkpt lat="45.408092" lon="6.345737">
        <ele>1375.669417</ele>
        <time>2026-09-03T11:57:08.812Z</time>
      </trkpt>
      <trkpt lat="45.408220" lon="6.345785">
        <ele>1376.226348</ele>
        <time>2026-09-03T11:57:11.841Z</time>
      </trkpt>
      <trkpt lat="45.408343" lon="6.345858">
        <ele>1376.951315</ele>
        <time>2026-09-03T11:57:14.809Z</time>
      </trkpt>
      <trkpt lat="45.408422" lon="6.345923">
        <ele>1377.470587</ele>
        <time>2026-09-03T11:57:16.964Z</time>
      </trkpt>
      <trkpt lat="45.408502" lon="6.345983">
        <ele>1377.985189</ele>
        <time>2026-09-03T11:57:18.817Z</time>
      </trkpt>
      <trkpt lat="45.408618" lon="6.346070">
        <ele>1378.731362</ele>
        <time>2026-09-03T11:57:21.807Z</time>
      </trkpt>
      <trkpt lat="45.408705" lon="6.346120">
        <ele>1379.265330</ele>
        <time>2026-09-03T11:57:23.823Z</time>
      </trkpt>
      <trkpt lat="45.408818" lon="6.346197">
        <ele>1379.978304</ele>
        <time>2026-09-03T11:57:26.815Z</time>
      </trkpt>
      <trkpt lat="45.408917" lon="6.346263">
        <ele>1380.600449</ele>
        <time>2026-09-03T11:57:29.806Z</time>
      </trkpt>
      <trkpt lat="45.409013" lon="6.346325">
        <ele>1381.200396</ele>
        <time>2026-09-03T11:57:33.800Z</time>
      </trkpt>
      <trkpt lat="45.409112" lon="6.346393">
        <ele>1381.825970</ele>
        <time>2026-09-03T11:57:38.809Z</time>
      </trkpt>
      <trkpt lat="45.409205" lon="6.346463">
        <ele>1382.424659</ele>
        <time>2026-09-03T11:57:43.835Z</time>
      </trkpt>
      <trkpt lat="45.409290" lon="6.346507">
        <ele>1382.939414</ele>
        <time>2026-09-03T11:57:47.828Z</time>
      </trkpt>
      <trkpt lat="45.409383" lon="6.346578">
        <ele>1383.539980</ele>
        <time>2026-09-03T11:57:52.827Z</time>
      </trkpt>
      <trkpt lat="45.409470" lon="6.346655">
        <ele>1384.122964</ele>
        <time>2026-09-03T11:57:57.816Z</time>
      </trkpt>
      <trkpt lat="45.409553" lon="6.346745">
        <ele>1384.716684</ele>
        <time>2026-09-03T11:58:02.826Z</time>
      </trkpt>
      <trkpt lat="45.409610" lon="6.346852">
        <ele>1385.253390</ele>
        <time>2026-09-03T11:58:07.813Z</time>
      </trkpt>
      <trkpt lat="45.409677" lon="6.346952">
        <ele>1385.805739</ele>
        <time>2026-09-03T11:58:12.809Z</time>
      </trkpt>
      <trkpt lat="45.409753" lon="6.347060">
        <ele>1386.416762</ele>
        <time>2026-09-03T11:58:17.825Z</time>
      </trkpt>
      <trkpt lat="45.409835" lon="6.347142">
        <ele>1387.233100</ele>
        <time>2026-09-03T11:58:22.804Z</time>
      </trkpt>
      <trkpt lat="45.409927" lon="6.347193">
        <ele>1388.117771</ele>
        <time>2026-09-03T11:58:26.824Z</time>
      </trkpt>
      <trkpt lat="45.410027" lon="6.347212">
        <ele>1389.021836</ele>
        <time>2026-09-03T11:58:30.801Z</time>
      </trkpt>
      <trkpt lat="45.410130" lon="6.347203">
        <ele>1389.946584</ele>
        <time>2026-09-03T11:58:35.812Z</time>
      </trkpt>
      <trkpt lat="45.410223" lon="6.347155">
        <ele>1390.833005</ele>
        <time>2026-09-03T11:58:40.821Z</time>
      </trkpt>
      <trkpt lat="45.410307" lon="6.347102">
        <ele>1391.656293</ele>
        <time>2026-09-03T11:58:44.814Z</time>
      </trkpt>
      <trkpt lat="45.410405" lon="6.347070">
        <ele>1392.557277</ele>
        <time>2026-09-03T11:58:50.815Z</time>
      </trkpt>
      <trkpt lat="45.410508" lon="6.347098">
        <ele>1393.496948</ele>
        <time>2026-09-03T11:58:55.838Z</time>
      </trkpt>
      <trkpt lat="45.410580" lon="6.347187">
        <ele>1394.351225</ele>
        <time>2026-09-03T11:59:01.848Z</time>
      </trkpt>
      <trkpt lat="45.410655" lon="6.347263">
        <ele>1395.176034</ele>
        <time>2026-09-03T11:59:05.809Z</time>
      </trkpt>
      <trkpt lat="45.410708" lon="6.347387">
        <ele>1396.089329</ele>
        <time>2026-09-03T11:59:10.847Z</time>
      </trkpt>
      <trkpt lat="45.410732" lon="6.347525">
        <ele>1396.983731</ele>
        <time>2026-09-03T11:59:15.811Z</time>
      </trkpt>
      <trkpt lat="45.410757" lon="6.347672">
        <ele>1397.935258</ele>
        <time>2026-09-03T11:59:20.850Z</time>
      </trkpt>
      <trkpt lat="45.410778" lon="6.347815">
        <ele>1398.854343</ele>
        <time>2026-09-03T11:59:25.815Z</time>
      </trkpt>
      <trkpt lat="45.410822" lon="6.347940">
        <ele>1399.734033</ele>
        <time>2026-09-03T11:59:30.852Z</time>
      </trkpt>
      <trkpt lat="45.410892" lon="6.348038">
        <ele>1400.613570</ele>
        <time>2026-09-03T11:59:35.815Z</time>
      </trkpt>
      <trkpt lat="45.410962" lon="6.348122">
        <ele>1401.433780</ele>
        <time>2026-09-03T11:59:40.836Z</time>
      </trkpt>
      <trkpt lat="45.411050" lon="6.348183">
        <ele>1402.310788</ele>
        <time>2026-09-03T11:59:45.851Z</time>
      </trkpt>
      <trkpt lat="45.411142" lon="6.348257">
        <ele>1403.355652</ele>
        <time>2026-09-03T11:59:50.815Z</time>
      </trkpt>
      <trkpt lat="45.411233" lon="6.348323">
        <ele>1404.425263</ele>
        <time>2026-09-03T11:59:56.849Z</time>
      </trkpt>
      <trkpt lat="45.411317" lon="6.348387">
        <ele>1405.423065</ele>
        <time>2026-09-03T12:00:01.811Z</time>
      </trkpt>
      <trkpt lat="45.411397" lon="6.348447">
        <ele>1406.370069</ele>
        <time>2026-09-03T12:00:06.844Z</time>
      </trkpt>
      <trkpt lat="45.411485" lon="6.348490">
        <ele>1407.344542</ele>
        <time>2026-09-03T12:00:11.818Z</time>
      </trkpt>
      <trkpt lat="45.411568" lon="6.348548">
        <ele>1408.312894</ele>
        <time>2026-09-03T12:00:16.848Z</time>
      </trkpt>
      <trkpt lat="45.411653" lon="6.348602">
        <ele>1409.287752</ele>
        <time>2026-09-03T12:00:21.821Z</time>
      </trkpt>
      <trkpt lat="45.411730" lon="6.348673">
        <ele>1410.248508</ele>
        <time>2026-09-03T12:00:26.848Z</time>
      </trkpt>
      <trkpt lat="45.411815" lon="6.348728">
        <ele>1411.226383</ele>
        <time>2026-09-03T12:00:31.849Z</time>
      </trkpt>
      <trkpt lat="45.411900" lon="6.348777">
        <ele>1412.186851</ele>
        <time>2026-09-03T12:00:36.818Z</time>
      </trkpt>
      <trkpt lat="45.411992" lon="6.348858">
        <ele>1413.319705</ele>
        <time>2026-09-03T12:00:42.843Z</time>
      </trkpt>
      <trkpt lat="45.412083" lon="6.348903">
        <ele>1414.328679</ele>
        <time>2026-09-03T12:00:47.806Z</time>
      </trkpt>
      <trkpt lat="45.412183" lon="6.348957">
        <ele>1415.448857</ele>
        <time>2026-09-03T12:00:53.843Z</time>
      </trkpt>
      <trkpt lat="45.412270" lon="6.349017">
        <ele>1416.461313</ele>
        <time>2026-09-03T12:00:58.810Z</time>
      </trkpt>
      <trkpt lat="45.412357" lon="6.349072">
        <ele>1417.458297</ele>
        <time>2026-09-03T12:01:03.847Z</time>
      </trkpt>
      <trkpt lat="45.412445" lon="6.349158">
        <ele>1418.576110</ele>
        <time>2026-09-03T12:01:08.804Z</time>
      </trkpt>
      <trkpt lat="45.412478" lon="6.349282">
        <ele>1419.551207</ele>
        <time>2026-09-03T12:01:13.846Z</time>
      </trkpt>
      <trkpt lat="45.412493" lon="6.349415">
        <ele>1420.541701</ele>
        <time>2026-09-03T12:01:18.814Z</time>
      </trkpt>
      <trkpt lat="45.412538" lon="6.349545">
        <ele>1421.598546</ele>
        <time>2026-09-03T12:01:23.846Z</time>
      </trkpt>
      <trkpt lat="45.412622" lon="6.349648">
        <ele>1422.645297</ele>
        <time>2026-09-03T12:01:28.853Z</time>
      </trkpt>
      <trkpt lat="45.412718" lon="6.349698">
        <ele>1423.610655</ele>
        <time>2026-09-03T12:01:33.819Z</time>
      </trkpt>
      <trkpt lat="45.412813" lon="6.349758">
        <ele>1424.592098</ele>
        <time>2026-09-03T12:01:39.851Z</time>
      </trkpt>
      <trkpt lat="45.412903" lon="6.349835">
        <ele>1425.583610</ele>
        <time>2026-09-03T12:01:44.817Z</time>
      </trkpt>
      <trkpt lat="45.412998" lon="6.349902">
        <ele>1426.584762</ele>
        <time>2026-09-03T12:01:49.857Z</time>
      </trkpt>
      <trkpt lat="45.413102" lon="6.349963">
        <ele>1427.646975</ele>
        <time>2026-09-03T12:01:54.813Z</time>
      </trkpt>
      <trkpt lat="45.413177" lon="6.350042">
        <ele>1428.527910</ele>
        <time>2026-09-03T12:01:59.848Z</time>
      </trkpt>
      <trkpt lat="45.413248" lon="6.350123">
        <ele>1429.386992</ele>
        <time>2026-09-03T12:02:04.814Z</time>
      </trkpt>
      <trkpt lat="45.413322" lon="6.350217">
        <ele>1430.323377</ele>
        <time>2026-09-03T12:02:09.804Z</time>
      </trkpt>
      <trkpt lat="45.413367" lon="6.350340">
        <ele>1431.242946</ele>
        <time>2026-09-03T12:02:14.822Z</time>
      </trkpt>
      <trkpt lat="45.413387" lon="6.350477">
        <ele>1432.170662</ele>
        <time>2026-09-03T12:02:20.814Z</time>
      </trkpt>
      <trkpt lat="45.413398" lon="6.350610">
        <ele>1433.058525</ele>
        <time>2026-09-03T12:02:25.820Z</time>
      </trkpt>
      <trkpt lat="45.413432" lon="6.350740">
        <ele>1433.978274</ele>
        <time>2026-09-03T12:02:30.808Z</time>
      </trkpt>
      <trkpt lat="45.413455" lon="6.350877">
        <ele>1434.912170</ele>
        <time>2026-09-03T12:02:35.826Z</time>
      </trkpt>
      <trkpt lat="45.413463" lon="6.351008">
        <ele>1435.783953</ele>
        <time>2026-09-03T12:02:40.805Z</time>
      </trkpt>
      <trkpt lat="45.413485" lon="6.351150">
        <ele>1436.748040</ele>
        <time>2026-09-03T12:02:45.812Z</time>
      </trkpt>
      <trkpt lat="45.413508" lon="6.351297">
        <ele>1437.746534</ele>
        <time>2026-09-03T12:02:51.845Z</time>
      </trkpt>
      <trkpt lat="45.413568" lon="6.351428">
        <ele>1438.762130</ele>
        <time>2026-09-03T12:02:56.836Z</time>
      </trkpt>
      <trkpt lat="45.413570" lon="6.351577">
        <ele>1439.674565</ele>
        <time>2026-09-03T12:03:02.814Z</time>
      </trkpt>
      <trkpt lat="45.413598" lon="6.351698">
        <ele>1440.454614</ele>
        <time>2026-09-03T12:03:07.805Z</time>
      </trkpt>
      <trkpt lat="45.413647" lon="6.351828">
        <ele>1441.358032</ele>
        <time>2026-09-03T12:03:12.843Z</time>
      </trkpt>
      <trkpt lat="45.413683" lon="6.351960">
        <ele>1442.225065</ele>
        <time>2026-09-03T12:03:17.806Z</time>
      </trkpt>
      <trkpt lat="45.413735" lon="6.352080">
        <ele>1443.088486</ele>
        <time>2026-09-03T12:03:22.846Z</time>
      </trkpt>
      <trkpt lat="45.413817" lon="6.352182">
        <ele>1444.037962</ele>
        <time>2026-09-03T12:03:28.803Z</time>
      </trkpt>
      <trkpt lat="45.413905" lon="6.352245">
        <ele>1444.896958</ele>
        <time>2026-09-03T12:03:33.843Z</time>
      </trkpt>
      <trkpt lat="45.414002" lon="6.352277">
        <ele>1445.765368</ele>
        <time>2026-09-03T12:03:38.845Z</time>
      </trkpt>
      <trkpt lat="45.414058" lon="6.352380">
        <ele>1446.563017</ele>
        <time>2026-09-03T12:03:43.814Z</time>
      </trkpt>
      <trkpt lat="45.414017" lon="6.352523">
        <ele>1447.508754</ele>
        <time>2026-09-03T12:03:48.847Z</time>
      </trkpt>
      <trkpt lat="45.413923" lon="6.352530">
        <ele>1448.329728</ele>
        <time>2026-09-03T12:03:51.813Z</time>
      </trkpt>
      <trkpt lat="45.413818" lon="6.352473">
        <ele>1449.309765</ele>
        <time>2026-09-03T12:03:55.843Z</time>
      </trkpt>
      <trkpt lat="45.413722" lon="6.352395">
        <ele>1450.273681</ele>
        <time>2026-09-03T12:03:59.813Z</time>
      </trkpt>
      <trkpt lat="45.413640" lon="6.352302">
        <ele>1451.187856</ele>
        <time>2026-09-03T12:04:03.837Z</time>
      </trkpt>
      <trkpt lat="45.413555" lon="6.352210">
        <ele>1452.118929</ele>
        <time>2026-09-03T12:04:07.813Z</time>
      </trkpt>
      <trkpt lat="45.413482" lon="6.352115">
        <ele>1452.981306</ele>
        <time>2026-09-03T12:04:11.848Z</time>
      </trkpt>
      <trkpt lat="45.413422" lon="6.352018">
        <ele>1453.772865</ele>
        <time>2026-09-03T12:04:15.806Z</time>
      </trkpt>
      <trkpt lat="45.413363" lon="6.351920">
        <ele>1454.537177</ele>
        <time>2026-09-03T12:04:19.846Z</time>
      </trkpt>
      <trkpt lat="45.413305" lon="6.351810">
        <ele>1455.320330</ele>
        <time>2026-09-03T12:04:23.811Z</time>
      </trkpt>
      <trkpt lat="45.413258" lon="6.351700">
        <ele>1456.053389</ele>
        <time>2026-09-03T12:04:27.851Z</time>
      </trkpt>
      <trkpt lat="45.413193" lon="6.351582">
        <ele>1456.907237</ele>
        <time>2026-09-03T12:04:32.818Z</time>
      </trkpt>
      <trkpt lat="45.413137" lon="6.351465">
        <ele>1457.713357</ele>
        <time>2026-09-03T12:04:36.841Z</time>
      </trkpt>
      <trkpt lat="45.413087" lon="6.351348">
        <ele>1458.493105</ele>
        <time>2026-09-03T12:04:40.849Z</time>
      </trkpt>
      <trkpt lat="45.413037" lon="6.351237">
        <ele>1459.243889</ele>
        <time>2026-09-03T12:04:44.811Z</time>
      </trkpt>
      <trkpt lat="45.412978" lon="6.351117">
        <ele>1460.077891</ele>
        <time>2026-09-03T12:04:48.846Z</time>
      </trkpt>
      <trkpt lat="45.412902" lon="6.351032">
        <ele>1460.861452</ele>
        <time>2026-09-03T12:04:52.811Z</time>
      </trkpt>
      <trkpt lat="45.412802" lon="6.351010">
        <ele>1461.681993</ele>
        <time>2026-09-03T12:04:56.839Z</time>
      </trkpt>
      <trkpt lat="45.412710" lon="6.351093">
        <ele>1462.565080</ele>
        <time>2026-09-03T12:05:01.847Z</time>
      </trkpt>
      <trkpt lat="45.412680" lon="6.351223">
        <ele>1463.344089</ele>
        <time>2026-09-03T12:05:05.826Z</time>
      </trkpt>
      <trkpt lat="45.412722" lon="6.351348">
        <ele>1464.132982</ele>
        <time>2026-09-03T12:05:09.845Z</time>
      </trkpt>
      <trkpt lat="45.412800" lon="6.351448">
        <ele>1464.983952</ele>
        <time>2026-09-03T12:05:13.814Z</time>
      </trkpt>
      <trkpt lat="45.412878" lon="6.351560">
        <ele>1465.882056</ele>
        <time>2026-09-03T12:05:18.855Z</time>
      </trkpt>
      <trkpt lat="45.412937" lon="6.351682">
        <ele>1466.725410</ele>
        <time>2026-09-03T12:05:23.820Z</time>
      </trkpt>
      <trkpt lat="45.412957" lon="6.351815">
        <ele>1467.499709</ele>
        <time>2026-09-03T12:05:28.843Z</time>
      </trkpt>
      <trkpt lat="45.412997" lon="6.351955">
        <ele>1468.360161</ele>
        <time>2026-09-03T12:05:33.808Z</time>
      </trkpt>
      <trkpt lat="45.413040" lon="6.352092">
        <ele>1469.187437</ele>
        <time>2026-09-03T12:05:38.850Z</time>
      </trkpt>
      <trkpt lat="45.413087" lon="6.352230">
        <ele>1470.006693</ele>
        <time>2026-09-03T12:05:43.813Z</time>
      </trkpt>
      <trkpt lat="45.413143" lon="6.352343">
        <ele>1470.745496</ele>
        <time>2026-09-03T12:05:47.848Z</time>
      </trkpt>
      <trkpt lat="45.413177" lon="6.352483">
        <ele>1471.536749</ele>
        <time>2026-09-03T12:05:52.796Z</time>
      </trkpt>
      <trkpt lat="45.413200" lon="6.352615">
        <ele>1472.263181</ele>
        <time>2026-09-03T12:05:57.846Z</time>
      </trkpt>
      <trkpt lat="45.413245" lon="6.352743">
        <ele>1473.027799</ele>
        <time>2026-09-03T12:06:02.812Z</time>
      </trkpt>
      <trkpt lat="45.413273" lon="6.352880">
        <ele>1473.789925</ele>
        <time>2026-09-03T12:06:07.844Z</time>
      </trkpt>
      <trkpt lat="45.413315" lon="6.353010">
        <ele>1474.554288</ele>
        <time>2026-09-03T12:06:12.812Z</time>
      </trkpt>
      <trkpt lat="45.413342" lon="6.353138">
        <ele>1475.268158</ele>
        <time>2026-09-03T12:06:17.850Z</time>
      </trkpt>
      <trkpt lat="45.413365" lon="6.353277">
        <ele>1476.030929</ele>
        <time>2026-09-03T12:06:22.815Z</time>
      </trkpt>
      <trkpt lat="45.413397" lon="6.353403">
        <ele>1476.746608</ele>
        <time>2026-09-03T12:06:27.831Z</time>
      </trkpt>
      <trkpt lat="45.413455" lon="6.353518">
        <ele>1477.502937</ele>
        <time>2026-09-03T12:06:32.842Z</time>
      </trkpt>
      <trkpt lat="45.413515" lon="6.353627">
        <ele>1478.242770</ele>
        <time>2026-09-03T12:06:37.808Z</time>
      </trkpt>
      <trkpt lat="45.413575" lon="6.353733">
        <ele>1478.970061</ele>
        <time>2026-09-03T12:06:42.844Z</time>
      </trkpt>
      <trkpt lat="45.413633" lon="6.353842">
        <ele>1479.700602</ele>
        <time>2026-09-03T12:06:47.813Z</time>
      </trkpt>
      <trkpt lat="45.413690" lon="6.353945">
        <ele>1480.401133</ele>
        <time>2026-09-03T12:06:52.841Z</time>
      </trkpt>
      <trkpt lat="45.413752" lon="6.354052">
        <ele>1481.142181</ele>
        <time>2026-09-03T12:06:57.807Z</time>
      </trkpt>
      <trkpt lat="45.413798" lon="6.354168">
        <ele>1481.853778</ele>
        <time>2026-09-03T12:07:02.850Z</time>
      </trkpt>
      <trkpt lat="45.413825" lon="6.354292">
        <ele>1482.573940</ele>
        <time>2026-09-03T12:07:07.810Z</time>
      </trkpt>
      <trkpt lat="45.413847" lon="6.354438">
        <ele>1483.621841</ele>
        <time>2026-09-03T12:07:13.842Z</time>
      </trkpt>
      <trkpt lat="45.413890" lon="6.354562">
        <ele>1484.592400</ele>
        <time>2026-09-03T12:07:18.811Z</time>
      </trkpt>
      <trkpt lat="45.413930" lon="6.354695">
        <ele>1485.607784</ele>
        <time>2026-09-03T12:07:24.842Z</time>
      </trkpt>
      <trkpt lat="45.413963" lon="6.354817">
        <ele>1486.525282</ele>
        <time>2026-09-03T12:07:30.808Z</time>
      </trkpt>
      <trkpt lat="45.414007" lon="6.354938">
        <ele>1487.481567</ele>
        <time>2026-09-03T12:07:35.852Z</time>
      </trkpt>
      <trkpt lat="45.414050" lon="6.355060">
        <ele>1488.439561</ele>
        <time>2026-09-03T12:07:40.820Z</time>
      </trkpt>
      <trkpt lat="45.414115" lon="6.355177">
        <ele>1489.486628</ele>
        <time>2026-09-03T12:07:45.843Z</time>
      </trkpt>
      <trkpt lat="45.414192" lon="6.355287">
        <ele>1490.576759</ele>
        <time>2026-09-03T12:07:50.814Z</time>
      </trkpt>
      <trkpt lat="45.414253" lon="6.355400">
        <ele>1491.577095</ele>
        <time>2026-09-03T12:07:55.843Z</time>
      </trkpt>
      <trkpt lat="45.414298" lon="6.355512">
        <ele>1492.482689</ele>
        <time>2026-09-03T12:08:00.809Z</time>
      </trkpt>
      <trkpt lat="45.414347" lon="6.355645">
        <ele>1493.536748</ele>
        <time>2026-09-03T12:08:06.844Z</time>
      </trkpt>
      <trkpt lat="45.414383" lon="6.355772">
        <ele>1494.497888</ele>
        <time>2026-09-03T12:08:11.811Z</time>
      </trkpt>
      <trkpt lat="45.414407" lon="6.355918">
        <ele>1495.550156</ele>
        <time>2026-09-03T12:08:17.838Z</time>
      </trkpt>
      <trkpt lat="45.414455" lon="6.356043">
        <ele>1496.550007</ele>
        <time>2026-09-03T12:08:22.844Z</time>
      </trkpt>
      <trkpt lat="45.414507" lon="6.356165">
        <ele>1497.551598</ele>
        <time>2026-09-03T12:08:27.837Z</time>
      </trkpt>
      <trkpt lat="45.414562" lon="6.356275">
        <ele>1498.499314</ele>
        <time>2026-09-03T12:08:32.846Z</time>
      </trkpt>
      <trkpt lat="45.414625" lon="6.356383">
        <ele>1499.484724</ele>
        <time>2026-09-03T12:08:37.811Z</time>
      </trkpt>
      <trkpt lat="45.414707" lon="6.356485">
        <ele>1500.560071</ele>
        <time>2026-09-03T12:08:43.834Z</time>
      </trkpt>
      <trkpt lat="45.414807" lon="6.356537">
        <ele>1501.518831</ele>
        <time>2026-09-03T12:08:48.843Z</time>
      </trkpt>
      <trkpt lat="45.414900" lon="6.356580">
        <ele>1502.399434</ele>
        <time>2026-09-03T12:08:53.806Z</time>
      </trkpt>
      <trkpt lat="45.414997" lon="6.356605">
        <ele>1503.287231</ele>
        <time>2026-09-03T12:08:58.845Z</time>
      </trkpt>
      <trkpt lat="45.415093" lon="6.356628">
        <ele>1504.163982</ele>
        <time>2026-09-03T12:09:03.817Z</time>
      </trkpt>
      <trkpt lat="45.415190" lon="6.356680">
        <ele>1505.097406</ele>
        <time>2026-09-03T12:09:08.858Z</time>
      </trkpt>
      <trkpt lat="45.415282" lon="6.356727">
        <ele>1505.977658</ele>
        <time>2026-09-03T12:09:12.799Z</time>
      </trkpt>
      <trkpt lat="45.415355" lon="6.356837">
        <ele>1506.934676</ele>
        <time>2026-09-03T12:09:16.811Z</time>
      </trkpt>
      <trkpt lat="45.415405" lon="6.356962">
        <ele>1507.844238</ele>
        <time>2026-09-03T12:09:20.799Z</time>
      </trkpt>
      <trkpt lat="45.415447" lon="6.357103">
        <ele>1508.812592</ele>
        <time>2026-09-03T12:09:25.818Z</time>
      </trkpt>
      <trkpt lat="45.415483" lon="6.357238">
        <ele>1509.725586</ele>
        <time>2026-09-03T12:09:30.808Z</time>
      </trkpt>
      <trkpt lat="45.415530" lon="6.357358">
        <ele>1510.594340</ele>
        <time>2026-09-03T12:09:35.806Z</time>
      </trkpt>
      <trkpt lat="45.415565" lon="6.357502">
        <ele>1511.557749</ele>
        <time>2026-09-03T12:09:41.835Z</time>
      </trkpt>
      <trkpt lat="45.415582" lon="6.357633">
        <ele>1512.399977</ele>
        <time>2026-09-03T12:09:46.823Z</time>
      </trkpt>
      <trkpt lat="45.415628" lon="6.357763">
        <ele>1513.320362</ele>
        <time>2026-09-03T12:09:52.841Z</time>
      </trkpt>
      <trkpt lat="45.415658" lon="6.357893">
        <ele>1514.185506</ele>
        <time>2026-09-03T12:09:57.795Z</time>
      </trkpt>
      <trkpt lat="45.415710" lon="6.358010">
        <ele>1515.060985</ele>
        <time>2026-09-03T12:10:02.832Z</time>
      </trkpt>
      <trkpt lat="45.415750" lon="6.358148">
        <ele>1516.004883</ele>
        <time>2026-09-03T12:10:08.807Z</time>
      </trkpt>
      <trkpt lat="45.415785" lon="6.358278">
        <ele>1516.784582</ele>
        <time>2026-09-03T12:10:13.846Z</time>
      </trkpt>
      <trkpt lat="45.415827" lon="6.358402">
        <ele>1517.295243</ele>
        <time>2026-09-03T12:10:18.832Z</time>
      </trkpt>
      <trkpt lat="45.415887" lon="6.358507">
        <ele>1517.797416</ele>
        <time>2026-09-03T12:10:22.809Z</time>
      </trkpt>
      <trkpt lat="45.415937" lon="6.358628">
        <ele>1518.318196</ele>
        <time>2026-09-03T12:10:28.796Z</time>
      </trkpt>
      <trkpt lat="45.415962" lon="6.358763">
        <ele>1518.836044</ele>
        <time>2026-09-03T12:10:34.814Z</time>
      </trkpt>
      <trkpt lat="45.415988" lon="6.358898">
        <ele>1519.355266</ele>
        <time>2026-09-03T12:10:39.816Z</time>
      </trkpt>
      <trkpt lat="45.415995" lon="6.359032">
        <ele>1519.853649</ele>
        <time>2026-09-03T12:10:44.815Z</time>
      </trkpt>
      <trkpt lat="45.416013" lon="6.359162">
        <ele>1520.345111</ele>
        <time>2026-09-03T12:10:49.825Z</time>
      </trkpt>
      <trkpt lat="45.416047" lon="6.359283">
        <ele>1520.828523</ele>
        <time>2026-09-03T12:10:53.823Z</time>
      </trkpt>
      <trkpt lat="45.416045" lon="6.359413">
        <ele>1521.310811</ele>
        <time>2026-09-03T12:10:58.834Z</time>
      </trkpt>
      <trkpt lat="45.416073" lon="6.359552">
        <ele>1521.847172</ele>
        <time>2026-09-03T12:11:04.815Z</time>
      </trkpt>
      <trkpt lat="45.416062" lon="6.359685">
        <ele>1522.343882</ele>
        <time>2026-09-03T12:11:09.848Z</time>
      </trkpt>
      <trkpt lat="45.416038" lon="6.359815">
        <ele>1522.842451</ele>
        <time>2026-09-03T12:11:14.811Z</time>
      </trkpt>
      <trkpt lat="45.415983" lon="6.359937">
        <ele>1523.380235</ele>
        <time>2026-09-03T12:11:19.848Z</time>
      </trkpt>
      <trkpt lat="45.415943" lon="6.360062">
        <ele>1523.889764</ele>
        <time>2026-09-03T12:11:24.814Z</time>
      </trkpt>
      <trkpt lat="45.415917" lon="6.360193">
        <ele>1524.394694</ele>
        <time>2026-09-03T12:11:29.835Z</time>
      </trkpt>
      <trkpt lat="45.415902" lon="6.360320">
        <ele>1524.872361</ele>
        <time>2026-09-03T12:11:34.841Z</time>
      </trkpt>
      <trkpt lat="45.415888" lon="6.360473">
        <ele>1525.444643</ele>
        <time>2026-09-03T12:11:40.822Z</time>
      </trkpt>
      <trkpt lat="45.415887" lon="6.360612">
        <ele>1525.960224</ele>
        <time>2026-09-03T12:11:45.846Z</time>
      </trkpt>
      <trkpt lat="45.415898" lon="6.360753">
        <ele>1526.843986</ele>
        <time>2026-09-03T12:11:50.810Z</time>
      </trkpt>
      <trkpt lat="45.415903" lon="6.360900">
        <ele>1527.962565</ele>
        <time>2026-09-03T12:11:56.842Z</time>
      </trkpt>
      <trkpt lat="45.415963" lon="6.361028">
        <ele>1529.132397</ele>
        <time>2026-09-03T12:12:02.813Z</time>
      </trkpt>
      <trkpt lat="45.416058" lon="6.361088">
        <ele>1530.257571</ele>
        <time>2026-09-03T12:12:07.843Z</time>
      </trkpt>
      <trkpt lat="45.416148" lon="6.361068">
        <ele>1531.243837</ele>
        <time>2026-09-03T12:12:11.813Z</time>
      </trkpt>
      <trkpt lat="45.416223" lon="6.360990">
        <ele>1532.249274</ele>
        <time>2026-09-03T12:12:15.835Z</time>
      </trkpt>
      <trkpt lat="45.416272" lon="6.360857">
        <ele>1533.390902</ele>
        <time>2026-09-03T12:12:20.843Z</time>
      </trkpt>
      <trkpt lat="45.416318" lon="6.360718">
        <ele>1534.558881</ele>
        <time>2026-09-03T12:12:25.819Z</time>
      </trkpt>
      <trkpt lat="45.416372" lon="6.360608">
        <ele>1535.579092</ele>
        <time>2026-09-03T12:12:30.843Z</time>
      </trkpt>
      <trkpt lat="45.416453" lon="6.360532">
        <ele>1536.629256</ele>
        <time>2026-09-03T12:12:35.809Z</time>
      </trkpt>
      <trkpt lat="45.416537" lon="6.360472">
        <ele>1537.646692</ele>
        <time>2026-09-03T12:12:40.831Z</time>
      </trkpt>
      <trkpt lat="45.416622" lon="6.360403">
        <ele>1538.705962</ele>
        <time>2026-09-03T12:12:45.845Z</time>
      </trkpt>
      <trkpt lat="45.416712" lon="6.360343">
        <ele>1539.781866</ele>
        <time>2026-09-03T12:12:50.819Z</time>
      </trkpt>
      <trkpt lat="45.416793" lon="6.360288">
        <ele>1540.753425</ele>
        <time>2026-09-03T12:12:55.843Z</time>
      </trkpt>
      <trkpt lat="45.416887" lon="6.360222">
        <ele>1541.888116</ele>
        <time>2026-09-03T12:13:01.809Z</time>
      </trkpt>
      <trkpt lat="45.416968" lon="6.360120">
        <ele>1543.058660</ele>
        <time>2026-09-03T12:13:07.841Z</time>
      </trkpt>
      <trkpt lat="45.417055" lon="6.360023">
        <ele>1544.254850</ele>
        <time>2026-09-03T12:13:13.843Z</time>
      </trkpt>
      <trkpt lat="45.417147" lon="6.359947">
        <ele>1545.406342</ele>
        <time>2026-09-03T12:13:18.811Z</time>
      </trkpt>
      <trkpt lat="45.417240" lon="6.359935">
        <ele>1546.491476</ele>
        <time>2026-09-03T12:13:23.845Z</time>
      </trkpt>
      <trkpt lat="45.417332" lon="6.359980">
        <ele>1547.642556</ele>
        <time>2026-09-03T12:13:27.817Z</time>
      </trkpt>
      <trkpt lat="45.417388" lon="6.360090">
        <ele>1548.771284</ele>
        <time>2026-09-03T12:13:33.856Z</time>
      </trkpt>
      <trkpt lat="45.417412" lon="6.360223">
        <ele>1549.911970</ele>
        <time>2026-09-03T12:13:38.820Z</time>
      </trkpt>
      <trkpt lat="45.417407" lon="6.360362">
        <ele>1551.068087</ele>
        <time>2026-09-03T12:13:43.843Z</time>
      </trkpt>
      <trkpt lat="45.417360" lon="6.360482">
        <ele>1552.209537</ele>
        <time>2026-09-03T12:13:48.800Z</time>
      </trkpt>
      <trkpt lat="45.417288" lon="6.360568">
        <ele>1553.321407</ele>
        <time>2026-09-03T12:13:53.838Z</time>
      </trkpt>
      <trkpt lat="45.417200" lon="6.360642">
        <ele>1554.530652</ele>
        <time>2026-09-03T12:13:58.810Z</time>
      </trkpt>
      <trkpt lat="45.417118" lon="6.360718">
        <ele>1555.688294</ele>
        <time>2026-09-03T12:14:04.844Z</time>
      </trkpt>
      <trkpt lat="45.417035" lon="6.360810">
        <ele>1556.932767</ele>
        <time>2026-09-03T12:14:10.812Z</time>
      </trkpt>
      <trkpt lat="45.416978" lon="6.360928">
        <ele>1558.122605</ele>
        <time>2026-09-03T12:14:15.845Z</time>
      </trkpt>
      <trkpt lat="45.416932" lon="6.361055">
        <ele>1559.309702</ele>
        <time>2026-09-03T12:14:20.811Z</time>
      </trkpt>
      <trkpt lat="45.416883" lon="6.361180">
        <ele>1560.498961</ele>
        <time>2026-09-03T12:14:25.839Z</time>
      </trkpt>
      <trkpt lat="45.416847" lon="6.361302">
        <ele>1561.598265</ele>
        <time>2026-09-03T12:14:30.810Z</time>
      </trkpt>
      <trkpt lat="45.416805" lon="6.361427">
        <ele>1562.749411</ele>
        <time>2026-09-03T12:14:35.853Z</time>
      </trkpt>
      <trkpt lat="45.416813" lon="6.361565">
        <ele>1563.899621</ele>
        <time>2026-09-03T12:14:40.814Z</time>
      </trkpt>
      <trkpt lat="45.416812" lon="6.361713">
        <ele>1565.129052</ele>
        <time>2026-09-03T12:14:45.840Z</time>
      </trkpt>
      <trkpt lat="45.416803" lon="6.361850">
        <ele>1566.272026</ele>
        <time>2026-09-03T12:14:50.808Z</time>
      </trkpt>
      <trkpt lat="45.416800" lon="6.361997">
        <ele>1567.338797</ele>
        <time>2026-09-03T12:14:56.843Z</time>
      </trkpt>
      <trkpt lat="45.416778" lon="6.362148">
        <ele>1568.282840</ele>
        <time>2026-09-03T12:15:02.818Z</time>
      </trkpt>
      <trkpt lat="45.416733" lon="6.362262">
        <ele>1569.083463</ele>
        <time>2026-09-03T12:15:07.848Z</time>
      </trkpt>
      <trkpt lat="45.416655" lon="6.362365">
        <ele>1570.010955</ele>
        <time>2026-09-03T12:15:12.818Z</time>
      </trkpt>
      <trkpt lat="45.416547" lon="6.362377">
        <ele>1570.955656</ele>
        <time>2026-09-03T12:15:17.841Z</time>
      </trkpt>
      <trkpt lat="45.416458" lon="6.362330">
        <ele>1571.783411</ele>
        <time>2026-09-03T12:15:22.839Z</time>
      </trkpt>
      <trkpt lat="45.416373" lon="6.362282">
        <ele>1572.580787</ele>
        <time>2026-09-03T12:15:27.810Z</time>
      </trkpt>
      <trkpt lat="45.416270" lon="6.362287">
        <ele>1573.479545</ele>
        <time>2026-09-03T12:15:32.813Z</time>
      </trkpt>
      <trkpt lat="45.416175" lon="6.362332">
        <ele>1574.352612</ele>
        <time>2026-09-03T12:15:37.815Z</time>
      </trkpt>
      <trkpt lat="45.416097" lon="6.362400">
        <ele>1575.150091</ele>
        <time>2026-09-03T12:15:41.805Z</time>
      </trkpt>
      <trkpt lat="45.416033" lon="6.362502">
        <ele>1575.987575</ele>
        <time>2026-09-03T12:15:45.820Z</time>
      </trkpt>
      <trkpt lat="45.415990" lon="6.362622">
        <ele>1576.812340</ele>
        <time>2026-09-03T12:15:49.810Z</time>
      </trkpt>
      <trkpt lat="45.416018" lon="6.362750">
        <ele>1577.633065</ele>
        <time>2026-09-03T12:15:53.804Z</time>
      </trkpt>
      <trkpt lat="45.416090" lon="6.362832">
        <ele>1578.436944</ele>
        <time>2026-09-03T12:15:57.822Z</time>
      </trkpt>
      <trkpt lat="45.416183" lon="6.362902">
        <ele>1579.354216</ele>
        <time>2026-09-03T12:16:02.836Z</time>
      </trkpt>
      <trkpt lat="45.416267" lon="6.362957">
        <ele>1580.160425</ele>
        <time>2026-09-03T12:16:06.810Z</time>
      </trkpt>
      <trkpt lat="45.416350" lon="6.363030">
        <ele>1581.011079</ele>
        <time>2026-09-03T12:16:11.834Z</time>
      </trkpt>
      <trkpt lat="45.416445" lon="6.363102">
        <ele>1581.949494</ele>
        <time>2026-09-03T12:16:16.838Z</time>
      </trkpt>
      <trkpt lat="45.416525" lon="6.363173">
        <ele>1582.761592</ele>
        <time>2026-09-03T12:16:21.850Z</time>
      </trkpt>
      <trkpt lat="45.416608" lon="6.363268">
        <ele>1583.639431</ele>
        <time>2026-09-03T12:16:27.810Z</time>
      </trkpt>
      <trkpt lat="45.416680" lon="6.363347">
        <ele>1584.388727</ele>
        <time>2026-09-03T12:16:32.834Z</time>
      </trkpt>
      <trkpt lat="45.416755" lon="6.363423">
        <ele>1585.147573</ele>
        <time>2026-09-03T12:16:37.842Z</time>
      </trkpt>
      <trkpt lat="45.416865" lon="6.363455">
        <ele>1586.073231</ele>
        <time>2026-09-03T12:16:42.817Z</time>
      </trkpt>
      <trkpt lat="45.416973" lon="6.363477">
        <ele>1586.972740</ele>
        <time>2026-09-03T12:16:47.840Z</time>
      </trkpt>
      <trkpt lat="45.417055" lon="6.363545">
        <ele>1587.755024</ele>
        <time>2026-09-03T12:16:51.813Z</time>
      </trkpt>
      <trkpt lat="45.417132" lon="6.363643">
        <ele>1588.606334</ele>
        <time>2026-09-03T12:16:56.838Z</time>
      </trkpt>
      <trkpt lat="45.417217" lon="6.363730">
        <ele>1589.469274</ele>
        <time>2026-09-03T12:17:01.846Z</time>
      </trkpt>
      <trkpt lat="45.417302" lon="6.363810">
        <ele>1590.309221</ele>
        <time>2026-09-03T12:17:06.819Z</time>
      </trkpt>
      <trkpt lat="45.417395" lon="6.363877">
        <ele>1591.168467</ele>
        <time>2026-09-03T12:17:11.841Z</time>
      </trkpt>
      <trkpt lat="45.417478" lon="6.363948">
        <ele>1591.966684</ele>
        <time>2026-09-03T12:17:16.841Z</time>
      </trkpt>
      <trkpt lat="45.417538" lon="6.364058">
        <ele>1592.772911</ele>
        <time>2026-09-03T12:17:21.809Z</time>
      </trkpt>
      <trkpt lat="45.417605" lon="6.364170">
        <ele>1593.624560</ele>
        <time>2026-09-03T12:17:27.839Z</time>
      </trkpt>
      <trkpt lat="45.417672" lon="6.364263">
        <ele>1594.395822</ele>
        <time>2026-09-03T12:17:32.841Z</time>
      </trkpt>
      <trkpt lat="45.417755" lon="6.364337">
        <ele>1595.203113</ele>
        <time>2026-09-03T12:17:37.844Z</time>
      </trkpt>
      <trkpt lat="45.417837" lon="6.364418">
        <ele>1596.025817</ele>
        <time>2026-09-03T12:17:41.811Z</time>
      </trkpt>
      <trkpt lat="45.417927" lon="6.364490">
        <ele>1596.876851</ele>
        <time>2026-09-03T12:17:46.842Z</time>
      </trkpt>
      <trkpt lat="45.418015" lon="6.364558">
        <ele>1597.646499</ele>
        <time>2026-09-03T12:17:51.811Z</time>
      </trkpt>
      <trkpt lat="45.418105" lon="6.364632">
        <ele>1598.333837</ele>
        <time>2026-09-03T12:17:56.843Z</time>
      </trkpt>
      <trkpt lat="45.418190" lon="6.364713">
        <ele>1599.010254</ele>
        <time>2026-09-03T12:18:01.799Z</time>
      </trkpt>
      <trkpt lat="45.418278" lon="6.364790">
        <ele>1599.693352</ele>
        <time>2026-09-03T12:18:07.845Z</time>
      </trkpt>
      <trkpt lat="45.418370" lon="6.364857">
        <ele>1600.376786</ele>
        <time>2026-09-03T12:18:12.810Z</time>
      </trkpt>
      <trkpt lat="45.418452" lon="6.364920">
        <ele>1600.993020</ele>
        <time>2026-09-03T12:18:17.838Z</time>
      </trkpt>
      <trkpt lat="45.418537" lon="6.364963">
        <ele>1601.589647</ele>
        <time>2026-09-03T12:18:23.815Z</time>
      </trkpt>
      <trkpt lat="45.418635" lon="6.364993">
        <ele>1602.252665</ele>
        <time>2026-09-03T12:18:28.850Z</time>
      </trkpt>
      <trkpt lat="45.418740" lon="6.365010">
        <ele>1602.951660</ele>
        <time>2026-09-03T12:18:34.808Z</time>
      </trkpt>
      <trkpt lat="45.418837" lon="6.365027">
        <ele>1603.598104</ele>
        <time>2026-09-03T12:18:40.841Z</time>
      </trkpt>
      <trkpt lat="45.418933" lon="6.365045">
        <ele>1604.238573</ele>
        <time>2026-09-03T12:18:45.815Z</time>
      </trkpt>
      <trkpt lat="45.419035" lon="6.365073">
        <ele>1604.925664</ele>
        <time>2026-09-03T12:18:49.840Z</time>
      </trkpt>
      <trkpt lat="45.419142" lon="6.365102">
        <ele>1605.646110</ele>
        <time>2026-09-03T12:18:54.811Z</time>
      </trkpt>
      <trkpt lat="45.419237" lon="6.365095">
        <ele>1606.275329</ele>
        <time>2026-09-03T12:18:59.837Z</time>
      </trkpt>
      <trkpt lat="45.419332" lon="6.365102">
        <ele>1606.904548</ele>
        <time>2026-09-03T12:19:04.805Z</time>
      </trkpt>
      <trkpt lat="45.419425" lon="6.365107">
        <ele>1607.520135</ele>
        <time>2026-09-03T12:19:09.844Z</time>
      </trkpt>
      <trkpt lat="45.419513" lon="6.365135">
        <ele>1608.116552</ele>
        <time>2026-09-03T12:19:14.817Z</time>
      </trkpt>
      <trkpt lat="45.419603" lon="6.365188">
        <ele>1608.760710</ele>
        <time>2026-09-03T12:19:19.842Z</time>
      </trkpt>
      <trkpt lat="45.419687" lon="6.365280">
        <ele>1609.532801</ele>
        <time>2026-09-03T12:19:25.825Z</time>
      </trkpt>
      <trkpt lat="45.419743" lon="6.365387">
        <ele>1610.458906</ele>
        <time>2026-09-03T12:19:30.848Z</time>
      </trkpt>
      <trkpt lat="45.419805" lon="6.365497">
        <ele>1611.437782</ele>
        <time>2026-09-03T12:19:35.808Z</time>
      </trkpt>
      <trkpt lat="45.419867" lon="6.365600">
        <ele>1612.379277</ele>
        <time>2026-09-03T12:19:40.843Z</time>
      </trkpt>
      <trkpt lat="45.419930" lon="6.365713">
        <ele>1613.380586</ele>
        <time>2026-09-03T12:19:46.813Z</time>
      </trkpt>
      <trkpt lat="45.419993" lon="6.365818">
        <ele>1614.339051</ele>
        <time>2026-09-03T12:19:52.842Z</time>
      </trkpt>
      <trkpt lat="45.420067" lon="6.365933">
        <ele>1615.421565</ele>
        <time>2026-09-03T12:19:59.815Z</time>
      </trkpt>
      <trkpt lat="45.420155" lon="6.365998">
        <ele>1616.401448</ele>
        <time>2026-09-03T12:20:04.845Z</time>
      </trkpt>
      <trkpt lat="45.420243" lon="6.366027">
        <ele>1617.294335</ele>
        <time>2026-09-03T12:20:08.814Z</time>
      </trkpt>
      <trkpt lat="45.420338" lon="6.366037">
        <ele>1618.236012</ele>
        <time>2026-09-03T12:20:12.846Z</time>
      </trkpt>
      <trkpt lat="45.420448" lon="6.366032">
        <ele>1619.323964</ele>
        <time>2026-09-03T12:20:17.822Z</time>
      </trkpt>
      <trkpt lat="45.420552" lon="6.365993">
        <ele>1620.387067</ele>
        <time>2026-09-03T12:20:22.807Z</time>
      </trkpt>
      <trkpt lat="45.420647" lon="6.365965">
        <ele>1621.346069</ele>
        <time>2026-09-03T12:20:25.810Z</time>
      </trkpt>
      <trkpt lat="45.420748" lon="6.365942">
        <ele>1622.357173</ele>
        <time>2026-09-03T12:20:31.814Z</time>
      </trkpt>
      <trkpt lat="45.420845" lon="6.365932">
        <ele>1623.318568</ele>
        <time>2026-09-03T12:20:36.799Z</time>
      </trkpt>
      <trkpt lat="45.420937" lon="6.365907">
        <ele>1624.244423</ele>
        <time>2026-09-03T12:20:41.817Z</time>
      </trkpt>
      <trkpt lat="45.421038" lon="6.365867">
        <ele>1625.280710</ele>
        <time>2026-09-03T12:20:45.802Z</time>
      </trkpt>
      <trkpt lat="45.421140" lon="6.365850">
        <ele>1626.295901</ele>
        <time>2026-09-03T12:20:49.820Z</time>
      </trkpt>
      <trkpt lat="45.421253" lon="6.365845">
        <ele>1627.347374</ele>
        <time>2026-09-03T12:20:54.842Z</time>
      </trkpt>
      <trkpt lat="45.421345" lon="6.365910">
        <ele>1628.149897</ele>
        <time>2026-09-03T12:21:00.829Z</time>
      </trkpt>
      <trkpt lat="45.421413" lon="6.365997">
        <ele>1628.864133</ele>
        <time>2026-09-03T12:21:06.839Z</time>
      </trkpt>
      <trkpt lat="45.421478" lon="6.366102">
        <ele>1629.632083</ele>
        <time>2026-09-03T12:21:12.840Z</time>
      </trkpt>
      <trkpt lat="45.421568" lon="6.366152">
        <ele>1630.387007</ele>
        <time>2026-09-03T12:21:17.817Z</time>
      </trkpt>
      <trkpt lat="45.421670" lon="6.366147">
        <ele>1631.184601</ele>
        <time>2026-09-03T12:21:22.818Z</time>
      </trkpt>
      <trkpt lat="45.421747" lon="6.366062">
        <ele>1631.945838</ele>
        <time>2026-09-03T12:21:27.810Z</time>
      </trkpt>
      <trkpt lat="45.421793" lon="6.365930">
        <ele>1632.754210</ele>
        <time>2026-09-03T12:21:33.842Z</time>
      </trkpt>
      <trkpt lat="45.421802" lon="6.365797">
        <ele>1633.487119</ele>
        <time>2026-09-03T12:21:38.805Z</time>
      </trkpt>
      <trkpt lat="45.421818" lon="6.365648">
        <ele>1634.313917</ele>
        <time>2026-09-03T12:21:43.835Z</time>
      </trkpt>
      <trkpt lat="45.421827" lon="6.365498">
        <ele>1635.139691</ele>
        <time>2026-09-03T12:21:48.839Z</time>
      </trkpt>
      <trkpt lat="45.421820" lon="6.365360">
        <ele>1635.898617</ele>
        <time>2026-09-03T12:21:53.812Z</time>
      </trkpt>
      <trkpt lat="45.421790" lon="6.365238">
        <ele>1636.607686</ele>
        <time>2026-09-03T12:21:57.836Z</time>
      </trkpt>
      <trkpt lat="45.421773" lon="6.365107">
        <ele>1637.338421</ele>
        <time>2026-09-03T12:22:02.804Z</time>
      </trkpt>
      <trkpt lat="45.421757" lon="6.364968">
        <ele>1638.111043</ele>
        <time>2026-09-03T12:22:07.835Z</time>
      </trkpt>
      <trkpt lat="45.421742" lon="6.364842">
        <ele>1638.812045</ele>
        <time>2026-09-03T12:22:12.818Z</time>
      </trkpt>
      <trkpt lat="45.421750" lon="6.364702">
        <ele>1639.582508</ele>
        <time>2026-09-03T12:22:17.837Z</time>
      </trkpt>
      <trkpt lat="45.421785" lon="6.364560">
        <ele>1640.408031</ele>
        <time>2026-09-03T12:22:23.806Z</time>
      </trkpt>
      <trkpt lat="45.421855" lon="6.364440">
        <ele>1641.284141</ele>
        <time>2026-09-03T12:22:29.839Z</time>
      </trkpt>
      <trkpt lat="45.421922" lon="6.364335">
        <ele>1642.205974</ele>
        <time>2026-09-03T12:22:34.839Z</time>
      </trkpt>
      <trkpt lat="45.421995" lon="6.364225">
        <ele>1643.189384</ele>
        <time>2026-09-03T12:22:39.831Z</time>
      </trkpt>
      <trkpt lat="45.422057" lon="6.364132">
        <ele>1644.022606</ele>
        <time>2026-09-03T12:22:43.851Z</time>
      </trkpt>
      <trkpt lat="45.422122" lon="6.364020">
        <ele>1644.966672</ele>
        <time>2026-09-03T12:22:48.819Z</time>
      </trkpt>
      <trkpt lat="45.422190" lon="6.363903">
        <ele>1645.953463</ele>
        <time>2026-09-03T12:22:54.840Z</time>
      </trkpt>
      <trkpt lat="45.422262" lon="6.363810">
        <ele>1646.852930</ele>
        <time>2026-09-03T12:22:59.809Z</time>
      </trkpt>
      <trkpt lat="45.422338" lon="6.363707">
        <ele>1647.823734</ele>
        <time>2026-09-03T12:23:05.840Z</time>
      </trkpt>
      <trkpt lat="45.422408" lon="6.363597">
        <ele>1648.788275</ele>
        <time>2026-09-03T12:23:11.827Z</time>
      </trkpt>
      <trkpt lat="45.422468" lon="6.363500">
        <ele>1649.628170</ele>
        <time>2026-09-03T12:23:16.844Z</time>
      </trkpt>
      <trkpt lat="45.422542" lon="6.363412">
        <ele>1650.520280</ele>
        <time>2026-09-03T12:23:21.813Z</time>
      </trkpt>
      <trkpt lat="45.422610" lon="6.363313">
        <ele>1651.420102</ele>
        <time>2026-09-03T12:23:26.845Z</time>
      </trkpt>
      <trkpt lat="45.422668" lon="6.363215">
        <ele>1652.252829</ele>
        <time>2026-09-03T12:23:31.819Z</time>
      </trkpt>
      <trkpt lat="45.422740" lon="6.363113">
        <ele>1653.192559</ele>
        <time>2026-09-03T12:23:37.842Z</time>
      </trkpt>
      <trkpt lat="45.422820" lon="6.363025">
        <ele>1654.127977</ele>
        <time>2026-09-03T12:23:43.817Z</time>
      </trkpt>
      <trkpt lat="45.422905" lon="6.362950">
        <ele>1655.053320</ele>
        <time>2026-09-03T12:23:48.841Z</time>
      </trkpt>
      <trkpt lat="45.422992" lon="6.362878">
        <ele>1655.984511</ele>
        <time>2026-09-03T12:23:53.840Z</time>
      </trkpt>
      <trkpt lat="45.423083" lon="6.362847">
        <ele>1656.850481</ele>
        <time>2026-09-03T12:23:58.804Z</time>
      </trkpt>
      <trkpt lat="45.423173" lon="6.362812">
        <ele>1657.713928</ele>
        <time>2026-09-03T12:24:03.843Z</time>
      </trkpt>
      <trkpt lat="45.423263" lon="6.362773">
        <ele>1658.697158</ele>
        <time>2026-09-03T12:24:08.803Z</time>
      </trkpt>
      <trkpt lat="45.423350" lon="6.362735">
        <ele>1659.660362</ele>
        <time>2026-09-03T12:24:13.841Z</time>
      </trkpt>
      <trkpt lat="45.423438" lon="6.362670">
        <ele>1660.709584</ele>
        <time>2026-09-03T12:24:18.819Z</time>
      </trkpt>
      <trkpt lat="45.423512" lon="6.362567">
        <ele>1661.804621</ele>
        <time>2026-09-03T12:24:23.847Z</time>
      </trkpt>
      <trkpt lat="45.423538" lon="6.362435">
        <ele>1662.823169</ele>
        <time>2026-09-03T12:24:28.794Z</time>
      </trkpt>
      <trkpt lat="45.423520" lon="6.362290">
        <ele>1663.917132</ele>
        <time>2026-09-03T12:24:33.840Z</time>
      </trkpt>
      <trkpt lat="45.423453" lon="6.362177">
        <ele>1665.016103</ele>
        <time>2026-09-03T12:24:38.816Z</time>
      </trkpt>
      <trkpt lat="45.423370" lon="6.362092">
        <ele>1666.098069</ele>
        <time>2026-09-03T12:24:43.834Z</time>
      </trkpt>
      <trkpt lat="45.423290" lon="6.362012">
        <ele>1667.132634</ele>
        <time>2026-09-03T12:24:48.829Z</time>
      </trkpt>
      <trkpt lat="45.423210" lon="6.361928">
        <ele>1668.184554</ele>
        <time>2026-09-03T12:24:53.841Z</time>
      </trkpt>
      <trkpt lat="45.423150" lon="6.361823">
        <ele>1669.190476</ele>
        <time>2026-09-03T12:24:58.813Z</time>
      </trkpt>
      <trkpt lat="45.423123" lon="6.361700">
        <ele>1670.147931</ele>
        <time>2026-09-03T12:25:03.840Z</time>
      </trkpt>
      <trkpt lat="45.423123" lon="6.361568">
        <ele>1671.128600</ele>
        <time>2026-09-03T12:25:08.803Z</time>
      </trkpt>
      <trkpt lat="45.423143" lon="6.361435">
        <ele>1672.139123</ele>
        <time>2026-09-03T12:25:13.813Z</time>
      </trkpt>
      <trkpt lat="45.423180" lon="6.361312">
        <ele>1673.133320</ele>
        <time>2026-09-03T12:25:18.810Z</time>
      </trkpt>
      <trkpt lat="45.423213" lon="6.361188">
        <ele>1674.118554</ele>
        <time>2026-09-03T12:25:23.847Z</time>
      </trkpt>
      <trkpt lat="45.423237" lon="6.361040">
        <ele>1675.247056</ele>
        <time>2026-09-03T12:25:29.803Z</time>
      </trkpt>
      <trkpt lat="45.423247" lon="6.360888">
        <ele>1676.381260</ele>
        <time>2026-09-03T12:25:35.841Z</time>
      </trkpt>
      <trkpt lat="45.423247" lon="6.360743">
        <ele>1677.354678</ele>
        <time>2026-09-03T12:25:40.818Z</time>
      </trkpt>
      <trkpt lat="45.423205" lon="6.360588">
        <ele>1678.381897</ele>
        <time>2026-09-03T12:25:45.840Z</time>
      </trkpt>
      <trkpt lat="45.423163" lon="6.360460">
        <ele>1679.255463</ele>
        <time>2026-09-03T12:25:49.840Z</time>
      </trkpt>
      <trkpt lat="45.423132" lon="6.360323">
        <ele>1680.145393</ele>
        <time>2026-09-03T12:25:54.842Z</time>
      </trkpt>
      <trkpt lat="45.423085" lon="6.360183">
        <ele>1681.104858</ele>
        <time>2026-09-03T12:25:59.811Z</time>
      </trkpt>
      <trkpt lat="45.423045" lon="6.360053">
        <ele>1681.982423</ele>
        <time>2026-09-03T12:26:04.813Z</time>
      </trkpt>
      <trkpt lat="45.423023" lon="6.359912">
        <ele>1682.875435</ele>
        <time>2026-09-03T12:26:10.798Z</time>
      </trkpt>
      <trkpt lat="45.423050" lon="6.359775">
        <ele>1683.755194</ele>
        <time>2026-09-03T12:26:15.805Z</time>
      </trkpt>
      <trkpt lat="45.423092" lon="6.359655">
        <ele>1684.584221</ele>
        <time>2026-09-03T12:26:19.831Z</time>
      </trkpt>
      <trkpt lat="45.423188" lon="6.359620">
        <ele>1685.457097</ele>
        <time>2026-09-03T12:26:25.815Z</time>
      </trkpt>
      <trkpt lat="45.423258" lon="6.359723">
        <ele>1686.343499</ele>
        <time>2026-09-03T12:26:31.804Z</time>
      </trkpt>
      <trkpt lat="45.423273" lon="6.359872">
        <ele>1687.274114</ele>
        <time>2026-09-03T12:26:36.838Z</time>
      </trkpt>
      <trkpt lat="45.423288" lon="6.360000">
        <ele>1688.076425</ele>
        <time>2026-09-03T12:26:41.819Z</time>
      </trkpt>
      <trkpt lat="45.423315" lon="6.360135">
        <ele>1688.944282</ele>
        <time>2026-09-03T12:26:46.814Z</time>
      </trkpt>
      <trkpt lat="45.423372" lon="6.360253">
        <ele>1689.829895</ele>
        <time>2026-09-03T12:26:51.837Z</time>
      </trkpt>
      <trkpt lat="45.423447" lon="6.360360">
        <ele>1690.764811</ele>
        <time>2026-09-03T12:26:56.810Z</time>
      </trkpt>
      <trkpt lat="45.423535" lon="6.360428">
        <ele>1691.646636</ele>
        <time>2026-09-03T12:27:01.843Z</time>
      </trkpt>
      <trkpt lat="45.423620" lon="6.360502">
        <ele>1692.524081</ele>
        <time>2026-09-03T12:27:06.807Z</time>
      </trkpt>
      <trkpt lat="45.423692" lon="6.360580">
        <ele>1693.179253</ele>
        <time>2026-09-03T12:27:11.851Z</time>
      </trkpt>
      <trkpt lat="45.423788" lon="6.360652">
        <ele>1693.922641</ele>
        <time>2026-09-03T12:27:17.819Z</time>
      </trkpt>
      <trkpt lat="45.423873" lon="6.360715">
        <ele>1694.579177</ele>
        <time>2026-09-03T12:27:22.841Z</time>
      </trkpt>
      <trkpt lat="45.423963" lon="6.360795">
        <ele>1695.306055</ele>
        <time>2026-09-03T12:27:28.808Z</time>
      </trkpt>
      <trkpt lat="45.424045" lon="6.360862">
        <ele>1695.953776</ele>
        <time>2026-09-03T12:27:33.834Z</time>
      </trkpt>
      <trkpt lat="45.424125" lon="6.360935">
        <ele>1696.604742</ele>
        <time>2026-09-03T12:27:38.835Z</time>
      </trkpt>
      <trkpt lat="45.424218" lon="6.361008">
        <ele>1697.332311</ele>
        <time>2026-09-03T12:27:44.811Z</time>
      </trkpt>
      <trkpt lat="45.424298" lon="6.361083">
        <ele>1697.988514</ele>
        <time>2026-09-03T12:27:49.846Z</time>
      </trkpt>
      <trkpt lat="45.424370" lon="6.361167">
        <ele>1698.626170</ele>
        <time>2026-09-03T12:27:54.817Z</time>
      </trkpt>
      <trkpt lat="45.424450" lon="6.361257">
        <ele>1699.324631</ele>
        <time>2026-09-03T12:27:59.807Z</time>
      </trkpt>
      <trkpt lat="45.424530" lon="6.361348">
        <ele>1700.026081</ele>
        <time>2026-09-03T12:28:05.845Z</time>
      </trkpt>
      <trkpt lat="45.424610" lon="6.361450">
        <ele>1700.761699</ele>
        <time>2026-09-03T12:28:11.805Z</time>
      </trkpt>
      <trkpt lat="45.424680" lon="6.361563">
        <ele>1701.486546</ele>
        <time>2026-09-03T12:28:17.846Z</time>
      </trkpt>
      <trkpt lat="45.424747" lon="6.361653">
        <ele>1702.117511</ele>
        <time>2026-09-03T12:28:22.817Z</time>
      </trkpt>
      <trkpt lat="45.424805" lon="6.361753">
        <ele>1702.741400</ele>
        <time>2026-09-03T12:28:27.846Z</time>
      </trkpt>
      <trkpt lat="45.424888" lon="6.361853">
        <ele>1703.486214</ele>
        <time>2026-09-03T12:28:33.810Z</time>
      </trkpt>
      <trkpt lat="45.424955" lon="6.361950">
        <ele>1704.140730</ele>
        <time>2026-09-03T12:28:38.845Z</time>
      </trkpt>
      <trkpt lat="45.425023" lon="6.362063">
        <ele>1704.856579</ele>
        <time>2026-09-03T12:28:44.810Z</time>
      </trkpt>
      <trkpt lat="45.425092" lon="6.362170">
        <ele>1705.806850</ele>
        <time>2026-09-03T12:28:50.842Z</time>
      </trkpt>
      <trkpt lat="45.425158" lon="6.362267">
        <ele>1706.755151</ele>
        <time>2026-09-03T12:28:55.847Z</time>
      </trkpt>
      <trkpt lat="45.425223" lon="6.362373">
        <ele>1707.743172</ele>
        <time>2026-09-03T12:29:00.809Z</time>
      </trkpt>
      <trkpt lat="45.425292" lon="6.362465">
        <ele>1708.688277</ele>
        <time>2026-09-03T12:29:05.843Z</time>
      </trkpt>
      <trkpt lat="45.425367" lon="6.362553">
        <ele>1709.659960</ele>
        <time>2026-09-03T12:29:10.849Z</time>
      </trkpt>
      <trkpt lat="45.425433" lon="6.362650">
        <ele>1710.608259</ele>
        <time>2026-09-03T12:29:15.816Z</time>
      </trkpt>
      <trkpt lat="45.425483" lon="6.362757">
        <ele>1711.510554</ele>
        <time>2026-09-03T12:29:20.850Z</time>
      </trkpt>
      <trkpt lat="45.425525" lon="6.362895">
        <ele>1712.566354</ele>
        <time>2026-09-03T12:29:25.819Z</time>
      </trkpt>
      <trkpt lat="45.425538" lon="6.363033">
        <ele>1713.543685</ele>
        <time>2026-09-03T12:29:30.834Z</time>
      </trkpt>
      <trkpt lat="45.425500" lon="6.363175">
        <ele>1714.610402</ele>
        <time>2026-09-03T12:29:36.842Z</time>
      </trkpt>
      <trkpt lat="45.425452" lon="6.363307">
        <ele>1715.653912</ele>
        <time>2026-09-03T12:29:42.811Z</time>
      </trkpt>
      <trkpt lat="45.425420" lon="6.363437">
        <ele>1716.620900</ele>
        <time>2026-09-03T12:29:47.824Z</time>
      </trkpt>
      <trkpt lat="45.425387" lon="6.363575">
        <ele>1717.644228</ele>
        <time>2026-09-03T12:29:52.838Z</time>
      </trkpt>
      <trkpt lat="45.425360" lon="6.363713">
        <ele>1718.649810</ele>
        <time>2026-09-03T12:29:57.808Z</time>
      </trkpt>
      <trkpt lat="45.425325" lon="6.363833">
        <ele>1719.561951</ele>
        <time>2026-09-03T12:30:02.849Z</time>
      </trkpt>
      <trkpt lat="45.425295" lon="6.363957">
        <ele>1720.482593</ele>
        <time>2026-09-03T12:30:07.809Z</time>
      </trkpt>
      <trkpt lat="45.425252" lon="6.364075">
        <ele>1721.415848</ele>
        <time>2026-09-03T12:30:12.842Z</time>
      </trkpt>
      <trkpt lat="45.425220" lon="6.364198">
        <ele>1722.336618</ele>
        <time>2026-09-03T12:30:17.831Z</time>
      </trkpt>
      <trkpt lat="45.425182" lon="6.364327">
        <ele>1723.278774</ele>
        <time>2026-09-03T12:30:22.837Z</time>
      </trkpt>
      <trkpt lat="45.425137" lon="6.364465">
        <ele>1724.214674</ele>
        <time>2026-09-03T12:30:28.814Z</time>
      </trkpt>
      <trkpt lat="45.425102" lon="6.364583">
        <ele>1725.002578</ele>
        <time>2026-09-03T12:30:33.840Z</time>
      </trkpt>
      <trkpt lat="45.425050" lon="6.364698">
        <ele>1725.843965</ele>
        <time>2026-09-03T12:30:38.809Z</time>
      </trkpt>
      <trkpt lat="45.424972" lon="6.364800">
        <ele>1726.771753</ele>
        <time>2026-09-03T12:30:43.841Z</time>
      </trkpt>
      <trkpt lat="45.424895" lon="6.364885">
        <ele>1727.625352</ele>
        <time>2026-09-03T12:30:48.810Z</time>
      </trkpt>
      <trkpt lat="45.424830" lon="6.364975">
        <ele>1728.419627</ele>
        <time>2026-09-03T12:30:53.846Z</time>
      </trkpt>
      <trkpt lat="45.424795" lon="6.365095">
        <ele>1729.218880</ele>
        <time>2026-09-03T12:30:58.810Z</time>
      </trkpt>
      <trkpt lat="45.424802" lon="6.365233">
        <ele>1730.069862</ele>
        <time>2026-09-03T12:31:03.842Z</time>
      </trkpt>
      <trkpt lat="45.424815" lon="6.365375">
        <ele>1730.950630</ele>
        <time>2026-09-03T12:31:08.814Z</time>
      </trkpt>
      <trkpt lat="45.424835" lon="6.365525">
        <ele>1731.889703</ele>
        <time>2026-09-03T12:31:13.843Z</time>
      </trkpt>
      <trkpt lat="45.424860" lon="6.365675">
        <ele>1732.837932</ele>
        <time>2026-09-03T12:31:18.811Z</time>
      </trkpt>
      <trkpt lat="45.424872" lon="6.365818">
        <ele>1733.723715</ele>
        <time>2026-09-03T12:31:23.841Z</time>
      </trkpt>
      <trkpt lat="45.424842" lon="6.365942">
        <ele>1734.530416</ele>
        <time>2026-09-03T12:31:27.842Z</time>
      </trkpt>
      <trkpt lat="45.424742" lon="6.365998">
        <ele>1735.472004</ele>
        <time>2026-09-03T12:31:32.807Z</time>
      </trkpt>
      <trkpt lat="45.424652" lon="6.366005">
        <ele>1736.261877</ele>
        <time>2026-09-03T12:31:36.846Z</time>
      </trkpt>
      <trkpt lat="45.424543" lon="6.366003">
        <ele>1737.217158</ele>
        <time>2026-09-03T12:31:41.815Z</time>
      </trkpt>
      <trkpt lat="45.424433" lon="6.366013">
        <ele>1738.183083</ele>
        <time>2026-09-03T12:31:46.843Z</time>
      </trkpt>
      <trkpt lat="45.424327" lon="6.366055">
        <ele>1739.138250</ele>
        <time>2026-09-03T12:31:51.809Z</time>
      </trkpt>
      <trkpt lat="45.424233" lon="6.366123">
        <ele>1740.040704</ele>
        <time>2026-09-03T12:31:56.845Z</time>
      </trkpt>
      <trkpt lat="45.424163" lon="6.366228">
        <ele>1740.910792</ele>
        <time>2026-09-03T12:32:01.807Z</time>
      </trkpt>
      <trkpt lat="45.424122" lon="6.366355">
        <ele>1741.750678</ele>
        <time>2026-09-03T12:32:06.842Z</time>
      </trkpt>
      <trkpt lat="45.424118" lon="6.366498">
        <ele>1742.610525</ele>
        <time>2026-09-03T12:32:11.811Z</time>
      </trkpt>
      <trkpt lat="45.424132" lon="6.366638">
        <ele>1743.460161</ele>
        <time>2026-09-03T12:32:16.839Z</time>
      </trkpt>
      <trkpt lat="45.424160" lon="6.366767">
        <ele>1744.271430</ele>
        <time>2026-09-03T12:32:21.814Z</time>
      </trkpt>
      <trkpt lat="45.424202" lon="6.366897">
        <ele>1745.131267</ele>
        <time>2026-09-03T12:32:26.841Z</time>
      </trkpt>
      <trkpt lat="45.424245" lon="6.367023">
        <ele>1745.973041</ele>
        <time>2026-09-03T12:32:31.845Z</time>
      </trkpt>
      <trkpt lat="45.424300" lon="6.367143">
        <ele>1746.834134</ele>
        <time>2026-09-03T12:32:36.818Z</time>
      </trkpt>
      <trkpt lat="45.424348" lon="6.367257">
        <ele>1747.632860</ele>
        <time>2026-09-03T12:32:41.847Z</time>
      </trkpt>
      <trkpt lat="45.424418" lon="6.367368">
        <ele>1748.529427</ele>
        <time>2026-09-03T12:32:47.817Z</time>
      </trkpt>
      <trkpt lat="45.424490" lon="6.367472">
        <ele>1749.407104</ele>
        <time>2026-09-03T12:32:53.849Z</time>
      </trkpt>
      <trkpt lat="45.424557" lon="6.367572">
        <ele>1750.237725</ele>
        <time>2026-09-03T12:32:58.803Z</time>
      </trkpt>
      <trkpt lat="45.424628" lon="6.367678">
        <ele>1751.118064</ele>
        <time>2026-09-03T12:33:03.808Z</time>
      </trkpt>
      <trkpt lat="45.424683" lon="6.367795">
        <ele>1751.964119</ele>
        <time>2026-09-03T12:33:08.839Z</time>
      </trkpt>
      <trkpt lat="45.424728" lon="6.367908">
        <ele>1752.744707</ele>
        <time>2026-09-03T12:33:13.808Z</time>
      </trkpt>
      <trkpt lat="45.424785" lon="6.368032">
        <ele>1753.635278</ele>
        <time>2026-09-03T12:33:18.844Z</time>
      </trkpt>
      <trkpt lat="45.424820" lon="6.368167">
        <ele>1754.488994</ele>
        <time>2026-09-03T12:33:23.807Z</time>
      </trkpt>
      <trkpt lat="45.424863" lon="6.368283">
        <ele>1755.252093</ele>
        <time>2026-09-03T12:33:28.846Z</time>
      </trkpt>
      <trkpt lat="45.424908" lon="6.368403">
        <ele>1756.043517</ele>
        <time>2026-09-03T12:33:33.816Z</time>
      </trkpt>
      <trkpt lat="45.424968" lon="6.368527">
        <ele>1756.919625</ele>
        <time>2026-09-03T12:33:39.846Z</time>
      </trkpt>
      <trkpt lat="45.425028" lon="6.368637">
        <ele>1757.730005</ele>
        <time>2026-09-03T12:33:44.823Z</time>
      </trkpt>
      <trkpt lat="45.425098" lon="6.368753">
        <ele>1758.619892</ele>
        <time>2026-09-03T12:33:49.842Z</time>
      </trkpt>
      <trkpt lat="45.425160" lon="6.368872">
        <ele>1759.481989</ele>
        <time>2026-09-03T12:33:54.804Z</time>
      </trkpt>
      <trkpt lat="45.425178" lon="6.369032">
        <ele>1760.424575</ele>
        <time>2026-09-03T12:33:59.820Z</time>
      </trkpt>
      <trkpt lat="45.425132" lon="6.369152">
        <ele>1761.219936</ele>
        <time>2026-09-03T12:34:04.809Z</time>
      </trkpt>
      <trkpt lat="45.425063" lon="6.369262">
        <ele>1762.078112</ele>
        <time>2026-09-03T12:34:10.812Z</time>
      </trkpt>
      <trkpt lat="45.424997" lon="6.369353">
        <ele>1762.839311</ele>
        <time>2026-09-03T12:34:15.807Z</time>
      </trkpt>
      <trkpt lat="45.424932" lon="6.369452">
        <ele>1763.627892</ele>
        <time>2026-09-03T12:34:20.809Z</time>
      </trkpt>
      <trkpt lat="45.424892" lon="6.369573">
        <ele>1764.405909</ele>
        <time>2026-09-03T12:34:25.834Z</time>
      </trkpt>
      <trkpt lat="45.424865" lon="6.369723">
        <ele>1765.306689</ele>
        <time>2026-09-03T12:34:30.840Z</time>
      </trkpt>
      <trkpt lat="45.424848" lon="6.369862">
        <ele>1766.127429</ele>
        <time>2026-09-03T12:34:35.810Z</time>
      </trkpt>
      <trkpt lat="45.424845" lon="6.370005">
        <ele>1766.959623</ele>
        <time>2026-09-03T12:34:40.843Z</time>
      </trkpt>
      <trkpt lat="45.424843" lon="6.370145">
        <ele>1767.774164</ele>
        <time>2026-09-03T12:34:45.816Z</time>
      </trkpt>
      <trkpt lat="45.424852" lon="6.370282">
        <ele>1768.574569</ele>
        <time>2026-09-03T12:34:50.835Z</time>
      </trkpt>
      <trkpt lat="45.424870" lon="6.370413">
        <ele>1769.308639</ele>
        <time>2026-09-03T12:34:55.824Z</time>
      </trkpt>
      <trkpt lat="45.424908" lon="6.370560">
        <ele>1770.085606</ele>
        <time>2026-09-03T12:35:01.845Z</time>
      </trkpt>
      <trkpt lat="45.424947" lon="6.370683">
        <ele>1770.755024</ele>
        <time>2026-09-03T12:35:06.811Z</time>
      </trkpt>
      <trkpt lat="45.424977" lon="6.370808">
        <ele>1771.410240</ele>
        <time>2026-09-03T12:35:11.835Z</time>
      </trkpt>
      <trkpt lat="45.425010" lon="6.370928">
        <ele>1772.049467</ele>
        <time>2026-09-03T12:35:16.851Z</time>
      </trkpt>
      <trkpt lat="45.425032" lon="6.371060">
        <ele>1772.722361</ele>
        <time>2026-09-03T12:35:21.812Z</time>
      </trkpt>
      <trkpt lat="45.425067" lon="6.371190">
        <ele>1773.412942</ele>
        <time>2026-09-03T12:35:26.845Z</time>
      </trkpt>
      <trkpt lat="45.425100" lon="6.371342">
        <ele>1774.202069</ele>
        <time>2026-09-03T12:35:31.808Z</time>
      </trkpt>
      <trkpt lat="45.425140" lon="6.371463">
        <ele>1774.865437</ele>
        <time>2026-09-03T12:35:35.841Z</time>
      </trkpt>
      <trkpt lat="45.425170" lon="6.371593">
        <ele>1775.544163</ele>
        <time>2026-09-03T12:35:39.808Z</time>
      </trkpt>
      <trkpt lat="45.425207" lon="6.371733">
        <ele>1776.286125</ele>
        <time>2026-09-03T12:35:43.843Z</time>
      </trkpt>
      <trkpt lat="45.425263" lon="6.371843">
        <ele>1776.960111</ele>
        <time>2026-09-03T12:35:47.840Z</time>
      </trkpt>
      <trkpt lat="45.425327" lon="6.371967">
        <ele>1777.723514</ele>
        <time>2026-09-03T12:35:52.819Z</time>
      </trkpt>
      <trkpt lat="45.425388" lon="6.372082">
        <ele>1778.438458</ele>
        <time>2026-09-03T12:35:57.844Z</time>
      </trkpt>
      <trkpt lat="45.425437" lon="6.372198">
        <ele>1779.109953</ele>
        <time>2026-09-03T12:36:02.805Z</time>
      </trkpt>
      <trkpt lat="45.425485" lon="6.372318">
        <ele>1779.794995</ele>
        <time>2026-09-03T12:36:07.843Z</time>
      </trkpt>
      <trkpt lat="45.425533" lon="6.372440">
        <ele>1780.488672</ele>
        <time>2026-09-03T12:36:12.812Z</time>
      </trkpt>
      <trkpt lat="45.425587" lon="6.372545">
        <ele>1781.134290</ele>
        <time>2026-09-03T12:36:17.845Z</time>
      </trkpt>
      <trkpt lat="45.425635" lon="6.372653">
        <ele>1781.768308</ele>
        <time>2026-09-03T12:36:22.814Z</time>
      </trkpt>
      <trkpt lat="45.425685" lon="6.372772">
        <ele>1782.318729</ele>
        <time>2026-09-03T12:36:27.844Z</time>
      </trkpt>
      <trkpt lat="45.425753" lon="6.372880">
        <ele>1782.893373</ele>
        <time>2026-09-03T12:36:32.807Z</time>
      </trkpt>
      <trkpt lat="45.425812" lon="6.372983">
        <ele>1783.419935</ele>
        <time>2026-09-03T12:36:36.811Z</time>
      </trkpt>
      <trkpt lat="45.425872" lon="6.373092">
        <ele>1783.968579</ele>
        <time>2026-09-03T12:36:40.802Z</time>
      </trkpt>
      <trkpt lat="45.425885" lon="6.373242">
        <ele>1784.567175</ele>
        <time>2026-09-03T12:36:45.805Z</time>
      </trkpt>
      <trkpt lat="45.425847" lon="6.373375">
        <ele>1785.135905</ele>
        <time>2026-09-03T12:36:49.812Z</time>
      </trkpt>
      <trkpt lat="45.425787" lon="6.373482">
        <ele>1785.678338</ele>
        <time>2026-09-03T12:36:53.811Z</time>
      </trkpt>
      <trkpt lat="45.425728" lon="6.373610">
        <ele>1786.284848</ele>
        <time>2026-09-03T12:36:58.814Z</time>
      </trkpt>
      <trkpt lat="45.425692" lon="6.373758">
        <ele>1786.905219</ele>
        <time>2026-09-03T12:37:03.811Z</time>
      </trkpt>
      <trkpt lat="45.425692" lon="6.373898">
        <ele>1787.459699</ele>
        <time>2026-09-03T12:37:07.810Z</time>
      </trkpt>
      <trkpt lat="45.425738" lon="6.374033">
        <ele>1788.054060</ele>
        <time>2026-09-03T12:37:12.801Z</time>
      </trkpt>
      <trkpt lat="45.425825" lon="6.374083">
        <ele>1788.583449</ele>
        <time>2026-09-03T12:37:17.851Z</time>
      </trkpt>
      <trkpt lat="45.425927" lon="6.374063">
        <ele>1789.164478</ele>
        <time>2026-09-03T12:37:22.829Z</time>
      </trkpt>
      <trkpt lat="45.426007" lon="6.373980">
        <ele>1789.722932</ele>
        <time>2026-09-03T12:37:26.838Z</time>
      </trkpt>
      <trkpt lat="45.426067" lon="6.373863">
        <ele>1790.296838</ele>
        <time>2026-09-03T12:37:31.840Z</time>
      </trkpt>
      <trkpt lat="45.426080" lon="6.373707">
        <ele>1790.919023</ele>
        <time>2026-09-03T12:37:36.843Z</time>
      </trkpt>
      <trkpt lat="45.426173" lon="6.373623">
        <ele>1791.540401</ele>
        <time>2026-09-03T12:38:07.811Z</time>
      </trkpt>
      <trkpt lat="45.426208" lon="6.373502">
        <ele>1792.182976</ele>
        <time>2026-09-03T12:38:10.809Z</time>
      </trkpt>
      <trkpt lat="45.426235" lon="6.373347">
        <ele>1793.398184</ele>
        <time>2026-09-03T12:38:14.793Z</time>
      </trkpt>
      <trkpt lat="45.426280" lon="6.373218">
        <ele>1794.494332</ele>
        <time>2026-09-03T12:38:19.817Z</time>
      </trkpt>
      <trkpt lat="45.426292" lon="6.373068">
        <ele>1795.643099</ele>
        <time>2026-09-03T12:38:24.810Z</time>
      </trkpt>
      <trkpt lat="45.426300" lon="6.372915">
        <ele>1796.810529</ele>
        <time>2026-09-03T12:38:30.800Z</time>
      </trkpt>
      <trkpt lat="45.426283" lon="6.372775">
        <ele>1797.891639</ele>
        <time>2026-09-03T12:38:35.806Z</time>
      </trkpt>
      <trkpt lat="45.426280" lon="6.372638">
        <ele>1798.934603</ele>
        <time>2026-09-03T12:38:40.815Z</time>
      </trkpt>
      <trkpt lat="45.426250" lon="6.372502">
        <ele>1800.019362</ele>
        <time>2026-09-03T12:38:45.812Z</time>
      </trkpt>
      <trkpt lat="45.426222" lon="6.372370">
        <ele>1801.068648</ele>
        <time>2026-09-03T12:38:50.831Z</time>
      </trkpt>
      <trkpt lat="45.426188" lon="6.372228">
        <ele>1802.210302</ele>
        <time>2026-09-03T12:38:56.804Z</time>
      </trkpt>
      <trkpt lat="45.426158" lon="6.372092">
        <ele>1803.295063</ele>
        <time>2026-09-03T12:39:01.842Z</time>
      </trkpt>
      <trkpt lat="45.426127" lon="6.371948">
        <ele>1804.441175</ele>
        <time>2026-09-03T12:39:07.804Z</time>
      </trkpt>
      <trkpt lat="45.426088" lon="6.371832">
        <ele>1805.419894</ele>
        <time>2026-09-03T12:39:12.835Z</time>
      </trkpt>
      <trkpt lat="45.426050" lon="6.371708">
        <ele>1806.449461</ele>
        <time>2026-09-03T12:39:17.846Z</time>
      </trkpt>
      <trkpt lat="45.426007" lon="6.371567">
        <ele>1807.619271</ele>
        <time>2026-09-03T12:39:23.821Z</time>
      </trkpt>
      <trkpt lat="45.425973" lon="6.371435">
        <ele>1808.689195</ele>
        <time>2026-09-03T12:39:28.855Z</time>
      </trkpt>
      <trkpt lat="45.425955" lon="6.371298">
        <ele>1809.749767</ele>
        <time>2026-09-03T12:39:33.813Z</time>
      </trkpt>
      <trkpt lat="45.425948" lon="6.371152">
        <ele>1810.863301</ele>
        <time>2026-09-03T12:39:39.846Z</time>
      </trkpt>
      <trkpt lat="45.425942" lon="6.371020">
        <ele>1811.753193</ele>
        <time>2026-09-03T12:39:44.808Z</time>
      </trkpt>
      <trkpt lat="45.425955" lon="6.370888">
        <ele>1812.501710</ele>
        <time>2026-09-03T12:39:49.843Z</time>
      </trkpt>
      <trkpt lat="45.425985" lon="6.370763">
        <ele>1813.243563</ele>
        <time>2026-09-03T12:39:54.816Z</time>
      </trkpt>
      <trkpt lat="45.426042" lon="6.370633">
        <ele>1814.104340</ele>
        <time>2026-09-03T12:40:00.843Z</time>
      </trkpt>
      <trkpt lat="45.426110" lon="6.370517">
        <ele>1814.953080</ele>
        <time>2026-09-03T12:40:06.811Z</time>
      </trkpt>
      <trkpt lat="45.426178" lon="6.370402">
        <ele>1815.797518</ele>
        <time>2026-09-03T12:40:12.810Z</time>
      </trkpt>
      <trkpt lat="45.426240" lon="6.370307">
        <ele>1816.526005</ele>
        <time>2026-09-03T12:40:17.840Z</time>
      </trkpt>
      <trkpt lat="45.426295" lon="6.370205">
        <ele>1817.248325</ele>
        <time>2026-09-03T12:40:22.800Z</time>
      </trkpt>
      <trkpt lat="45.426357" lon="6.370083">
        <ele>1818.094168</ele>
        <time>2026-09-03T12:40:28.842Z</time>
      </trkpt>
      <trkpt lat="45.426405" lon="6.369967">
        <ele>1818.850361</ele>
        <time>2026-09-03T12:40:33.810Z</time>
      </trkpt>
      <trkpt lat="45.426447" lon="6.369843">
        <ele>1819.623536</ele>
        <time>2026-09-03T12:40:38.811Z</time>
      </trkpt>
      <trkpt lat="45.426500" lon="6.369733">
        <ele>1820.372800</ele>
        <time>2026-09-03T12:40:43.815Z</time>
      </trkpt>
      <trkpt lat="45.426547" lon="6.369618">
        <ele>1821.120101</ele>
        <time>2026-09-03T12:40:48.815Z</time>
      </trkpt>
      <trkpt lat="45.426607" lon="6.369515">
        <ele>1821.871778</ele>
        <time>2026-09-03T12:40:53.813Z</time>
      </trkpt>
      <trkpt lat="45.426675" lon="6.369422">
        <ele>1822.625945</ele>
        <time>2026-09-03T12:40:58.842Z</time>
      </trkpt>
      <trkpt lat="45.426740" lon="6.369330">
        <ele>1823.359014</ele>
        <time>2026-09-03T12:41:03.809Z</time>
      </trkpt>
      <trkpt lat="45.426830" lon="6.369278">
        <ele>1824.136084</ele>
        <time>2026-09-03T12:41:08.814Z</time>
      </trkpt>
      <trkpt lat="45.426913" lon="6.369228">
        <ele>1824.857107</ele>
        <time>2026-09-03T12:41:13.798Z</time>
      </trkpt>
      <trkpt lat="45.427005" lon="6.369188">
        <ele>1825.626735</ele>
        <time>2026-09-03T12:41:18.814Z</time>
      </trkpt>
      <trkpt lat="45.427103" lon="6.369123">
        <ele>1826.551320</ele>
        <time>2026-09-03T12:41:24.817Z</time>
      </trkpt>
      <trkpt lat="45.427185" lon="6.369058">
        <ele>1827.368443</ele>
        <time>2026-09-03T12:41:29.807Z</time>
      </trkpt>
      <trkpt lat="45.427267" lon="6.368975">
        <ele>1828.244337</ele>
        <time>2026-09-03T12:41:35.836Z</time>
      </trkpt>
      <trkpt lat="45.427347" lon="6.368880">
        <ele>1829.151199</ele>
        <time>2026-09-03T12:41:41.813Z</time>
      </trkpt>
      <trkpt lat="45.427413" lon="6.368773">
        <ele>1830.021794</ele>
        <time>2026-09-03T12:41:46.799Z</time>
      </trkpt>
      <trkpt lat="45.427457" lon="6.368633">
        <ele>1830.959270</ele>
        <time>2026-09-03T12:41:52.834Z</time>
      </trkpt>
      <trkpt lat="45.427458" lon="6.368497">
        <ele>1831.790471</ele>
        <time>2026-09-03T12:41:57.816Z</time>
      </trkpt>
      <trkpt lat="45.427460" lon="6.368363">
        <ele>1832.609589</ele>
        <time>2026-09-03T12:42:02.847Z</time>
      </trkpt>
      <trkpt lat="45.427510" lon="6.368233">
        <ele>1833.515560</ele>
        <time>2026-09-03T12:42:08.810Z</time>
      </trkpt>
      <trkpt lat="45.427565" lon="6.368115">
        <ele>1834.381264</ele>
        <time>2026-09-03T12:42:13.842Z</time>
      </trkpt>
      <trkpt lat="45.427647" lon="6.368038">
        <ele>1835.236443</ele>
        <time>2026-09-03T12:42:18.813Z</time>
      </trkpt>
      <trkpt lat="45.427737" lon="6.367952">
        <ele>1836.180087</ele>
        <time>2026-09-03T12:42:24.805Z</time>
      </trkpt>
      <trkpt lat="45.427820" lon="6.367897">
        <ele>1836.977194</ele>
        <time>2026-09-03T12:42:29.839Z</time>
      </trkpt>
      <trkpt lat="45.427903" lon="6.367820">
        <ele>1837.839656</ele>
        <time>2026-09-03T12:42:34.840Z</time>
      </trkpt>
      <trkpt lat="45.428005" lon="6.367745">
        <ele>1838.839171</ele>
        <time>2026-09-03T12:42:39.846Z</time>
      </trkpt>
      <trkpt lat="45.428093" lon="6.367673">
        <ele>1839.722828</ele>
        <time>2026-09-03T12:42:44.815Z</time>
      </trkpt>
      <trkpt lat="45.428182" lon="6.367600">
        <ele>1840.617080</ele>
        <time>2026-09-03T12:42:50.836Z</time>
      </trkpt>
      <trkpt lat="45.428267" lon="6.367522">
        <ele>1841.497596</ele>
        <time>2026-09-03T12:42:56.843Z</time>
      </trkpt>
      <trkpt lat="45.428358" lon="6.367455">
        <ele>1842.395111</ele>
        <time>2026-09-03T12:43:02.819Z</time>
      </trkpt>
      <trkpt lat="45.428437" lon="6.367392">
        <ele>1843.188361</ele>
        <time>2026-09-03T12:43:07.841Z</time>
      </trkpt>
      <trkpt lat="45.428515" lon="6.367318">
        <ele>1844.009443</ele>
        <time>2026-09-03T12:43:12.811Z</time>
      </trkpt>
      <trkpt lat="45.428593" lon="6.367253">
        <ele>1844.801195</ele>
        <time>2026-09-03T12:43:17.846Z</time>
      </trkpt>
      <trkpt lat="45.428678" lon="6.367185">
        <ele>1845.655337</ele>
        <time>2026-09-03T12:43:22.822Z</time>
      </trkpt>
      <trkpt lat="45.428758" lon="6.367110">
        <ele>1846.494426</ele>
        <time>2026-09-03T12:43:27.849Z</time>
      </trkpt>
      <trkpt lat="45.428840" lon="6.367048">
        <ele>1847.307814</ele>
        <time>2026-09-03T12:43:32.815Z</time>
      </trkpt>
      <trkpt lat="45.428918" lon="6.366975">
        <ele>1848.125503</ele>
        <time>2026-09-03T12:43:37.851Z</time>
      </trkpt>
      <trkpt lat="45.429000" lon="6.366907">
        <ele>1848.956823</ele>
        <time>2026-09-03T12:43:42.809Z</time>
      </trkpt>
      <trkpt lat="45.429080" lon="6.366843">
        <ele>1849.760720</ele>
        <time>2026-09-03T12:43:47.841Z</time>
      </trkpt>
      <trkpt lat="45.429167" lon="6.366762">
        <ele>1850.671331</ele>
        <time>2026-09-03T12:43:53.849Z</time>
      </trkpt>
      <trkpt lat="45.429247" lon="6.366698">
        <ele>1851.475228</ele>
        <time>2026-09-03T12:43:58.804Z</time>
      </trkpt>
      <trkpt lat="45.429342" lon="6.366630">
        <ele>1852.406760</ele>
        <time>2026-09-03T12:44:04.844Z</time>
      </trkpt>
      <trkpt lat="45.429433" lon="6.366562">
        <ele>1853.307111</ele>
        <time>2026-09-03T12:44:10.812Z</time>
      </trkpt>
      <trkpt lat="45.429523" lon="6.366482">
        <ele>1854.236567</ele>
        <time>2026-09-03T12:44:16.847Z</time>
      </trkpt>
      <trkpt lat="45.429615" lon="6.366415">
        <ele>1855.141871</ele>
        <time>2026-09-03T12:44:22.819Z</time>
      </trkpt>
      <trkpt lat="45.429692" lon="6.366345">
        <ele>1855.942176</ele>
        <time>2026-09-03T12:44:27.834Z</time>
      </trkpt>
      <trkpt lat="45.429778" lon="6.366270">
        <ele>1856.825653</ele>
        <time>2026-09-03T12:44:33.842Z</time>
      </trkpt>
      <trkpt lat="45.429868" lon="6.366193">
        <ele>1857.777368</ele>
        <time>2026-09-03T12:44:39.809Z</time>
      </trkpt>
      <trkpt lat="45.429958" lon="6.366113">
        <ele>1858.765347</ele>
        <time>2026-09-03T12:44:45.852Z</time>
      </trkpt>
      <trkpt lat="45.430052" lon="6.366035">
        <ele>1859.778484</ele>
        <time>2026-09-03T12:44:51.811Z</time>
      </trkpt>
      <trkpt lat="45.430140" lon="6.365958">
        <ele>1860.740303</ele>
        <time>2026-09-03T12:44:57.842Z</time>
      </trkpt>
      <trkpt lat="45.430228" lon="6.365875">
        <ele>1861.723211</ele>
        <time>2026-09-03T12:45:03.815Z</time>
      </trkpt>
      <trkpt lat="45.430303" lon="6.365802">
        <ele>1862.569165</ele>
        <time>2026-09-03T12:45:08.838Z</time>
      </trkpt>
      <trkpt lat="45.430387" lon="6.365740">
        <ele>1863.450262</ele>
        <time>2026-09-03T12:45:13.815Z</time>
      </trkpt>
      <trkpt lat="45.430485" lon="6.365675">
        <ele>1864.457062</ele>
        <time>2026-09-03T12:45:19.808Z</time>
      </trkpt>
      <trkpt lat="45.430577" lon="6.365600">
        <ele>1865.444261</ele>
        <time>2026-09-03T12:45:25.836Z</time>
      </trkpt>
      <trkpt lat="45.430663" lon="6.365522">
        <ele>1866.393747</ele>
        <time>2026-09-03T12:45:31.842Z</time>
      </trkpt>
      <trkpt lat="45.430748" lon="6.365443">
        <ele>1867.338943</ele>
        <time>2026-09-03T12:45:37.802Z</time>
      </trkpt>
      <trkpt lat="45.430820" lon="6.365358">
        <ele>1868.209793</ele>
        <time>2026-09-03T12:45:42.842Z</time>
      </trkpt>
      <trkpt lat="45.430880" lon="6.365230">
        <ele>1869.215905</ele>
        <time>2026-09-03T12:45:48.813Z</time>
      </trkpt>
      <trkpt lat="45.430923" lon="6.365105">
        <ele>1870.125815</ele>
        <time>2026-09-03T12:45:53.844Z</time>
      </trkpt>
      <trkpt lat="45.430937" lon="6.364957">
        <ele>1871.101925</ele>
        <time>2026-09-03T12:45:59.809Z</time>
      </trkpt>
      <trkpt lat="45.430962" lon="6.364818">
        <ele>1872.039824</ele>
        <time>2026-09-03T12:46:04.838Z</time>
      </trkpt>
      <trkpt lat="45.430992" lon="6.364692">
        <ele>1872.909497</ele>
        <time>2026-09-03T12:46:09.838Z</time>
      </trkpt>
      <trkpt lat="45.431027" lon="6.364547">
        <ele>1873.911745</ele>
        <time>2026-09-03T12:46:15.850Z</time>
      </trkpt>
      <trkpt lat="45.431052" lon="6.364408">
        <ele>1874.840539</ele>
        <time>2026-09-03T12:46:20.811Z</time>
      </trkpt>
      <trkpt lat="45.431078" lon="6.364283">
        <ele>1875.683657</ele>
        <time>2026-09-03T12:46:25.842Z</time>
      </trkpt>
      <trkpt lat="45.431093" lon="6.364155">
        <ele>1876.522878</ele>
        <time>2026-09-03T12:46:30.809Z</time>
      </trkpt>
      <trkpt lat="45.431087" lon="6.364018">
        <ele>1877.410562</ele>
        <time>2026-09-03T12:46:35.841Z</time>
      </trkpt>
      <trkpt lat="45.431060" lon="6.363885">
        <ele>1878.305920</ele>
        <time>2026-09-03T12:46:40.811Z</time>
      </trkpt>
      <trkpt lat="45.431022" lon="6.363760">
        <ele>1879.186867</ele>
        <time>2026-09-03T12:46:45.843Z</time>
      </trkpt>
      <trkpt lat="45.430977" lon="6.363647">
        <ele>1880.027084</ele>
        <time>2026-09-03T12:46:50.805Z</time>
      </trkpt>
      <trkpt lat="45.430932" lon="6.363530">
        <ele>1880.889895</ele>
        <time>2026-09-03T12:46:55.837Z</time>
      </trkpt>
      <trkpt lat="45.430885" lon="6.363418">
        <ele>1881.733804</ele>
        <time>2026-09-03T12:47:00.816Z</time>
      </trkpt>
      <trkpt lat="45.430838" lon="6.363303">
        <ele>1882.594422</ele>
        <time>2026-09-03T12:47:05.852Z</time>
      </trkpt>
      <trkpt lat="45.430783" lon="6.363173">
        <ele>1883.576079</ele>
        <time>2026-09-03T12:47:11.807Z</time>
      </trkpt>
      <trkpt lat="45.430742" lon="6.363052">
        <ele>1884.445013</ele>
        <time>2026-09-03T12:47:16.848Z</time>
      </trkpt>
      <trkpt lat="45.430705" lon="6.362927">
        <ele>1885.322341</ele>
        <time>2026-09-03T12:47:20.804Z</time>
      </trkpt>
      <trkpt lat="45.430652" lon="6.362817">
        <ele>1886.185226</ele>
        <time>2026-09-03T12:47:24.846Z</time>
      </trkpt>
      <trkpt lat="45.430602" lon="6.362705">
        <ele>1887.043654</ele>
        <time>2026-09-03T12:47:28.804Z</time>
      </trkpt>
      <trkpt lat="45.430555" lon="6.362585">
        <ele>1887.932366</ele>
        <time>2026-09-03T12:47:32.842Z</time>
      </trkpt>
      <trkpt lat="45.430503" lon="6.362447">
        <ele>1888.945314</ele>
        <time>2026-09-03T12:47:37.813Z</time>
      </trkpt>
      <trkpt lat="45.430485" lon="6.362318">
        <ele>1889.795879</ele>
        <time>2026-09-03T12:47:41.846Z</time>
      </trkpt>
      <trkpt lat="45.430543" lon="6.362200">
        <ele>1890.720904</ele>
        <time>2026-09-03T12:47:46.811Z</time>
      </trkpt>
      <trkpt lat="45.430637" lon="6.362255">
        <ele>1891.618825</ele>
        <time>2026-09-03T12:47:51.813Z</time>
      </trkpt>
      <trkpt lat="45.430700" lon="6.362385">
        <ele>1892.598513</ele>
        <time>2026-09-03T12:47:56.845Z</time>
      </trkpt>
      <trkpt lat="45.430757" lon="6.362508">
        <ele>1893.512550</ele>
        <time>2026-09-03T12:48:01.815Z</time>
      </trkpt>
      <trkpt lat="45.430808" lon="6.362620">
        <ele>1894.340477</ele>
        <time>2026-09-03T12:48:06.848Z</time>
      </trkpt>
      <trkpt lat="45.430872" lon="6.362717">
        <ele>1895.166092</ele>
        <time>2026-09-03T12:48:11.814Z</time>
      </trkpt>
      <trkpt lat="45.430943" lon="6.362810">
        <ele>1896.018267</ele>
        <time>2026-09-03T12:48:17.838Z</time>
      </trkpt>
      <trkpt lat="45.431020" lon="6.362887">
        <ele>1896.849498</ele>
        <time>2026-09-03T12:48:22.847Z</time>
      </trkpt>
      <trkpt lat="45.431098" lon="6.362955">
        <ele>1897.657498</ele>
        <time>2026-09-03T12:48:27.811Z</time>
      </trkpt>
      <trkpt lat="45.431183" lon="6.363042">
        <ele>1898.582270</ele>
        <time>2026-09-03T12:48:33.842Z</time>
      </trkpt>
      <trkpt lat="45.431275" lon="6.363122">
        <ele>1899.534631</ele>
        <time>2026-09-03T12:48:39.805Z</time>
      </trkpt>
      <trkpt lat="45.431363" lon="6.363205">
        <ele>1900.467142</ele>
        <time>2026-09-03T12:48:45.845Z</time>
      </trkpt>
      <trkpt lat="45.431455" lon="6.363283">
        <ele>1901.413102</ele>
        <time>2026-09-03T12:48:51.815Z</time>
      </trkpt>
      <trkpt lat="45.431530" lon="6.363360">
        <ele>1902.229927</ele>
        <time>2026-09-03T12:48:56.852Z</time>
      </trkpt>
      <trkpt lat="45.431598" lon="6.363447">
        <ele>1903.037458</ele>
        <time>2026-09-03T12:49:01.814Z</time>
      </trkpt>
      <trkpt lat="45.431665" lon="6.363552">
        <ele>1903.917490</ele>
        <time>2026-09-03T12:49:06.839Z</time>
      </trkpt>
      <trkpt lat="45.431715" lon="6.363682">
        <ele>1904.836762</ele>
        <time>2026-09-03T12:49:11.814Z</time>
      </trkpt>
      <trkpt lat="45.431763" lon="6.363803">
        <ele>1905.698673</ele>
        <time>2026-09-03T12:49:16.842Z</time>
      </trkpt>
      <trkpt lat="45.431797" lon="6.363930">
        <ele>1906.547008</ele>
        <time>2026-09-03T12:49:21.810Z</time>
      </trkpt>
      <trkpt lat="45.431827" lon="6.364057">
        <ele>1907.433224</ele>
        <time>2026-09-03T12:49:26.843Z</time>
      </trkpt>
      <trkpt lat="45.431850" lon="6.364187">
        <ele>1908.319876</ele>
        <time>2026-09-03T12:49:31.813Z</time>
      </trkpt>
      <trkpt lat="45.431863" lon="6.364337">
        <ele>1909.319430</ele>
        <time>2026-09-03T12:49:37.847Z</time>
      </trkpt>
      <trkpt lat="45.431878" lon="6.364467">
        <ele>1910.190722</ele>
        <time>2026-09-03T12:49:42.809Z</time>
      </trkpt>
      <trkpt lat="45.431892" lon="6.364597">
        <ele>1911.060535</ele>
        <time>2026-09-03T12:49:47.842Z</time>
      </trkpt>
      <trkpt lat="45.431908" lon="6.364730">
        <ele>1911.952954</ele>
        <time>2026-09-03T12:49:52.844Z</time>
      </trkpt>
      <trkpt lat="45.431922" lon="6.364863">
        <ele>1912.842383</ele>
        <time>2026-09-03T12:49:57.804Z</time>
      </trkpt>
      <trkpt lat="45.431952" lon="6.364987">
        <ele>1913.709817</ele>
        <time>2026-09-03T12:50:02.804Z</time>
      </trkpt>
      <trkpt lat="45.431973" lon="6.365122">
        <ele>1914.624303</ele>
        <time>2026-09-03T12:50:07.803Z</time>
      </trkpt>
      <trkpt lat="45.431995" lon="6.365257">
        <ele>1915.540874</ele>
        <time>2026-09-03T12:50:12.811Z</time>
      </trkpt>
      <trkpt lat="45.432012" lon="6.365387">
        <ele>1916.415420</ele>
        <time>2026-09-03T12:50:17.807Z</time>
      </trkpt>
      <trkpt lat="45.432030" lon="6.365515">
        <ele>1917.278768</ele>
        <time>2026-09-03T12:50:22.810Z</time>
      </trkpt>
      <trkpt lat="45.432063" lon="6.365647">
        <ele>1918.205483</ele>
        <time>2026-09-03T12:50:27.838Z</time>
      </trkpt>
      <trkpt lat="45.432103" lon="6.365772">
        <ele>1919.114053</ele>
        <time>2026-09-03T12:50:32.839Z</time>
      </trkpt>
      <trkpt lat="45.432135" lon="6.365900">
        <ele>1920.012684</ele>
        <time>2026-09-03T12:50:37.806Z</time>
      </trkpt>
      <trkpt lat="45.432185" lon="6.366020">
        <ele>1920.935642</ele>
        <time>2026-09-03T12:50:42.833Z</time>
      </trkpt>
      <trkpt lat="45.432230" lon="6.366155">
        <ele>1921.924054</ele>
        <time>2026-09-03T12:50:48.849Z</time>
      </trkpt>
      <trkpt lat="45.432272" lon="6.366270">
        <ele>1922.781429</ele>
        <time>2026-09-03T12:50:53.819Z</time>
      </trkpt>
      <trkpt lat="45.432307" lon="6.366398">
        <ele>1923.655114</ele>
        <time>2026-09-03T12:50:58.841Z</time>
      </trkpt>
      <trkpt lat="45.432307" lon="6.366540">
        <ele>1924.477228</ele>
        <time>2026-09-03T12:51:03.814Z</time>
      </trkpt>
      <trkpt lat="45.432292" lon="6.366692">
        <ele>1925.365897</ele>
        <time>2026-09-03T12:51:08.848Z</time>
      </trkpt>
      <trkpt lat="45.432268" lon="6.366823">
        <ele>1926.149747</ele>
        <time>2026-09-03T12:51:13.818Z</time>
      </trkpt>
      <trkpt lat="45.432250" lon="6.366963">
        <ele>1926.973775</ele>
        <time>2026-09-03T12:51:18.840Z</time>
      </trkpt>
      <trkpt lat="45.432232" lon="6.367095">
        <ele>1927.752289</ele>
        <time>2026-09-03T12:51:23.839Z</time>
      </trkpt>
      <trkpt lat="45.432250" lon="6.367232">
        <ele>1928.559239</ele>
        <time>2026-09-03T12:51:28.837Z</time>
      </trkpt>
      <trkpt lat="45.432272" lon="6.367357">
        <ele>1929.305345</ele>
        <time>2026-09-03T12:51:33.837Z</time>
      </trkpt>
      <trkpt lat="45.432300" lon="6.367480">
        <ele>1930.053989</ele>
        <time>2026-09-03T12:51:38.840Z</time>
      </trkpt>
      <trkpt lat="45.432328" lon="6.367603">
        <ele>1930.802633</ele>
        <time>2026-09-03T12:51:43.847Z</time>
      </trkpt>
      <trkpt lat="45.432372" lon="6.367718">
        <ele>1931.560958</ele>
        <time>2026-09-03T12:51:48.816Z</time>
      </trkpt>
      <trkpt lat="45.432428" lon="6.367822">
        <ele>1932.319897</ele>
        <time>2026-09-03T12:51:53.846Z</time>
      </trkpt>
      <trkpt lat="45.432485" lon="6.367927">
        <ele>1933.088457</ele>
        <time>2026-09-03T12:51:58.806Z</time>
      </trkpt>
      <trkpt lat="45.432550" lon="6.368028">
        <ele>1933.881864</ele>
        <time>2026-09-03T12:52:03.852Z</time>
      </trkpt>
      <trkpt lat="45.432608" lon="6.368127">
        <ele>1934.628512</ele>
        <time>2026-09-03T12:52:08.807Z</time>
      </trkpt>
      <trkpt lat="45.432668" lon="6.368237">
        <ele>1935.435113</ele>
        <time>2026-09-03T12:52:13.844Z</time>
      </trkpt>
      <trkpt lat="45.432720" lon="6.368352">
        <ele>1936.227152</ele>
        <time>2026-09-03T12:52:18.809Z</time>
      </trkpt>
      <trkpt lat="45.432775" lon="6.368472">
        <ele>1937.056946</ele>
        <time>2026-09-03T12:52:23.842Z</time>
      </trkpt>
      <trkpt lat="45.432835" lon="6.368600">
        <ele>1937.948121</ele>
        <time>2026-09-03T12:52:28.820Z</time>
      </trkpt>
      <trkpt lat="45.432877" lon="6.368717">
        <ele>1938.784318</ele>
        <time>2026-09-03T12:52:32.843Z</time>
      </trkpt>
      <trkpt lat="45.432908" lon="6.368847">
        <ele>1939.709548</ele>
        <time>2026-09-03T12:52:37.804Z</time>
      </trkpt>
      <trkpt lat="45.432938" lon="6.368975">
        <ele>1940.618940</ele>
        <time>2026-09-03T12:52:42.845Z</time>
      </trkpt>
      <trkpt lat="45.432937" lon="6.369110">
        <ele>1941.528716</ele>
        <time>2026-09-03T12:52:47.811Z</time>
      </trkpt>
      <trkpt lat="45.432890" lon="6.369245">
        <ele>1942.544246</ele>
        <time>2026-09-03T12:52:52.841Z</time>
      </trkpt>
      <trkpt lat="45.432810" lon="6.369328">
        <ele>1943.494510</ele>
        <time>2026-09-03T12:52:57.809Z</time>
      </trkpt>
      <trkpt lat="45.432732" lon="6.369412">
        <ele>1944.433363</ele>
        <time>2026-09-03T12:53:02.844Z</time>
      </trkpt>
      <trkpt lat="45.432653" lon="6.369492">
        <ele>1945.364027</ele>
        <time>2026-09-03T12:53:07.814Z</time>
      </trkpt>
      <trkpt lat="45.432602" lon="6.369598">
        <ele>1946.230100</ele>
        <time>2026-09-03T12:53:12.845Z</time>
      </trkpt>
      <trkpt lat="45.432550" lon="6.369715">
        <ele>1947.163360</ele>
        <time>2026-09-03T12:53:17.807Z</time>
      </trkpt>
      <trkpt lat="45.432512" lon="6.369842">
        <ele>1948.093730</ele>
        <time>2026-09-03T12:53:22.811Z</time>
      </trkpt>
      <trkpt lat="45.432477" lon="6.369988">
        <ele>1949.133413</ele>
        <time>2026-09-03T12:53:28.813Z</time>
      </trkpt>
      <trkpt lat="45.432435" lon="6.370112">
        <ele>1950.061262</ele>
        <time>2026-09-03T12:53:33.812Z</time>
      </trkpt>
      <trkpt lat="45.432405" lon="6.370235">
        <ele>1950.938768</ele>
        <time>2026-09-03T12:53:38.817Z</time>
      </trkpt>
      <trkpt lat="45.432368" lon="6.370368">
        <ele>1951.902882</ele>
        <time>2026-09-03T12:53:44.826Z</time>
      </trkpt>
      <trkpt lat="45.432332" lon="6.370518">
        <ele>1952.971180</ele>
        <time>2026-09-03T12:53:50.841Z</time>
      </trkpt>
      <trkpt lat="45.432308" lon="6.370663">
        <ele>1953.975115</ele>
        <time>2026-09-03T12:53:55.805Z</time>
      </trkpt>
      <trkpt lat="45.432305" lon="6.370795">
        <ele>1954.865101</ele>
        <time>2026-09-03T12:54:00.844Z</time>
      </trkpt>
      <trkpt lat="45.432318" lon="6.370928">
        <ele>1955.754921</ele>
        <time>2026-09-03T12:54:05.802Z</time>
      </trkpt>
      <trkpt lat="45.432343" lon="6.371063">
        <ele>1956.638675</ele>
        <time>2026-09-03T12:54:10.838Z</time>
      </trkpt>
      <trkpt lat="45.432368" lon="6.371197">
        <ele>1957.516311</ele>
        <time>2026-09-03T12:54:15.813Z</time>
      </trkpt>
      <trkpt lat="45.432398" lon="6.371327">
        <ele>1958.382514</ele>
        <time>2026-09-03T12:54:20.842Z</time>
      </trkpt>
      <trkpt lat="45.432445" lon="6.371448">
        <ele>1959.257899</ele>
        <time>2026-09-03T12:54:25.812Z</time>
      </trkpt>
      <trkpt lat="45.432487" lon="6.371573">
        <ele>1960.135120</ele>
        <time>2026-09-03T12:54:30.851Z</time>
      </trkpt>
      <trkpt lat="45.432528" lon="6.371688">
        <ele>1960.951581</ele>
        <time>2026-09-03T12:54:35.812Z</time>
      </trkpt>
      <trkpt lat="45.432588" lon="6.371795">
        <ele>1961.818517</ele>
        <time>2026-09-03T12:54:40.813Z</time>
      </trkpt>
      <trkpt lat="45.432648" lon="6.371893">
        <ele>1962.641717</ele>
        <time>2026-09-03T12:54:45.844Z</time>
      </trkpt>
      <trkpt lat="45.432712" lon="6.372010">
        <ele>1963.580691</ele>
        <time>2026-09-03T12:54:51.815Z</time>
      </trkpt>
      <trkpt lat="45.432787" lon="6.372097">
        <ele>1964.452972</ele>
        <time>2026-09-03T12:54:56.845Z</time>
      </trkpt>
      <trkpt lat="45.432867" lon="6.372192">
        <ele>1965.392257</ele>
        <time>2026-09-03T12:55:01.826Z</time>
      </trkpt>
      <trkpt lat="45.432942" lon="6.372277">
        <ele>1966.256601</ele>
        <time>2026-09-03T12:55:06.844Z</time>
      </trkpt>
      <trkpt lat="45.433027" lon="6.372377">
        <ele>1967.250803</ele>
        <time>2026-09-03T12:55:12.814Z</time>
      </trkpt>
      <trkpt lat="45.433085" lon="6.372475">
        <ele>1968.062254</ele>
        <time>2026-09-03T12:55:16.847Z</time>
      </trkpt>
      <trkpt lat="45.433147" lon="6.372610">
        <ele>1969.083473</ele>
        <time>2026-09-03T12:55:21.816Z</time>
      </trkpt>
      <trkpt lat="45.433185" lon="6.372733">
        <ele>1969.934117</ele>
        <time>2026-09-03T12:55:25.851Z</time>
      </trkpt>
      <trkpt lat="45.433215" lon="6.372857">
        <ele>1970.764317</ele>
        <time>2026-09-03T12:55:29.808Z</time>
      </trkpt>
      <trkpt lat="45.433253" lon="6.373000">
        <ele>1971.732166</ele>
        <time>2026-09-03T12:55:34.844Z</time>
      </trkpt>
      <trkpt lat="45.433293" lon="6.373132">
        <ele>1972.534429</ele>
        <time>2026-09-03T12:55:39.800Z</time>
      </trkpt>
      <trkpt lat="45.433323" lon="6.373260">
        <ele>1973.285988</ele>
        <time>2026-09-03T12:55:44.843Z</time>
      </trkpt>
      <trkpt lat="45.433355" lon="6.373397">
        <ele>1974.090116</ele>
        <time>2026-09-03T12:55:49.844Z</time>
      </trkpt>
      <trkpt lat="45.433387" lon="6.373537">
        <ele>1974.910113</ele>
        <time>2026-09-03T12:55:54.816Z</time>
      </trkpt>
      <trkpt lat="45.433422" lon="6.373663">
        <ele>1975.664800</ele>
        <time>2026-09-03T12:55:58.815Z</time>
      </trkpt>
      <trkpt lat="45.433457" lon="6.373793">
        <ele>1976.440243</ele>
        <time>2026-09-03T12:56:04.816Z</time>
      </trkpt>
      <trkpt lat="45.433488" lon="6.373922">
        <ele>1977.199618</ele>
        <time>2026-09-03T12:56:09.807Z</time>
      </trkpt>
      <trkpt lat="45.433543" lon="6.374057">
        <ele>1978.068971</ele>
        <time>2026-09-03T12:56:15.861Z</time>
      </trkpt>
      <trkpt lat="45.433588" lon="6.374172">
        <ele>1978.802262</ele>
        <time>2026-09-03T12:56:20.815Z</time>
      </trkpt>
      <trkpt lat="45.433653" lon="6.374287">
        <ele>1979.624624</ele>
        <time>2026-09-03T12:56:25.838Z</time>
      </trkpt>
      <trkpt lat="45.433733" lon="6.374355">
        <ele>1980.363885</ele>
        <time>2026-09-03T12:56:30.835Z</time>
      </trkpt>
      <trkpt lat="45.433825" lon="6.374443">
        <ele>1981.243242</ele>
        <time>2026-09-03T12:56:35.811Z</time>
      </trkpt>
      <trkpt lat="45.433898" lon="6.374523">
        <ele>1981.974086</ele>
        <time>2026-09-03T12:56:39.853Z</time>
      </trkpt>
      <trkpt lat="45.433972" lon="6.374600">
        <ele>1982.701260</ele>
        <time>2026-09-03T12:56:43.809Z</time>
      </trkpt>
      <trkpt lat="45.434060" lon="6.374687">
        <ele>1983.551256</ele>
        <time>2026-09-03T12:56:48.842Z</time>
      </trkpt>
      <trkpt lat="45.434133" lon="6.374762">
        <ele>1984.265465</ele>
        <time>2026-09-03T12:56:52.845Z</time>
      </trkpt>
      <trkpt lat="45.434220" lon="6.374857">
        <ele>1985.135308</ele>
        <time>2026-09-03T12:56:57.812Z</time>
      </trkpt>
      <trkpt lat="45.434297" lon="6.374928">
        <ele>1985.863162</ele>
        <time>2026-09-03T12:57:01.844Z</time>
      </trkpt>
      <trkpt lat="45.434373" lon="6.375000">
        <ele>1986.210614</ele>
        <time>2026-09-03T12:57:05.842Z</time>
      </trkpt>
      <trkpt lat="45.434455" lon="6.375087">
        <ele>1986.483877</ele>
        <time>2026-09-03T12:57:09.811Z</time>
      </trkpt>
      <trkpt lat="45.434533" lon="6.375175">
        <ele>1986.749800</ele>
        <time>2026-09-03T12:57:13.841Z</time>
      </trkpt>
      <trkpt lat="45.434622" lon="6.375263">
        <ele>1987.039353</ele>
        <time>2026-09-03T12:57:17.813Z</time>
      </trkpt>
      <trkpt lat="45.434702" lon="6.375352">
        <ele>1987.310638</ele>
        <time>2026-09-03T12:57:21.908Z</time>
      </trkpt>
      <trkpt lat="45.434780" lon="6.375427">
        <ele>1987.562153</ele>
        <time>2026-09-03T12:57:25.811Z</time>
      </trkpt>
      <trkpt lat="45.434865" lon="6.375492">
        <ele>1987.820003</ele>
        <time>2026-09-03T12:57:28.871Z</time>
      </trkpt>
      <trkpt lat="45.434943" lon="6.375570">
        <ele>1988.074709</ele>
        <time>2026-09-03T12:57:31.800Z</time>
      </trkpt>
      <trkpt lat="45.434815" lon="6.375420">
        <ele>1988.517679</ele>
        <time>2026-09-03T12:59:18.802Z</time>
      </trkpt>
      <trkpt lat="45.434912" lon="6.375463">
        <ele>1988.789215</ele>
        <time>2026-09-03T12:59:39.824Z</time>
      </trkpt>
      <trkpt lat="45.434948" lon="6.375585">
        <ele>1989.037460</ele>
        <time>2026-09-03T12:59:46.810Z</time>
      </trkpt>
      <trkpt lat="45.435043" lon="6.375647">
        <ele>1989.316757</ele>
        <time>2026-09-03T13:00:04.836Z</time>
      </trkpt>
      <trkpt lat="45.435113" lon="6.375767">
        <ele>1989.609456</ele>
        <time>2026-09-03T13:00:08.796Z</time>
      </trkpt>
      <trkpt lat="45.435190" lon="6.375857">
        <ele>1989.875651</ele>
        <time>2026-09-03T13:00:11.831Z</time>
      </trkpt>
      <trkpt lat="45.435280" lon="6.375950">
        <ele>1990.172809</ele>
        <time>2026-09-03T13:00:14.805Z</time>
      </trkpt>
      <trkpt lat="45.435397" lon="6.376015">
        <ele>1990.508474</ele>
        <time>2026-09-03T13:00:17.834Z</time>
      </trkpt>
      <trkpt lat="45.435463" lon="6.376103">
        <ele>1990.750069</ele>
        <time>2026-09-03T13:00:22.836Z</time>
      </trkpt>
      <trkpt lat="45.435558" lon="6.376063">
        <ele>1990.703675</ele>
        <time>2026-09-03T13:03:05.847Z</time>
      </trkpt>
      <trkpt lat="45.435618" lon="6.375953">
        <ele>1990.532083</ele>
        <time>2026-09-03T13:03:09.840Z</time>
      </trkpt>
      <trkpt lat="45.435663" lon="6.375815">
        <ele>1990.344667</ele>
        <time>2026-09-03T13:03:13.852Z</time>
      </trkpt>
      <trkpt lat="45.435727" lon="6.375718">
        <ele>1990.180686</ele>
        <time>2026-09-03T13:03:20.879Z</time>
      </trkpt>
      <trkpt lat="45.435668" lon="6.375523">
        <ele>1989.919149</ele>
        <time>2026-09-03T13:04:14.834Z</time>
      </trkpt>
      <trkpt lat="45.435577" lon="6.375540">
        <ele>1989.758064</ele>
        <time>2026-09-03T13:04:17.825Z</time>
      </trkpt>
      <trkpt lat="45.435467" lon="6.375567">
        <ele>1989.562156</ele>
        <time>2026-09-03T13:04:20.804Z</time>
      </trkpt>
      <trkpt lat="45.435372" lon="6.375587">
        <ele>1989.393607</ele>
        <time>2026-09-03T13:04:23.797Z</time>
      </trkpt>
      <trkpt lat="45.435268" lon="6.375597">
        <ele>1989.210657</ele>
        <time>2026-09-03T13:04:26.808Z</time>
      </trkpt>
      <trkpt lat="45.435158" lon="6.375593">
        <ele>1989.017528</ele>
        <time>2026-09-03T13:04:29.813Z</time>
      </trkpt>
      <trkpt lat="45.435048" lon="6.375563">
        <ele>1988.820959</ele>
        <time>2026-09-03T13:04:33.801Z</time>
      </trkpt>
      <trkpt lat="45.434960" lon="6.375523">
        <ele>1988.658839</ele>
        <time>2026-09-03T13:04:36.809Z</time>
      </trkpt>
      <trkpt lat="45.434845" lon="6.375468">
        <ele>1988.445934</ele>
        <time>2026-09-03T13:04:39.807Z</time>
      </trkpt>
      <trkpt lat="45.434758" lon="6.375413">
        <ele>1988.278886</ele>
        <time>2026-09-03T13:04:41.815Z</time>
      </trkpt>
      <trkpt lat="45.434680" lon="6.375332">
        <ele>1988.109492</ele>
        <time>2026-09-03T13:04:43.797Z</time>
      </trkpt>
      <trkpt lat="45.434608" lon="6.375222">
        <ele>1987.924224</ele>
        <time>2026-09-03T13:04:45.812Z</time>
      </trkpt>
      <trkpt lat="45.434518" lon="6.375123">
        <ele>1987.724676</ele>
        <time>2026-09-03T13:04:47.812Z</time>
      </trkpt>
      <trkpt lat="45.434420" lon="6.375015">
        <ele>1986.923209</ele>
        <time>2026-09-03T13:04:49.810Z</time>
      </trkpt>
      <trkpt lat="45.434315" lon="6.374910">
        <ele>1985.890886</ele>
        <time>2026-09-03T13:04:51.817Z</time>
      </trkpt>
      <trkpt lat="45.434218" lon="6.374800">
        <ele>1984.893232</ele>
        <time>2026-09-03T13:04:53.811Z</time>
      </trkpt>
      <trkpt lat="45.434103" lon="6.374685">
        <ele>1983.762590</ele>
        <time>2026-09-03T13:04:55.800Z</time>
      </trkpt>
      <trkpt lat="45.433982" lon="6.374562">
        <ele>1982.566434</ele>
        <time>2026-09-03T13:04:57.816Z</time>
      </trkpt>
      <trkpt lat="45.433848" lon="6.374432">
        <ele>1981.261834</ele>
        <time>2026-09-03T13:04:59.817Z</time>
      </trkpt>
      <trkpt lat="45.433710" lon="6.374285">
        <ele>1979.875241</ele>
        <time>2026-09-03T13:05:01.816Z</time>
      </trkpt>
      <trkpt lat="45.433640" lon="6.374200">
        <ele>1979.135107</ele>
        <time>2026-09-03T13:05:02.830Z</time>
      </trkpt>
      <trkpt lat="45.433577" lon="6.374097">
        <ele>1978.363466</ele>
        <time>2026-09-03T13:05:03.805Z</time>
      </trkpt>
      <trkpt lat="45.433527" lon="6.373972">
        <ele>1977.550899</ele>
        <time>2026-09-03T13:05:04.818Z</time>
      </trkpt>
      <trkpt lat="45.433493" lon="6.373833">
        <ele>1976.719576</ele>
        <time>2026-09-03T13:05:05.834Z</time>
      </trkpt>
      <trkpt lat="45.433462" lon="6.373692">
        <ele>1975.885112</ele>
        <time>2026-09-03T13:05:06.810Z</time>
      </trkpt>
      <trkpt lat="45.433430" lon="6.373548">
        <ele>1975.032070</ele>
        <time>2026-09-03T13:05:07.812Z</time>
      </trkpt>
      <trkpt lat="45.433395" lon="6.373403">
        <ele>1974.166092</ele>
        <time>2026-09-03T13:05:08.833Z</time>
      </trkpt>
      <trkpt lat="45.433358" lon="6.373257">
        <ele>1973.289436</ele>
        <time>2026-09-03T13:05:09.829Z</time>
      </trkpt>
      <trkpt lat="45.433320" lon="6.373110">
        <ele>1972.318003</ele>
        <time>2026-09-03T13:05:10.823Z</time>
      </trkpt>
      <trkpt lat="45.433278" lon="6.372953">
        <ele>1971.264967</ele>
        <time>2026-09-03T13:05:11.833Z</time>
      </trkpt>
      <trkpt lat="45.433233" lon="6.372797">
        <ele>1970.207891</ele>
        <time>2026-09-03T13:05:12.830Z</time>
      </trkpt>
      <trkpt lat="45.433185" lon="6.372640">
        <ele>1969.134597</ele>
        <time>2026-09-03T13:05:13.834Z</time>
      </trkpt>
      <trkpt lat="45.433123" lon="6.372492">
        <ele>1968.054329</ele>
        <time>2026-09-03T13:05:14.836Z</time>
      </trkpt>
      <trkpt lat="45.433045" lon="6.372360">
        <ele>1966.972811</ele>
        <time>2026-09-03T13:05:15.852Z</time>
      </trkpt>
      <trkpt lat="45.432955" lon="6.372248">
        <ele>1965.905664</ele>
        <time>2026-09-03T13:05:16.837Z</time>
      </trkpt>
      <trkpt lat="45.432860" lon="6.372142">
        <ele>1964.828069</ele>
        <time>2026-09-03T13:05:17.810Z</time>
      </trkpt>
      <trkpt lat="45.432763" lon="6.372030">
        <ele>1963.713072</ele>
        <time>2026-09-03T13:05:18.834Z</time>
      </trkpt>
      <trkpt lat="45.432673" lon="6.371910">
        <ele>1962.612294</ele>
        <time>2026-09-03T13:05:19.838Z</time>
      </trkpt>
      <trkpt lat="45.432592" lon="6.371778">
        <ele>1961.513322</ele>
        <time>2026-09-03T13:05:20.830Z</time>
      </trkpt>
      <trkpt lat="45.432518" lon="6.371635">
        <ele>1960.399761</ele>
        <time>2026-09-03T13:05:21.837Z</time>
      </trkpt>
      <trkpt lat="45.432462" lon="6.371478">
        <ele>1959.295973</ele>
        <time>2026-09-03T13:05:22.845Z</time>
      </trkpt>
      <trkpt lat="45.432412" lon="6.371317">
        <ele>1958.192531</ele>
        <time>2026-09-03T13:05:23.816Z</time>
      </trkpt>
      <trkpt lat="45.432373" lon="6.371157">
        <ele>1957.130975</ele>
        <time>2026-09-03T13:05:24.834Z</time>
      </trkpt>
      <trkpt lat="45.432342" lon="6.370997">
        <ele>1956.037219</ele>
        <time>2026-09-03T13:05:25.828Z</time>
      </trkpt>
      <trkpt lat="45.432322" lon="6.370837">
        <ele>1954.966313</ele>
        <time>2026-09-03T13:05:26.836Z</time>
      </trkpt>
      <trkpt lat="45.432320" lon="6.370685">
        <ele>1953.964541</ele>
        <time>2026-09-03T13:05:27.837Z</time>
      </trkpt>
      <trkpt lat="45.432338" lon="6.370537">
        <ele>1952.974766</ele>
        <time>2026-09-03T13:05:28.834Z</time>
      </trkpt>
      <trkpt lat="45.432375" lon="6.370390">
        <ele>1951.945696</ele>
        <time>2026-09-03T13:05:29.845Z</time>
      </trkpt>
      <trkpt lat="45.432417" lon="6.370242">
        <ele>1950.893735</ele>
        <time>2026-09-03T13:05:30.838Z</time>
      </trkpt>
      <trkpt lat="45.432460" lon="6.370093">
        <ele>1949.832128</ele>
        <time>2026-09-03T13:05:31.846Z</time>
      </trkpt>
      <trkpt lat="45.432500" lon="6.369948">
        <ele>1948.805487</ele>
        <time>2026-09-03T13:05:32.829Z</time>
      </trkpt>
      <trkpt lat="45.432535" lon="6.369818">
        <ele>1947.887981</ele>
        <time>2026-09-03T13:05:33.809Z</time>
      </trkpt>
      <trkpt lat="45.432575" lon="6.369695">
        <ele>1946.994683</ele>
        <time>2026-09-03T13:05:34.839Z</time>
      </trkpt>
      <trkpt lat="45.432627" lon="6.369585">
        <ele>1946.120724</ele>
        <time>2026-09-03T13:05:35.842Z</time>
      </trkpt>
      <trkpt lat="45.432700" lon="6.369495">
        <ele>1945.214318</ele>
        <time>2026-09-03T13:05:36.837Z</time>
      </trkpt>
      <trkpt lat="45.432782" lon="6.369413">
        <ele>1944.273666</ele>
        <time>2026-09-03T13:05:37.838Z</time>
      </trkpt>
      <trkpt lat="45.432858" lon="6.369327">
        <ele>1943.362395</ele>
        <time>2026-09-03T13:05:38.837Z</time>
      </trkpt>
      <trkpt lat="45.432918" lon="6.369228">
        <ele>1942.500433</ele>
        <time>2026-09-03T13:05:39.844Z</time>
      </trkpt>
      <trkpt lat="45.432957" lon="6.369110">
        <ele>1941.640964</ele>
        <time>2026-09-03T13:05:40.822Z</time>
      </trkpt>
      <trkpt lat="45.432968" lon="6.368980">
        <ele>1940.778142</ele>
        <time>2026-09-03T13:05:41.836Z</time>
      </trkpt>
      <trkpt lat="45.432950" lon="6.368842">
        <ele>1939.885745</ele>
        <time>2026-09-03T13:05:42.837Z</time>
      </trkpt>
      <trkpt lat="45.432905" lon="6.368710">
        <ele>1938.999643</ele>
        <time>2026-09-03T13:05:43.843Z</time>
      </trkpt>
      <trkpt lat="45.432850" lon="6.368585">
        <ele>1938.108786</ele>
        <time>2026-09-03T13:05:44.840Z</time>
      </trkpt>
      <trkpt lat="45.432788" lon="6.368457">
        <ele>1937.169672</ele>
        <time>2026-09-03T13:05:45.839Z</time>
      </trkpt>
      <trkpt lat="45.432722" lon="6.368327">
        <ele>1936.200830</ele>
        <time>2026-09-03T13:05:46.840Z</time>
      </trkpt>
      <trkpt lat="45.432655" lon="6.368197">
        <ele>1935.226919</ele>
        <time>2026-09-03T13:05:47.841Z</time>
      </trkpt>
      <trkpt lat="45.432587" lon="6.368067">
        <ele>1934.247889</ele>
        <time>2026-09-03T13:05:48.841Z</time>
      </trkpt>
      <trkpt lat="45.432517" lon="6.367938">
        <ele>1933.263261</ele>
        <time>2026-09-03T13:05:49.845Z</time>
      </trkpt>
      <trkpt lat="45.432448" lon="6.367813">
        <ele>1932.302970</ele>
        <time>2026-09-03T13:05:50.837Z</time>
      </trkpt>
      <trkpt lat="45.432385" lon="6.367680">
        <ele>1931.334065</ele>
        <time>2026-09-03T13:05:51.840Z</time>
      </trkpt>
      <trkpt lat="45.432330" lon="6.367538">
        <ele>1930.354715</ele>
        <time>2026-09-03T13:05:52.839Z</time>
      </trkpt>
      <trkpt lat="45.432293" lon="6.367387">
        <ele>1929.388969</ele>
        <time>2026-09-03T13:05:53.837Z</time>
      </trkpt>
      <trkpt lat="45.432270" lon="6.367228">
        <ele>1928.408716</ele>
        <time>2026-09-03T13:05:54.842Z</time>
      </trkpt>
      <trkpt lat="45.432265" lon="6.367065">
        <ele>1927.423555</ele>
        <time>2026-09-03T13:05:55.837Z</time>
      </trkpt>
      <trkpt lat="45.432278" lon="6.366905">
        <ele>1926.450995</ele>
        <time>2026-09-03T13:05:56.841Z</time>
      </trkpt>
      <trkpt lat="45.432303" lon="6.366747">
        <ele>1925.473014</ele>
        <time>2026-09-03T13:05:57.845Z</time>
      </trkpt>
      <trkpt lat="45.432328" lon="6.366593">
        <ele>1924.511105</ele>
        <time>2026-09-03T13:05:58.844Z</time>
      </trkpt>
      <trkpt lat="45.432335" lon="6.366433">
        <ele>1923.513823</ele>
        <time>2026-09-03T13:05:59.845Z</time>
      </trkpt>
      <trkpt lat="45.432310" lon="6.366278">
        <ele>1922.524437</ele>
        <time>2026-09-03T13:06:00.821Z</time>
      </trkpt>
      <trkpt lat="45.432258" lon="6.366135">
        <ele>1921.522501</ele>
        <time>2026-09-03T13:06:01.844Z</time>
      </trkpt>
      <trkpt lat="45.432203" lon="6.365992">
        <ele>1920.508055</ele>
        <time>2026-09-03T13:06:02.840Z</time>
      </trkpt>
      <trkpt lat="45.432150" lon="6.365840">
        <ele>1919.452177</ele>
        <time>2026-09-03T13:06:03.840Z</time>
      </trkpt>
      <trkpt lat="45.432103" lon="6.365678">
        <ele>1918.361651</ele>
        <time>2026-09-03T13:06:04.845Z</time>
      </trkpt>
      <trkpt lat="45.432063" lon="6.365512">
        <ele>1917.269788</ele>
        <time>2026-09-03T13:06:05.846Z</time>
      </trkpt>
      <trkpt lat="45.432033" lon="6.365340">
        <ele>1916.167227</ele>
        <time>2026-09-03T13:06:06.845Z</time>
      </trkpt>
      <trkpt lat="45.432007" lon="6.365165">
        <ele>1915.054427</ele>
        <time>2026-09-03T13:06:07.845Z</time>
      </trkpt>
      <trkpt lat="45.431982" lon="6.364988">
        <ele>1913.931233</ele>
        <time>2026-09-03T13:06:08.841Z</time>
      </trkpt>
      <trkpt lat="45.431955" lon="6.364808">
        <ele>1912.786163</ele>
        <time>2026-09-03T13:06:09.838Z</time>
      </trkpt>
      <trkpt lat="45.431928" lon="6.364625">
        <ele>1911.622835</ele>
        <time>2026-09-03T13:06:10.835Z</time>
      </trkpt>
      <trkpt lat="45.431907" lon="6.364442">
        <ele>1910.469275</ele>
        <time>2026-09-03T13:06:11.837Z</time>
      </trkpt>
      <trkpt lat="45.431887" lon="6.364255">
        <ele>1909.292518</ele>
        <time>2026-09-03T13:06:12.827Z</time>
      </trkpt>
      <trkpt lat="45.431860" lon="6.364065">
        <ele>1908.060266</ele>
        <time>2026-09-03T13:06:13.841Z</time>
      </trkpt>
      <trkpt lat="45.431820" lon="6.363878">
        <ele>1906.800581</ele>
        <time>2026-09-03T13:06:14.836Z</time>
      </trkpt>
      <trkpt lat="45.431767" lon="6.363705">
        <ele>1905.584242</ele>
        <time>2026-09-03T13:06:15.834Z</time>
      </trkpt>
      <trkpt lat="45.431698" lon="6.363545">
        <ele>1904.374153</ele>
        <time>2026-09-03T13:06:16.839Z</time>
      </trkpt>
      <trkpt lat="45.431620" lon="6.363407">
        <ele>1903.232375</ele>
        <time>2026-09-03T13:06:17.844Z</time>
      </trkpt>
      <trkpt lat="45.431535" lon="6.363298">
        <ele>1902.182400</ele>
        <time>2026-09-03T13:06:18.838Z</time>
      </trkpt>
      <trkpt lat="45.431443" lon="6.363210">
        <ele>1901.164982</ele>
        <time>2026-09-03T13:06:19.846Z</time>
      </trkpt>
      <trkpt lat="45.431348" lon="6.363132">
        <ele>1900.158248</ele>
        <time>2026-09-03T13:06:20.848Z</time>
      </trkpt>
      <trkpt lat="45.431252" lon="6.363053">
        <ele>1899.140339</ele>
        <time>2026-09-03T13:06:21.843Z</time>
      </trkpt>
      <trkpt lat="45.431155" lon="6.362967">
        <ele>1898.091356</ele>
        <time>2026-09-03T13:06:22.836Z</time>
      </trkpt>
      <trkpt lat="45.431060" lon="6.362878">
        <ele>1897.047425</ele>
        <time>2026-09-03T13:06:23.849Z</time>
      </trkpt>
      <trkpt lat="45.430973" lon="6.362785">
        <ele>1896.048794</ele>
        <time>2026-09-03T13:06:24.849Z</time>
      </trkpt>
      <trkpt lat="45.430897" lon="6.362683">
        <ele>1895.090167</ele>
        <time>2026-09-03T13:06:25.844Z</time>
      </trkpt>
      <trkpt lat="45.430828" lon="6.362573">
        <ele>1894.139478</ele>
        <time>2026-09-03T13:06:26.830Z</time>
      </trkpt>
      <trkpt lat="45.430768" lon="6.362457">
        <ele>1893.210914</ele>
        <time>2026-09-03T13:06:27.836Z</time>
      </trkpt>
      <trkpt lat="45.430722" lon="6.362343">
        <ele>1892.363556</ele>
        <time>2026-09-03T13:06:28.851Z</time>
      </trkpt>
      <trkpt lat="45.430633" lon="6.362173">
        <ele>1891.143972</ele>
        <time>2026-09-03T13:06:30.815Z</time>
      </trkpt>
      <trkpt lat="45.430518" lon="6.362152">
        <ele>1890.199055</ele>
        <time>2026-09-03T13:06:32.840Z</time>
      </trkpt>
      <trkpt lat="45.430447" lon="6.362298">
        <ele>1889.183114</ele>
        <time>2026-09-03T13:06:34.846Z</time>
      </trkpt>
      <trkpt lat="45.430463" lon="6.362480">
        <ele>1888.134033</ele>
        <time>2026-09-03T13:06:36.811Z</time>
      </trkpt>
      <trkpt lat="45.430552" lon="6.362675">
        <ele>1886.803610</ele>
        <time>2026-09-03T13:06:38.839Z</time>
      </trkpt>
      <trkpt lat="45.430643" lon="6.362885">
        <ele>1885.391994</ele>
        <time>2026-09-03T13:06:40.847Z</time>
      </trkpt>
      <trkpt lat="45.430687" lon="6.362998">
        <ele>1884.652875</ele>
        <time>2026-09-03T13:06:41.844Z</time>
      </trkpt>
      <trkpt lat="45.430733" lon="6.363113">
        <ele>1883.895796</ele>
        <time>2026-09-03T13:06:42.845Z</time>
      </trkpt>
      <trkpt lat="45.430782" lon="6.363233">
        <ele>1883.101733</ele>
        <time>2026-09-03T13:06:43.842Z</time>
      </trkpt>
      <trkpt lat="45.430832" lon="6.363357">
        <ele>1882.283786</ele>
        <time>2026-09-03T13:06:44.844Z</time>
      </trkpt>
      <trkpt lat="45.430883" lon="6.363487">
        <ele>1881.431965</ele>
        <time>2026-09-03T13:06:45.839Z</time>
      </trkpt>
      <trkpt lat="45.430937" lon="6.363622">
        <ele>1880.543222</ele>
        <time>2026-09-03T13:06:46.838Z</time>
      </trkpt>
      <trkpt lat="45.430990" lon="6.363760">
        <ele>1879.643474</ele>
        <time>2026-09-03T13:06:47.839Z</time>
      </trkpt>
      <trkpt lat="45.431033" lon="6.363907">
        <ele>1878.732603</ele>
        <time>2026-09-03T13:06:48.840Z</time>
      </trkpt>
      <trkpt lat="45.431058" lon="6.364067">
        <ele>1877.795088</ele>
        <time>2026-09-03T13:06:49.848Z</time>
      </trkpt>
      <trkpt lat="45.431058" lon="6.364230">
        <ele>1876.739668</ele>
        <time>2026-09-03T13:06:50.841Z</time>
      </trkpt>
      <trkpt lat="45.431037" lon="6.364392">
        <ele>1875.649385</ele>
        <time>2026-09-03T13:06:51.847Z</time>
      </trkpt>
      <trkpt lat="45.431005" lon="6.364552">
        <ele>1874.548311</ele>
        <time>2026-09-03T13:06:52.844Z</time>
      </trkpt>
      <trkpt lat="45.430973" lon="6.364715">
        <ele>1873.428130</ele>
        <time>2026-09-03T13:06:53.839Z</time>
      </trkpt>
      <trkpt lat="45.430942" lon="6.364877">
        <ele>1872.316838</ele>
        <time>2026-09-03T13:06:54.840Z</time>
      </trkpt>
      <trkpt lat="45.430915" lon="6.365030">
        <ele>1871.272730</ele>
        <time>2026-09-03T13:06:55.838Z</time>
      </trkpt>
      <trkpt lat="45.430883" lon="6.365170">
        <ele>1870.298274</ele>
        <time>2026-09-03T13:06:56.840Z</time>
      </trkpt>
      <trkpt lat="45.430832" lon="6.365300">
        <ele>1869.312597</ele>
        <time>2026-09-03T13:06:57.836Z</time>
      </trkpt>
      <trkpt lat="45.430753" lon="6.365407">
        <ele>1868.284715</ele>
        <time>2026-09-03T13:06:58.842Z</time>
      </trkpt>
      <trkpt lat="45.430657" lon="6.365495">
        <ele>1867.208214</ele>
        <time>2026-09-03T13:06:59.847Z</time>
      </trkpt>
      <trkpt lat="45.430553" lon="6.365575">
        <ele>1866.093634</ele>
        <time>2026-09-03T13:07:00.839Z</time>
      </trkpt>
      <trkpt lat="45.430448" lon="6.365655">
        <ele>1864.970746</ele>
        <time>2026-09-03T13:07:01.837Z</time>
      </trkpt>
      <trkpt lat="45.430345" lon="6.365740">
        <ele>1863.848242</ele>
        <time>2026-09-03T13:07:02.840Z</time>
      </trkpt>
      <trkpt lat="45.430242" lon="6.365828">
        <ele>1862.715656</ele>
        <time>2026-09-03T13:07:03.847Z</time>
      </trkpt>
      <trkpt lat="45.430137" lon="6.365917">
        <ele>1861.563483</ele>
        <time>2026-09-03T13:07:04.845Z</time>
      </trkpt>
      <trkpt lat="45.430028" lon="6.366007">
        <ele>1860.393674</ele>
        <time>2026-09-03T13:07:05.840Z</time>
      </trkpt>
      <trkpt lat="45.429917" lon="6.366097">
        <ele>1859.260482</ele>
        <time>2026-09-03T13:07:06.841Z</time>
      </trkpt>
      <trkpt lat="45.429805" lon="6.366185">
        <ele>1858.125635</ele>
        <time>2026-09-03T13:07:07.843Z</time>
      </trkpt>
      <trkpt lat="45.429693" lon="6.366278">
        <ele>1856.975430</ele>
        <time>2026-09-03T13:07:08.840Z</time>
      </trkpt>
      <trkpt lat="45.429580" lon="6.366373">
        <ele>1855.811271</ele>
        <time>2026-09-03T13:07:09.837Z</time>
      </trkpt>
      <trkpt lat="45.429467" lon="6.366468">
        <ele>1854.647111</ele>
        <time>2026-09-03T13:07:10.839Z</time>
      </trkpt>
      <trkpt lat="45.429350" lon="6.366565">
        <ele>1853.446031</ele>
        <time>2026-09-03T13:07:11.836Z</time>
      </trkpt>
      <trkpt lat="45.429235" lon="6.366663">
        <ele>1852.257072</ele>
        <time>2026-09-03T13:07:12.839Z</time>
      </trkpt>
      <trkpt lat="45.429117" lon="6.366760">
        <ele>1851.048314</ele>
        <time>2026-09-03T13:07:13.832Z</time>
      </trkpt>
      <trkpt lat="45.429002" lon="6.366858">
        <ele>1849.859353</ele>
        <time>2026-09-03T13:07:14.841Z</time>
      </trkpt>
      <trkpt lat="45.428887" lon="6.366955">
        <ele>1848.673576</ele>
        <time>2026-09-03T13:07:15.836Z</time>
      </trkpt>
      <trkpt lat="45.428773" lon="6.367050">
        <ele>1847.501762</ele>
        <time>2026-09-03T13:07:16.842Z</time>
      </trkpt>
      <trkpt lat="45.428658" lon="6.367145">
        <ele>1846.322279</ele>
        <time>2026-09-03T13:07:17.842Z</time>
      </trkpt>
      <trkpt lat="45.428548" lon="6.367240">
        <ele>1845.180960</ele>
        <time>2026-09-03T13:07:18.844Z</time>
      </trkpt>
      <trkpt lat="45.428438" lon="6.367333">
        <ele>1844.100767</ele>
        <time>2026-09-03T13:07:19.842Z</time>
      </trkpt>
      <trkpt lat="45.428332" lon="6.367422">
        <ele>1843.097127</ele>
        <time>2026-09-03T13:07:20.849Z</time>
      </trkpt>
      <trkpt lat="45.428225" lon="6.367512">
        <ele>1842.083552</ele>
        <time>2026-09-03T13:07:21.841Z</time>
      </trkpt>
      <trkpt lat="45.428117" lon="6.367602">
        <ele>1841.062943</ele>
        <time>2026-09-03T13:07:22.841Z</time>
      </trkpt>
      <trkpt lat="45.428012" lon="6.367688">
        <ele>1840.074992</ele>
        <time>2026-09-03T13:07:23.847Z</time>
      </trkpt>
      <trkpt lat="45.427907" lon="6.367772">
        <ele>1839.092695</ele>
        <time>2026-09-03T13:07:24.843Z</time>
      </trkpt>
      <trkpt lat="45.427805" lon="6.367853">
        <ele>1838.140141</ele>
        <time>2026-09-03T13:07:25.839Z</time>
      </trkpt>
      <trkpt lat="45.427713" lon="6.367928">
        <ele>1837.275510</ele>
        <time>2026-09-03T13:07:26.840Z</time>
      </trkpt>
      <trkpt lat="45.427625" lon="6.368003">
        <ele>1836.439043</ele>
        <time>2026-09-03T13:07:27.840Z</time>
      </trkpt>
      <trkpt lat="45.427548" lon="6.368095">
        <ele>1835.619318</ele>
        <time>2026-09-03T13:07:28.842Z</time>
      </trkpt>
      <trkpt lat="45.427492" lon="6.368210">
        <ele>1834.817984</ele>
        <time>2026-09-03T13:07:29.846Z</time>
      </trkpt>
      <trkpt lat="45.427457" lon="6.368345">
        <ele>1833.994061</ele>
        <time>2026-09-03T13:07:30.836Z</time>
      </trkpt>
      <trkpt lat="45.427440" lon="6.368490">
        <ele>1833.152434</ele>
        <time>2026-09-03T13:07:31.844Z</time>
      </trkpt>
      <trkpt lat="45.427420" lon="6.368637">
        <ele>1832.295192</ele>
        <time>2026-09-03T13:07:32.842Z</time>
      </trkpt>
      <trkpt lat="45.427373" lon="6.368775">
        <ele>1831.417027</ele>
        <time>2026-09-03T13:07:33.848Z</time>
      </trkpt>
      <trkpt lat="45.427303" lon="6.368892">
        <ele>1830.536839</ele>
        <time>2026-09-03T13:07:34.847Z</time>
      </trkpt>
      <trkpt lat="45.427210" lon="6.368988">
        <ele>1829.550312</ele>
        <time>2026-09-03T13:07:35.847Z</time>
      </trkpt>
      <trkpt lat="45.427107" lon="6.369067">
        <ele>1828.491168</ele>
        <time>2026-09-03T13:07:36.839Z</time>
      </trkpt>
      <trkpt lat="45.426998" lon="6.369132">
        <ele>1827.421279</ele>
        <time>2026-09-03T13:07:37.847Z</time>
      </trkpt>
      <trkpt lat="45.426893" lon="6.369187">
        <ele>1826.408349</ele>
        <time>2026-09-03T13:07:38.840Z</time>
      </trkpt>
      <trkpt lat="45.426795" lon="6.369242">
        <ele>1825.454656</ele>
        <time>2026-09-03T13:07:39.845Z</time>
      </trkpt>
      <trkpt lat="45.426707" lon="6.369317">
        <ele>1824.526200</ele>
        <time>2026-09-03T13:07:40.840Z</time>
      </trkpt>
      <trkpt lat="45.426627" lon="6.369420">
        <ele>1823.549928</ele>
        <time>2026-09-03T13:07:41.844Z</time>
      </trkpt>
      <trkpt lat="45.426555" lon="6.369540">
        <ele>1822.546683</ele>
        <time>2026-09-03T13:07:42.832Z</time>
      </trkpt>
      <trkpt lat="45.426492" lon="6.369667">
        <ele>1821.558395</ele>
        <time>2026-09-03T13:07:43.845Z</time>
      </trkpt>
      <trkpt lat="45.426432" lon="6.369807">
        <ele>1820.515981</ele>
        <time>2026-09-03T13:07:44.835Z</time>
      </trkpt>
      <trkpt lat="45.426375" lon="6.369952">
        <ele>1819.459857</ele>
        <time>2026-09-03T13:07:45.840Z</time>
      </trkpt>
      <trkpt lat="45.426320" lon="6.370097">
        <ele>1818.412463</ele>
        <time>2026-09-03T13:07:46.823Z</time>
      </trkpt>
      <trkpt lat="45.426252" lon="6.370243">
        <ele>1817.298964</ele>
        <time>2026-09-03T13:07:47.838Z</time>
      </trkpt>
      <trkpt lat="45.426173" lon="6.370370">
        <ele>1816.220545</ele>
        <time>2026-09-03T13:07:48.838Z</time>
      </trkpt>
      <trkpt lat="45.426097" lon="6.370492">
        <ele>1815.183921</ele>
        <time>2026-09-03T13:07:49.837Z</time>
      </trkpt>
      <trkpt lat="45.426032" lon="6.370618">
        <ele>1814.190193</ele>
        <time>2026-09-03T13:07:50.836Z</time>
      </trkpt>
      <trkpt lat="45.425977" lon="6.370755">
        <ele>1813.140781</ele>
        <time>2026-09-03T13:07:51.840Z</time>
      </trkpt>
      <trkpt lat="45.425940" lon="6.370903">
        <ele>1812.062325</ele>
        <time>2026-09-03T13:07:52.842Z</time>
      </trkpt>
      <trkpt lat="45.425922" lon="6.371060">
        <ele>1810.970335</ele>
        <time>2026-09-03T13:07:53.834Z</time>
      </trkpt>
      <trkpt lat="45.425928" lon="6.371220">
        <ele>1809.870469</ele>
        <time>2026-09-03T13:07:54.848Z</time>
      </trkpt>
      <trkpt lat="45.425948" lon="6.371380">
        <ele>1808.754887</ele>
        <time>2026-09-03T13:07:55.846Z</time>
      </trkpt>
      <trkpt lat="45.425978" lon="6.371540">
        <ele>1807.618069</ele>
        <time>2026-09-03T13:07:56.812Z</time>
      </trkpt>
      <trkpt lat="45.426020" lon="6.371702">
        <ele>1806.432595</ele>
        <time>2026-09-03T13:07:57.838Z</time>
      </trkpt>
      <trkpt lat="45.426070" lon="6.371862">
        <ele>1805.230344</ele>
        <time>2026-09-03T13:07:58.837Z</time>
      </trkpt>
      <trkpt lat="45.426118" lon="6.372020">
        <ele>1804.048528</ele>
        <time>2026-09-03T13:07:59.833Z</time>
      </trkpt>
      <trkpt lat="45.426163" lon="6.372182">
        <ele>1802.852572</ele>
        <time>2026-09-03T13:08:00.840Z</time>
      </trkpt>
      <trkpt lat="45.426203" lon="6.372353">
        <ele>1801.615290</ele>
        <time>2026-09-03T13:08:01.838Z</time>
      </trkpt>
      <trkpt lat="45.426235" lon="6.372525">
        <ele>1800.393845</ele>
        <time>2026-09-03T13:08:02.835Z</time>
      </trkpt>
      <trkpt lat="45.426260" lon="6.372693">
        <ele>1799.215000</ele>
        <time>2026-09-03T13:08:03.832Z</time>
      </trkpt>
      <trkpt lat="45.426278" lon="6.372857">
        <ele>1798.075568</ele>
        <time>2026-09-03T13:08:04.845Z</time>
      </trkpt>
      <trkpt lat="45.426285" lon="6.373013">
        <ele>1797.002547</ele>
        <time>2026-09-03T13:08:05.843Z</time>
      </trkpt>
      <trkpt lat="45.426273" lon="6.373168">
        <ele>1796.017450</ele>
        <time>2026-09-03T13:08:06.846Z</time>
      </trkpt>
      <trkpt lat="45.426242" lon="6.373315">
        <ele>1795.334812</ele>
        <time>2026-09-03T13:08:07.845Z</time>
      </trkpt>
      <trkpt lat="45.426197" lon="6.373462">
        <ele>1794.621566</ele>
        <time>2026-09-03T13:08:08.840Z</time>
      </trkpt>
      <trkpt lat="45.426147" lon="6.373610">
        <ele>1793.891067</ele>
        <time>2026-09-03T13:08:09.849Z</time>
      </trkpt>
      <trkpt lat="45.426097" lon="6.373750">
        <ele>1793.192454</ele>
        <time>2026-09-03T13:08:10.838Z</time>
      </trkpt>
      <trkpt lat="45.426047" lon="6.373877">
        <ele>1792.544838</ele>
        <time>2026-09-03T13:08:11.844Z</time>
      </trkpt>
      <trkpt lat="45.425992" lon="6.373980">
        <ele>1791.969245</ele>
        <time>2026-09-03T13:08:12.835Z</time>
      </trkpt>
      <trkpt lat="45.425868" lon="6.374092">
        <ele>1791.038900</ele>
        <time>2026-09-03T13:08:14.842Z</time>
      </trkpt>
      <trkpt lat="45.425733" lon="6.373998">
        <ele>1790.086743</ele>
        <time>2026-09-03T13:08:16.840Z</time>
      </trkpt>
      <trkpt lat="45.425673" lon="6.373785">
        <ele>1789.065992</ele>
        <time>2026-09-03T13:08:18.820Z</time>
      </trkpt>
      <trkpt lat="45.425745" lon="6.373568">
        <ele>1787.998492</ele>
        <time>2026-09-03T13:08:20.841Z</time>
      </trkpt>
      <trkpt lat="45.425850" lon="6.373363">
        <ele>1786.869802</ele>
        <time>2026-09-03T13:08:22.813Z</time>
      </trkpt>
      <trkpt lat="45.425880" lon="6.373233">
        <ele>1786.261189</ele>
        <time>2026-09-03T13:08:23.839Z</time>
      </trkpt>
      <trkpt lat="45.425858" lon="6.372990">
        <ele>1785.171518</ele>
        <time>2026-09-03T13:08:25.811Z</time>
      </trkpt>
      <trkpt lat="45.425802" lon="6.372882">
        <ele>1784.546011</ele>
        <time>2026-09-03T13:08:26.842Z</time>
      </trkpt>
      <trkpt lat="45.425737" lon="6.372785">
        <ele>1783.866109</ele>
        <time>2026-09-03T13:08:27.838Z</time>
      </trkpt>
      <trkpt lat="45.425678" lon="6.372685">
        <ele>1783.203812</ele>
        <time>2026-09-03T13:08:28.846Z</time>
      </trkpt>
      <trkpt lat="45.425625" lon="6.372573">
        <ele>1782.519006</ele>
        <time>2026-09-03T13:08:29.836Z</time>
      </trkpt>
      <trkpt lat="45.425578" lon="6.372453">
        <ele>1781.822333</ele>
        <time>2026-09-03T13:08:30.842Z</time>
      </trkpt>
      <trkpt lat="45.425535" lon="6.372332">
        <ele>1781.134755</ele>
        <time>2026-09-03T13:08:31.837Z</time>
      </trkpt>
      <trkpt lat="45.425488" lon="6.372212">
        <ele>1780.438081</ele>
        <time>2026-09-03T13:08:32.844Z</time>
      </trkpt>
      <trkpt lat="45.425435" lon="6.372092">
        <ele>1779.719289</ele>
        <time>2026-09-03T13:08:33.847Z</time>
      </trkpt>
      <trkpt lat="45.425375" lon="6.371973">
        <ele>1778.976462</ele>
        <time>2026-09-03T13:08:34.845Z</time>
      </trkpt>
      <trkpt lat="45.425312" lon="6.371858">
        <ele>1778.236875</ele>
        <time>2026-09-03T13:08:35.843Z</time>
      </trkpt>
      <trkpt lat="45.425250" lon="6.371735">
        <ele>1777.469149</ele>
        <time>2026-09-03T13:08:36.841Z</time>
      </trkpt>
      <trkpt lat="45.425203" lon="6.371603">
        <ele>1776.718763</ele>
        <time>2026-09-03T13:08:37.849Z</time>
      </trkpt>
      <trkpt lat="45.425165" lon="6.371463">
        <ele>1775.957783</ele>
        <time>2026-09-03T13:08:38.840Z</time>
      </trkpt>
      <trkpt lat="45.425132" lon="6.371318">
        <ele>1775.185000</ele>
        <time>2026-09-03T13:08:39.843Z</time>
      </trkpt>
      <trkpt lat="45.425100" lon="6.371170">
        <ele>1774.399893</ele>
        <time>2026-09-03T13:08:40.848Z</time>
      </trkpt>
      <trkpt lat="45.425067" lon="6.371020">
        <ele>1773.602959</ele>
        <time>2026-09-03T13:08:41.844Z</time>
      </trkpt>
      <trkpt lat="45.425032" lon="6.370868">
        <ele>1772.791957</ele>
        <time>2026-09-03T13:08:42.836Z</time>
      </trkpt>
      <trkpt lat="45.424993" lon="6.370718">
        <ele>1771.981004</ele>
        <time>2026-09-03T13:08:43.840Z</time>
      </trkpt>
      <trkpt lat="45.424955" lon="6.370572">
        <ele>1771.131400</ele>
        <time>2026-09-03T13:08:44.845Z</time>
      </trkpt>
      <trkpt lat="45.424920" lon="6.370423">
        <ele>1770.253989</ele>
        <time>2026-09-03T13:08:45.832Z</time>
      </trkpt>
      <trkpt lat="45.424895" lon="6.370270">
        <ele>1769.376757</ele>
        <time>2026-09-03T13:08:46.845Z</time>
      </trkpt>
      <trkpt lat="45.424882" lon="6.370110">
        <ele>1768.477317</ele>
        <time>2026-09-03T13:08:47.840Z</time>
      </trkpt>
      <trkpt lat="45.424880" lon="6.369948">
        <ele>1767.572535</ele>
        <time>2026-09-03T13:08:48.835Z</time>
      </trkpt>
      <trkpt lat="45.424893" lon="6.369790">
        <ele>1766.684188</ele>
        <time>2026-09-03T13:08:49.837Z</time>
      </trkpt>
      <trkpt lat="45.424918" lon="6.369645">
        <ele>1765.850405</ele>
        <time>2026-09-03T13:08:50.842Z</time>
      </trkpt>
      <trkpt lat="45.424952" lon="6.369512">
        <ele>1765.059973</ele>
        <time>2026-09-03T13:08:51.836Z</time>
      </trkpt>
      <trkpt lat="45.425005" lon="6.369403">
        <ele>1764.319491</ele>
        <time>2026-09-03T13:08:52.827Z</time>
      </trkpt>
      <trkpt lat="45.425075" lon="6.369308">
        <ele>1763.550319</ele>
        <time>2026-09-03T13:08:53.833Z</time>
      </trkpt>
      <trkpt lat="45.425143" lon="6.369215">
        <ele>1762.800367</ele>
        <time>2026-09-03T13:08:54.845Z</time>
      </trkpt>
      <trkpt lat="45.425193" lon="6.369107">
        <ele>1762.077883</ele>
        <time>2026-09-03T13:08:55.840Z</time>
      </trkpt>
      <trkpt lat="45.425205" lon="6.368863">
        <ele>1760.712003</ele>
        <time>2026-09-03T13:08:57.810Z</time>
      </trkpt>
      <trkpt lat="45.425155" lon="6.368750">
        <ele>1759.966054</ele>
        <time>2026-09-03T13:08:58.839Z</time>
      </trkpt>
      <trkpt lat="45.425080" lon="6.368642">
        <ele>1759.117636</ele>
        <time>2026-09-03T13:08:59.839Z</time>
      </trkpt>
      <trkpt lat="45.425013" lon="6.368530">
        <ele>1758.295845</ele>
        <time>2026-09-03T13:09:00.840Z</time>
      </trkpt>
      <trkpt lat="45.424955" lon="6.368410">
        <ele>1757.482212</ele>
        <time>2026-09-03T13:09:01.837Z</time>
      </trkpt>
      <trkpt lat="45.424900" lon="6.368280">
        <ele>1756.581449</ele>
        <time>2026-09-03T13:09:02.835Z</time>
      </trkpt>
      <trkpt lat="45.424850" lon="6.368140">
        <ele>1755.648727</ele>
        <time>2026-09-03T13:09:03.831Z</time>
      </trkpt>
      <trkpt lat="45.424803" lon="6.367997">
        <ele>1754.711135</ele>
        <time>2026-09-03T13:09:04.837Z</time>
      </trkpt>
      <trkpt lat="45.424752" lon="6.367857">
        <ele>1753.774544</ele>
        <time>2026-09-03T13:09:05.848Z</time>
      </trkpt>
      <trkpt lat="45.424688" lon="6.367722">
        <ele>1752.807212</ele>
        <time>2026-09-03T13:09:06.832Z</time>
      </trkpt>
      <trkpt lat="45.424615" lon="6.367592">
        <ele>1751.818643</ele>
        <time>2026-09-03T13:09:07.841Z</time>
      </trkpt>
      <trkpt lat="45.424535" lon="6.367472">
        <ele>1750.835899</ele>
        <time>2026-09-03T13:09:08.837Z</time>
      </trkpt>
      <trkpt lat="45.424452" lon="6.367353">
        <ele>1749.839727</ele>
        <time>2026-09-03T13:09:09.834Z</time>
      </trkpt>
      <trkpt lat="45.424375" lon="6.367225">
        <ele>1748.838714</ele>
        <time>2026-09-03T13:09:10.842Z</time>
      </trkpt>
      <trkpt lat="45.424308" lon="6.367087">
        <ele>1747.842348</ele>
        <time>2026-09-03T13:09:11.842Z</time>
      </trkpt>
      <trkpt lat="45.424250" lon="6.366937">
        <ele>1746.825454</ele>
        <time>2026-09-03T13:09:12.837Z</time>
      </trkpt>
      <trkpt lat="45.424200" lon="6.366790">
        <ele>1745.855495</ele>
        <time>2026-09-03T13:09:13.840Z</time>
      </trkpt>
      <trkpt lat="45.424163" lon="6.366648">
        <ele>1744.956094</ele>
        <time>2026-09-03T13:09:14.835Z</time>
      </trkpt>
      <trkpt lat="45.424147" lon="6.366513">
        <ele>1744.143139</ele>
        <time>2026-09-03T13:09:15.838Z</time>
      </trkpt>
      <trkpt lat="45.424173" lon="6.366275">
        <ele>1742.712921</ele>
        <time>2026-09-03T13:09:17.836Z</time>
      </trkpt>
      <trkpt lat="45.424297" lon="6.366113">
        <ele>1741.258033</ele>
        <time>2026-09-03T13:09:19.810Z</time>
      </trkpt>
      <trkpt lat="45.424387" lon="6.366073">
        <ele>1740.434394</ele>
        <time>2026-09-03T13:09:20.839Z</time>
      </trkpt>
      <trkpt lat="45.424482" lon="6.366055">
        <ele>1739.597133</ele>
        <time>2026-09-03T13:09:21.843Z</time>
      </trkpt>
      <trkpt lat="45.424582" lon="6.366053">
        <ele>1738.723410</ele>
        <time>2026-09-03T13:09:22.834Z</time>
      </trkpt>
      <trkpt lat="45.424682" lon="6.366052">
        <ele>1737.849752</ele>
        <time>2026-09-03T13:09:23.836Z</time>
      </trkpt>
      <trkpt lat="45.424772" lon="6.366032">
        <ele>1737.053974</ele>
        <time>2026-09-03T13:09:24.837Z</time>
      </trkpt>
      <trkpt lat="45.424893" lon="6.365872">
        <ele>1735.611780</ele>
        <time>2026-09-03T13:09:26.835Z</time>
      </trkpt>
      <trkpt lat="45.424908" lon="6.365628">
        <ele>1734.109950</ele>
        <time>2026-09-03T13:09:28.816Z</time>
      </trkpt>
      <trkpt lat="45.424878" lon="6.365495">
        <ele>1733.253371</ele>
        <time>2026-09-03T13:09:29.849Z</time>
      </trkpt>
      <trkpt lat="45.424850" lon="6.365357">
        <ele>1732.372565</ele>
        <time>2026-09-03T13:09:30.846Z</time>
      </trkpt>
      <trkpt lat="45.424835" lon="6.365220">
        <ele>1731.522380</ele>
        <time>2026-09-03T13:09:31.841Z</time>
      </trkpt>
      <trkpt lat="45.424843" lon="6.365088">
        <ele>1730.710001</ele>
        <time>2026-09-03T13:09:32.851Z</time>
      </trkpt>
      <trkpt lat="45.424885" lon="6.364968">
        <ele>1729.887797</ele>
        <time>2026-09-03T13:09:33.844Z</time>
      </trkpt>
      <trkpt lat="45.424953" lon="6.364872">
        <ele>1729.051491</ele>
        <time>2026-09-03T13:09:34.843Z</time>
      </trkpt>
      <trkpt lat="45.425025" lon="6.364777">
        <ele>1728.194188</ele>
        <time>2026-09-03T13:09:35.840Z</time>
      </trkpt>
      <trkpt lat="45.425092" lon="6.364663">
        <ele>1727.282479</ele>
        <time>2026-09-03T13:09:36.837Z</time>
      </trkpt>
      <trkpt lat="45.425147" lon="6.364537">
        <ele>1726.356660</ele>
        <time>2026-09-03T13:09:37.840Z</time>
      </trkpt>
      <trkpt lat="45.425193" lon="6.364400">
        <ele>1725.337984</ele>
        <time>2026-09-03T13:09:38.819Z</time>
      </trkpt>
      <trkpt lat="45.425238" lon="6.364255">
        <ele>1724.274552</ele>
        <time>2026-09-03T13:09:39.839Z</time>
      </trkpt>
      <trkpt lat="45.425283" lon="6.364105">
        <ele>1723.180365</ele>
        <time>2026-09-03T13:09:40.844Z</time>
      </trkpt>
      <trkpt lat="45.425333" lon="6.363953">
        <ele>1722.054396</ele>
        <time>2026-09-03T13:09:41.842Z</time>
      </trkpt>
      <trkpt lat="45.425378" lon="6.363793">
        <ele>1720.898233</ele>
        <time>2026-09-03T13:09:42.835Z</time>
      </trkpt>
      <trkpt lat="45.425422" lon="6.363633">
        <ele>1719.745591</ele>
        <time>2026-09-03T13:09:43.840Z</time>
      </trkpt>
      <trkpt lat="45.425462" lon="6.363477">
        <ele>1718.631579</ele>
        <time>2026-09-03T13:09:44.845Z</time>
      </trkpt>
      <trkpt lat="45.425498" lon="6.363327">
        <ele>1717.568256</ele>
        <time>2026-09-03T13:09:45.841Z</time>
      </trkpt>
      <trkpt lat="45.425533" lon="6.363183">
        <ele>1716.546099</ele>
        <time>2026-09-03T13:09:46.845Z</time>
      </trkpt>
      <trkpt lat="45.425562" lon="6.363048">
        <ele>1715.599125</ele>
        <time>2026-09-03T13:09:47.848Z</time>
      </trkpt>
      <trkpt lat="45.425562" lon="6.362912">
        <ele>1714.686909</ele>
        <time>2026-09-03T13:09:48.839Z</time>
      </trkpt>
      <trkpt lat="45.425530" lon="6.362782">
        <ele>1713.762862</ele>
        <time>2026-09-03T13:09:49.842Z</time>
      </trkpt>
      <trkpt lat="45.425468" lon="6.362665">
        <ele>1712.779515</ele>
        <time>2026-09-03T13:09:50.839Z</time>
      </trkpt>
      <trkpt lat="45.425397" lon="6.362558">
        <ele>1711.791829</ele>
        <time>2026-09-03T13:09:51.847Z</time>
      </trkpt>
      <trkpt lat="45.425322" lon="6.362448">
        <ele>1710.763162</ele>
        <time>2026-09-03T13:09:52.835Z</time>
      </trkpt>
      <trkpt lat="45.425248" lon="6.362330">
        <ele>1709.701743</ele>
        <time>2026-09-03T13:09:53.843Z</time>
      </trkpt>
      <trkpt lat="45.425172" lon="6.362210">
        <ele>1708.703632</ele>
        <time>2026-09-03T13:09:54.844Z</time>
      </trkpt>
      <trkpt lat="45.425093" lon="6.362092">
        <ele>1707.737724</ele>
        <time>2026-09-03T13:09:55.839Z</time>
      </trkpt>
      <trkpt lat="45.425012" lon="6.361970">
        <ele>1706.743015</ele>
        <time>2026-09-03T13:09:56.845Z</time>
      </trkpt>
      <trkpt lat="45.424928" lon="6.361848">
        <ele>1705.730738</ele>
        <time>2026-09-03T13:09:57.840Z</time>
      </trkpt>
      <trkpt lat="45.424845" lon="6.361725">
        <ele>1704.720091</ele>
        <time>2026-09-03T13:09:58.836Z</time>
      </trkpt>
      <trkpt lat="45.424760" lon="6.361600">
        <ele>1703.689199</ele>
        <time>2026-09-03T13:09:59.841Z</time>
      </trkpt>
      <trkpt lat="45.424677" lon="6.361478">
        <ele>1702.682812</ele>
        <time>2026-09-03T13:10:00.838Z</time>
      </trkpt>
      <trkpt lat="45.424597" lon="6.361367">
        <ele>1701.740436</ele>
        <time>2026-09-03T13:10:01.846Z</time>
      </trkpt>
      <trkpt lat="45.424510" lon="6.361262">
        <ele>1700.778218</ele>
        <time>2026-09-03T13:10:02.842Z</time>
      </trkpt>
      <trkpt lat="45.424420" lon="6.361160">
        <ele>1699.807705</ele>
        <time>2026-09-03T13:10:03.844Z</time>
      </trkpt>
      <trkpt lat="45.424328" lon="6.361063">
        <ele>1698.841830</ele>
        <time>2026-09-03T13:10:04.832Z</time>
      </trkpt>
      <trkpt lat="45.424237" lon="6.360973">
        <ele>1697.906973</ele>
        <time>2026-09-03T13:10:05.835Z</time>
      </trkpt>
      <trkpt lat="45.424145" lon="6.360893">
        <ele>1696.997385</ele>
        <time>2026-09-03T13:10:06.842Z</time>
      </trkpt>
      <trkpt lat="45.424053" lon="6.360817">
        <ele>1696.099911</ele>
        <time>2026-09-03T13:10:07.839Z</time>
      </trkpt>
      <trkpt lat="45.423965" lon="6.360742">
        <ele>1695.234531</ele>
        <time>2026-09-03T13:10:08.838Z</time>
      </trkpt>
      <trkpt lat="45.423878" lon="6.360672">
        <ele>1694.391332</ele>
        <time>2026-09-03T13:10:09.837Z</time>
      </trkpt>
      <trkpt lat="45.423793" lon="6.360602">
        <ele>1693.563350</ele>
        <time>2026-09-03T13:10:10.840Z</time>
      </trkpt>
      <trkpt lat="45.423710" lon="6.360535">
        <ele>1692.759021</ele>
        <time>2026-09-03T13:10:11.841Z</time>
      </trkpt>
      <trkpt lat="45.423630" lon="6.360468">
        <ele>1691.976600</ele>
        <time>2026-09-03T13:10:12.855Z</time>
      </trkpt>
      <trkpt lat="45.423492" lon="6.360315">
        <ele>1690.502278</ele>
        <time>2026-09-03T13:10:14.807Z</time>
      </trkpt>
      <trkpt lat="45.423405" lon="6.360137">
        <ele>1689.218667</ele>
        <time>2026-09-03T13:10:16.806Z</time>
      </trkpt>
      <trkpt lat="45.423352" lon="6.359918">
        <ele>1687.847797</ele>
        <time>2026-09-03T13:10:18.807Z</time>
      </trkpt>
      <trkpt lat="45.423330" lon="6.359687">
        <ele>1686.468263</ele>
        <time>2026-09-03T13:10:20.805Z</time>
      </trkpt>
      <trkpt lat="45.423215" lon="6.359490">
        <ele>1684.951930</ele>
        <time>2026-09-03T13:10:22.811Z</time>
      </trkpt>
      <trkpt lat="45.423087" lon="6.359300">
        <ele>1683.393411</ele>
        <time>2026-09-03T13:10:24.811Z</time>
      </trkpt>
      <trkpt lat="45.422995" lon="6.359085">
        <ele>1681.903267</ele>
        <time>2026-09-03T13:10:26.808Z</time>
      </trkpt>
      <trkpt lat="45.422960" lon="6.358838">
        <ele>1680.412076</ele>
        <time>2026-09-03T13:10:28.808Z</time>
      </trkpt>
      <trkpt lat="45.422960" lon="6.358593">
        <ele>1678.972655</ele>
        <time>2026-09-03T13:10:30.813Z</time>
      </trkpt>
      <trkpt lat="45.422955" lon="6.358387">
        <ele>1678.025897</ele>
        <time>2026-09-03T13:10:32.810Z</time>
      </trkpt>
      <trkpt lat="45.422888" lon="6.358235">
        <ele>1677.201471</ele>
        <time>2026-09-03T13:10:34.808Z</time>
      </trkpt>
      <trkpt lat="45.422760" lon="6.358243">
        <ele>1676.363007</ele>
        <time>2026-09-03T13:10:36.799Z</time>
      </trkpt>
      <trkpt lat="45.422680" lon="6.358402">
        <ele>1675.464423</ele>
        <time>2026-09-03T13:10:38.811Z</time>
      </trkpt>
      <trkpt lat="45.422668" lon="6.358603">
        <ele>1674.537858</ele>
        <time>2026-09-03T13:10:40.814Z</time>
      </trkpt>
      <trkpt lat="45.422668" lon="6.358817">
        <ele>1673.554915</ele>
        <time>2026-09-03T13:10:42.827Z</time>
      </trkpt>
      <trkpt lat="45.422652" lon="6.359042">
        <ele>1672.516157</ele>
        <time>2026-09-03T13:10:44.828Z</time>
      </trkpt>
      <trkpt lat="45.422598" lon="6.359275">
        <ele>1671.389107</ele>
        <time>2026-09-03T13:10:46.838Z</time>
      </trkpt>
      <trkpt lat="45.422540" lon="6.359488">
        <ele>1670.339707</ele>
        <time>2026-09-03T13:10:48.835Z</time>
      </trkpt>
      <trkpt lat="45.422497" lon="6.359677">
        <ele>1669.427123</ele>
        <time>2026-09-03T13:10:50.830Z</time>
      </trkpt>
      <trkpt lat="45.422457" lon="6.359902">
        <ele>1668.361015</ele>
        <time>2026-09-03T13:10:52.831Z</time>
      </trkpt>
      <trkpt lat="45.422448" lon="6.360128">
        <ele>1667.321280</ele>
        <time>2026-09-03T13:10:54.843Z</time>
      </trkpt>
      <trkpt lat="45.422447" lon="6.360365">
        <ele>1665.705719</ele>
        <time>2026-09-03T13:10:56.807Z</time>
      </trkpt>
      <trkpt lat="45.422452" lon="6.360602">
        <ele>1664.045884</ele>
        <time>2026-09-03T13:10:58.834Z</time>
      </trkpt>
      <trkpt lat="45.422483" lon="6.360817">
        <ele>1662.509376</ele>
        <time>2026-09-03T13:11:00.814Z</time>
      </trkpt>
      <trkpt lat="45.422543" lon="6.361012">
        <ele>1661.018896</ele>
        <time>2026-09-03T13:11:02.838Z</time>
      </trkpt>
      <trkpt lat="45.422592" lon="6.361200">
        <ele>1659.615018</ele>
        <time>2026-09-03T13:11:04.838Z</time>
      </trkpt>
      <trkpt lat="45.422538" lon="6.361322">
        <ele>1658.605334</ele>
        <time>2026-09-03T13:11:06.813Z</time>
      </trkpt>
      <trkpt lat="45.422443" lon="6.361338">
        <ele>1657.651224</ele>
        <time>2026-09-03T13:11:08.838Z</time>
      </trkpt>
      <trkpt lat="45.422352" lon="6.361223">
        <ele>1656.438021</ele>
        <time>2026-09-03T13:11:10.839Z</time>
      </trkpt>
      <trkpt lat="45.422252" lon="6.361083">
        <ele>1655.039709</ele>
        <time>2026-09-03T13:11:12.837Z</time>
      </trkpt>
      <trkpt lat="45.422152" lon="6.360947">
        <ele>1653.660878</ele>
        <time>2026-09-03T13:11:14.837Z</time>
      </trkpt>
      <trkpt lat="45.422045" lon="6.360822">
        <ele>1652.280796</ele>
        <time>2026-09-03T13:11:16.810Z</time>
      </trkpt>
      <trkpt lat="45.421937" lon="6.360663">
        <ele>1650.731856</ele>
        <time>2026-09-03T13:11:18.847Z</time>
      </trkpt>
      <trkpt lat="45.421843" lon="6.360483">
        <ele>1649.195746</ele>
        <time>2026-09-03T13:11:20.819Z</time>
      </trkpt>
      <trkpt lat="45.421795" lon="6.360278">
        <ele>1648.062143</ele>
        <time>2026-09-03T13:11:22.838Z</time>
      </trkpt>
      <trkpt lat="45.421775" lon="6.360058">
        <ele>1646.898473</ele>
        <time>2026-09-03T13:11:24.845Z</time>
      </trkpt>
      <trkpt lat="45.421750" lon="6.359853">
        <ele>1645.807015</ele>
        <time>2026-09-03T13:11:26.814Z</time>
      </trkpt>
      <trkpt lat="45.421678" lon="6.359738">
        <ele>1644.998650</ele>
        <time>2026-09-03T13:11:28.844Z</time>
      </trkpt>
      <trkpt lat="45.421570" lon="6.359780">
        <ele>1644.161973</ele>
        <time>2026-09-03T13:11:30.841Z</time>
      </trkpt>
      <trkpt lat="45.421508" lon="6.359942">
        <ele>1643.194063</ele>
        <time>2026-09-03T13:11:32.825Z</time>
      </trkpt>
      <trkpt lat="45.421498" lon="6.360135">
        <ele>1642.178905</ele>
        <time>2026-09-03T13:11:34.797Z</time>
      </trkpt>
      <trkpt lat="45.421488" lon="6.360357">
        <ele>1641.011981</ele>
        <time>2026-09-03T13:11:36.802Z</time>
      </trkpt>
      <trkpt lat="45.421480" lon="6.360570">
        <ele>1639.893066</ele>
        <time>2026-09-03T13:11:38.802Z</time>
      </trkpt>
      <trkpt lat="45.421488" lon="6.360798">
        <ele>1638.695571</ele>
        <time>2026-09-03T13:11:40.818Z</time>
      </trkpt>
      <trkpt lat="45.421507" lon="6.361018">
        <ele>1637.532832</ele>
        <time>2026-09-03T13:11:42.803Z</time>
      </trkpt>
      <trkpt lat="45.421540" lon="6.361223">
        <ele>1636.429561</ele>
        <time>2026-09-03T13:11:44.821Z</time>
      </trkpt>
      <trkpt lat="45.421593" lon="6.361420">
        <ele>1635.131764</ele>
        <time>2026-09-03T13:11:46.857Z</time>
      </trkpt>
      <trkpt lat="45.421653" lon="6.361630">
        <ele>1633.516490</ele>
        <time>2026-09-03T13:11:48.810Z</time>
      </trkpt>
      <trkpt lat="45.421677" lon="6.361822">
        <ele>1632.127133</ele>
        <time>2026-09-03T13:11:50.820Z</time>
      </trkpt>
      <trkpt lat="45.421640" lon="6.361952">
        <ele>1631.127748</ele>
        <time>2026-09-03T13:11:52.810Z</time>
      </trkpt>
      <trkpt lat="45.421553" lon="6.361995">
        <ele>1630.193069</ele>
        <time>2026-09-03T13:11:54.811Z</time>
      </trkpt>
      <trkpt lat="45.421450" lon="6.361887">
        <ele>1628.895008</ele>
        <time>2026-09-03T13:11:56.811Z</time>
      </trkpt>
      <trkpt lat="45.421405" lon="6.361685">
        <ele>1627.385181</ele>
        <time>2026-09-03T13:11:58.810Z</time>
      </trkpt>
      <trkpt lat="45.421342" lon="6.361480">
        <ele>1625.790869</ele>
        <time>2026-09-03T13:12:00.812Z</time>
      </trkpt>
      <trkpt lat="45.421235" lon="6.361315">
        <ele>1624.190466</ele>
        <time>2026-09-03T13:12:02.831Z</time>
      </trkpt>
      <trkpt lat="45.421117" lon="6.361168">
        <ele>1622.599479</ele>
        <time>2026-09-03T13:12:04.811Z</time>
      </trkpt>
      <trkpt lat="45.421002" lon="6.360993">
        <ele>1620.891605</ele>
        <time>2026-09-03T13:12:06.837Z</time>
      </trkpt>
      <trkpt lat="45.420922" lon="6.360782">
        <ele>1619.183098</ele>
        <time>2026-09-03T13:12:08.831Z</time>
      </trkpt>
      <trkpt lat="45.420857" lon="6.360542">
        <ele>1617.375309</ele>
        <time>2026-09-03T13:12:10.832Z</time>
      </trkpt>
      <trkpt lat="45.420820" lon="6.360418">
        <ele>1616.511069</ele>
        <time>2026-09-03T13:12:11.831Z</time>
      </trkpt>
      <trkpt lat="45.420785" lon="6.360298">
        <ele>1615.677563</ele>
        <time>2026-09-03T13:12:12.833Z</time>
      </trkpt>
      <trkpt lat="45.420727" lon="6.360063">
        <ele>1614.079766</ele>
        <time>2026-09-03T13:12:14.807Z</time>
      </trkpt>
      <trkpt lat="45.420688" lon="6.359940">
        <ele>1613.214061</ele>
        <time>2026-09-03T13:12:15.822Z</time>
      </trkpt>
      <trkpt lat="45.420607" lon="6.359727">
        <ele>1611.660211</ele>
        <time>2026-09-03T13:12:17.842Z</time>
      </trkpt>
      <trkpt lat="45.420533" lon="6.359543">
        <ele>1610.299996</ele>
        <time>2026-09-03T13:12:19.813Z</time>
      </trkpt>
      <trkpt lat="45.420503" lon="6.359372">
        <ele>1609.169429</ele>
        <time>2026-09-03T13:12:21.848Z</time>
      </trkpt>
      <trkpt lat="45.420513" lon="6.359188">
        <ele>1607.985688</ele>
        <time>2026-09-03T13:12:23.810Z</time>
      </trkpt>
      <trkpt lat="45.420503" lon="6.358998">
        <ele>1606.763572</ele>
        <time>2026-09-03T13:12:25.846Z</time>
      </trkpt>
      <trkpt lat="45.420442" lon="6.358853">
        <ele>1605.679256</ele>
        <time>2026-09-03T13:12:27.799Z</time>
      </trkpt>
      <trkpt lat="45.420332" lon="6.358792">
        <ele>1604.600577</ele>
        <time>2026-09-03T13:12:29.842Z</time>
      </trkpt>
      <trkpt lat="45.420242" lon="6.358850">
        <ele>1603.697900</ele>
        <time>2026-09-03T13:12:31.818Z</time>
      </trkpt>
      <trkpt lat="45.420192" lon="6.358977">
        <ele>1602.763901</ele>
        <time>2026-09-03T13:12:33.798Z</time>
      </trkpt>
      <trkpt lat="45.420177" lon="6.359133">
        <ele>1601.753938</ele>
        <time>2026-09-03T13:12:35.807Z</time>
      </trkpt>
      <trkpt lat="45.420172" lon="6.359313">
        <ele>1600.874424</ele>
        <time>2026-09-03T13:12:37.812Z</time>
      </trkpt>
      <trkpt lat="45.420187" lon="6.359518">
        <ele>1600.197918</ele>
        <time>2026-09-03T13:12:39.802Z</time>
      </trkpt>
      <trkpt lat="45.420222" lon="6.359733">
        <ele>1599.473504</ele>
        <time>2026-09-03T13:12:41.813Z</time>
      </trkpt>
      <trkpt lat="45.420250" lon="6.359970">
        <ele>1598.684670</ele>
        <time>2026-09-03T13:12:43.816Z</time>
      </trkpt>
      <trkpt lat="45.420283" lon="6.360182">
        <ele>1597.971929</ele>
        <time>2026-09-03T13:12:45.816Z</time>
      </trkpt>
      <trkpt lat="45.420315" lon="6.360362">
        <ele>1597.362470</ele>
        <time>2026-09-03T13:12:47.799Z</time>
      </trkpt>
      <trkpt lat="45.420290" lon="6.360492">
        <ele>1596.920054</ele>
        <time>2026-09-03T13:12:50.807Z</time>
      </trkpt>
      <trkpt lat="45.420212" lon="6.360372">
        <ele>1596.383238</ele>
        <time>2026-09-03T13:12:54.807Z</time>
      </trkpt>
      <trkpt lat="45.420193" lon="6.360217">
        <ele>1595.866790</ele>
        <time>2026-09-03T13:12:57.822Z</time>
      </trkpt>
      <trkpt lat="45.420167" lon="6.360082">
        <ele>1595.407309</ele>
        <time>2026-09-03T13:12:59.808Z</time>
      </trkpt>
      <trkpt lat="45.420145" lon="6.359922">
        <ele>1594.872167</ele>
        <time>2026-09-03T13:13:01.808Z</time>
      </trkpt>
      <trkpt lat="45.420117" lon="6.359748">
        <ele>1594.286239</ele>
        <time>2026-09-03T13:13:03.826Z</time>
      </trkpt>
      <trkpt lat="45.420082" lon="6.359587">
        <ele>1593.733032</ele>
        <time>2026-09-03T13:13:05.843Z</time>
      </trkpt>
      <trkpt lat="45.420033" lon="6.359442">
        <ele>1593.204819</ele>
        <time>2026-09-03T13:13:07.839Z</time>
      </trkpt>
      <trkpt lat="45.419987" lon="6.359292">
        <ele>1592.620880</ele>
        <time>2026-09-03T13:13:09.814Z</time>
      </trkpt>
      <trkpt lat="45.419943" lon="6.359135">
        <ele>1591.762228</ele>
        <time>2026-09-03T13:13:11.838Z</time>
      </trkpt>
      <trkpt lat="45.419903" lon="6.358967">
        <ele>1590.861163</ele>
        <time>2026-09-03T13:13:13.808Z</time>
      </trkpt>
      <trkpt lat="45.419868" lon="6.358783">
        <ele>1589.892875</ele>
        <time>2026-09-03T13:13:15.844Z</time>
      </trkpt>
      <trkpt lat="45.419843" lon="6.358588">
        <ele>1588.886040</ele>
        <time>2026-09-03T13:13:17.808Z</time>
      </trkpt>
      <trkpt lat="45.419817" lon="6.358383">
        <ele>1587.827936</ele>
        <time>2026-09-03T13:13:19.837Z</time>
      </trkpt>
      <trkpt lat="45.419792" lon="6.358163">
        <ele>1586.695956</ele>
        <time>2026-09-03T13:13:21.808Z</time>
      </trkpt>
      <trkpt lat="45.419782" lon="6.357925">
        <ele>1585.484935</ele>
        <time>2026-09-03T13:13:23.846Z</time>
      </trkpt>
      <trkpt lat="45.419790" lon="6.357668">
        <ele>1584.178289</ele>
        <time>2026-09-03T13:13:25.812Z</time>
      </trkpt>
      <trkpt lat="45.419813" lon="6.357428">
        <ele>1582.947965</ele>
        <time>2026-09-03T13:13:27.842Z</time>
      </trkpt>
      <trkpt lat="45.419827" lon="6.357172">
        <ele>1581.643741</ele>
        <time>2026-09-03T13:13:29.806Z</time>
      </trkpt>
      <trkpt lat="45.419842" lon="6.357040">
        <ele>1580.964554</ele>
        <time>2026-09-03T13:13:30.837Z</time>
      </trkpt>
      <trkpt lat="45.419860" lon="6.356903">
        <ele>1580.256614</ele>
        <time>2026-09-03T13:13:31.813Z</time>
      </trkpt>
      <trkpt lat="45.419885" lon="6.356768">
        <ele>1579.475560</ele>
        <time>2026-09-03T13:13:32.833Z</time>
      </trkpt>
      <trkpt lat="45.419913" lon="6.356640">
        <ele>1578.536541</ele>
        <time>2026-09-03T13:13:33.843Z</time>
      </trkpt>
      <trkpt lat="45.419940" lon="6.356517">
        <ele>1577.633923</ele>
        <time>2026-09-03T13:13:34.831Z</time>
      </trkpt>
      <trkpt lat="45.419953" lon="6.356265">
        <ele>1575.864197</ele>
        <time>2026-09-03T13:13:36.838Z</time>
      </trkpt>
      <trkpt lat="45.419930" lon="6.356138">
        <ele>1574.945579</ele>
        <time>2026-09-03T13:13:37.836Z</time>
      </trkpt>
      <trkpt lat="45.419892" lon="6.356015">
        <ele>1574.004352</ele>
        <time>2026-09-03T13:13:38.837Z</time>
      </trkpt>
      <trkpt lat="45.419845" lon="6.355903">
        <ele>1573.090419</ele>
        <time>2026-09-03T13:13:39.845Z</time>
      </trkpt>
      <trkpt lat="45.419748" lon="6.355695">
        <ele>1571.341392</ele>
        <time>2026-09-03T13:13:41.808Z</time>
      </trkpt>
      <trkpt lat="45.419638" lon="6.355522">
        <ele>1569.706491</ele>
        <time>2026-09-03T13:13:43.835Z</time>
      </trkpt>
      <trkpt lat="45.419498" lon="6.355453">
        <ele>1568.228297</ele>
        <time>2026-09-03T13:13:45.837Z</time>
      </trkpt>
      <trkpt lat="45.419355" lon="6.355465">
        <ele>1566.798924</ele>
        <time>2026-09-03T13:13:47.813Z</time>
      </trkpt>
      <trkpt lat="45.419242" lon="6.355432">
        <ele>1565.647929</ele>
        <time>2026-09-03T13:13:49.839Z</time>
      </trkpt>
      <trkpt lat="45.419207" lon="6.355293">
        <ele>1564.613637</ele>
        <time>2026-09-03T13:13:51.837Z</time>
      </trkpt>
      <trkpt lat="45.419262" lon="6.355130">
        <ele>1563.346937</ele>
        <time>2026-09-03T13:13:53.843Z</time>
      </trkpt>
      <trkpt lat="45.419352" lon="6.354968">
        <ele>1561.899910</ele>
        <time>2026-09-03T13:13:55.842Z</time>
      </trkpt>
      <trkpt lat="45.419443" lon="6.354787">
        <ele>1560.472395</ele>
        <time>2026-09-03T13:13:57.843Z</time>
      </trkpt>
      <trkpt lat="45.419500" lon="6.354562">
        <ele>1558.949438</ele>
        <time>2026-09-03T13:13:59.840Z</time>
      </trkpt>
      <trkpt lat="45.419490" lon="6.354322">
        <ele>1557.418738</ele>
        <time>2026-09-03T13:14:01.842Z</time>
      </trkpt>
      <trkpt lat="45.419435" lon="6.354097">
        <ele>1555.901844</ele>
        <time>2026-09-03T13:14:03.824Z</time>
      </trkpt>
      <trkpt lat="45.419372" lon="6.353870">
        <ele>1554.347725</ele>
        <time>2026-09-03T13:14:05.840Z</time>
      </trkpt>
      <trkpt lat="45.419288" lon="6.353668">
        <ele>1552.852891</ele>
        <time>2026-09-03T13:14:07.843Z</time>
      </trkpt>
      <trkpt lat="45.419192" lon="6.353480">
        <ele>1551.372713</ele>
        <time>2026-09-03T13:14:09.821Z</time>
      </trkpt>
      <trkpt lat="45.419102" lon="6.353275">
        <ele>1549.833255</ele>
        <time>2026-09-03T13:14:11.836Z</time>
      </trkpt>
      <trkpt lat="45.419005" lon="6.353067">
        <ele>1548.243332</ele>
        <time>2026-09-03T13:14:13.841Z</time>
      </trkpt>
      <trkpt lat="45.418948" lon="6.352958">
        <ele>1547.377933</ele>
        <time>2026-09-03T13:14:14.839Z</time>
      </trkpt>
      <trkpt lat="45.418885" lon="6.352852">
        <ele>1546.493620</ele>
        <time>2026-09-03T13:14:15.845Z</time>
      </trkpt>
      <trkpt lat="45.418813" lon="6.352748">
        <ele>1545.563594</ele>
        <time>2026-09-03T13:14:16.837Z</time>
      </trkpt>
      <trkpt lat="45.418745" lon="6.352648">
        <ele>1544.807661</ele>
        <time>2026-09-03T13:14:17.834Z</time>
      </trkpt>
      <trkpt lat="45.418678" lon="6.352548">
        <ele>1544.071464</ele>
        <time>2026-09-03T13:14:18.838Z</time>
      </trkpt>
      <trkpt lat="45.418612" lon="6.352450">
        <ele>1543.348206</ele>
        <time>2026-09-03T13:14:19.835Z</time>
      </trkpt>
      <trkpt lat="45.418542" lon="6.352357">
        <ele>1542.622030</ele>
        <time>2026-09-03T13:14:20.839Z</time>
      </trkpt>
      <trkpt lat="45.418472" lon="6.352263">
        <ele>1541.892212</ele>
        <time>2026-09-03T13:14:21.838Z</time>
      </trkpt>
      <trkpt lat="45.418400" lon="6.352173">
        <ele>1541.165500</ele>
        <time>2026-09-03T13:14:22.837Z</time>
      </trkpt>
      <trkpt lat="45.418328" lon="6.352078">
        <ele>1540.420957</ele>
        <time>2026-09-03T13:14:23.848Z</time>
      </trkpt>
      <trkpt lat="45.418260" lon="6.351980">
        <ele>1539.687111</ele>
        <time>2026-09-03T13:14:24.839Z</time>
      </trkpt>
      <trkpt lat="45.418200" lon="6.351863">
        <ele>1538.915463</ele>
        <time>2026-09-03T13:14:25.840Z</time>
      </trkpt>
      <trkpt lat="45.418150" lon="6.351738">
        <ele>1538.149284</ele>
        <time>2026-09-03T13:14:26.841Z</time>
      </trkpt>
      <trkpt lat="45.418103" lon="6.351608">
        <ele>1537.370541</ele>
        <time>2026-09-03T13:14:27.838Z</time>
      </trkpt>
      <trkpt lat="45.418053" lon="6.351477">
        <ele>1536.576442</ele>
        <time>2026-09-03T13:14:28.847Z</time>
      </trkpt>
      <trkpt lat="45.418000" lon="6.351350">
        <ele>1535.789605</ele>
        <time>2026-09-03T13:14:29.843Z</time>
      </trkpt>
      <trkpt lat="45.417945" lon="6.351228">
        <ele>1535.017441</ele>
        <time>2026-09-03T13:14:30.847Z</time>
      </trkpt>
      <trkpt lat="45.417893" lon="6.351107">
        <ele>1534.261882</ele>
        <time>2026-09-03T13:14:31.846Z</time>
      </trkpt>
      <trkpt lat="45.417842" lon="6.350985">
        <ele>1533.505685</ele>
        <time>2026-09-03T13:14:32.845Z</time>
      </trkpt>
      <trkpt lat="45.417788" lon="6.350863">
        <ele>1532.737593</ele>
        <time>2026-09-03T13:14:33.845Z</time>
      </trkpt>
      <trkpt lat="45.417730" lon="6.350745">
        <ele>1531.970437</ele>
        <time>2026-09-03T13:14:34.837Z</time>
      </trkpt>
      <trkpt lat="45.417673" lon="6.350627">
        <ele>1531.355342</ele>
        <time>2026-09-03T13:14:35.840Z</time>
      </trkpt>
      <trkpt lat="45.417617" lon="6.350507">
        <ele>1530.770384</ele>
        <time>2026-09-03T13:14:36.839Z</time>
      </trkpt>
      <trkpt lat="45.417560" lon="6.350392">
        <ele>1530.198902</ele>
        <time>2026-09-03T13:14:37.829Z</time>
      </trkpt>
      <trkpt lat="45.417503" lon="6.350277">
        <ele>1529.627419</ele>
        <time>2026-09-03T13:14:38.835Z</time>
      </trkpt>
      <trkpt lat="45.417448" lon="6.350160">
        <ele>1529.055800</ele>
        <time>2026-09-03T13:14:39.843Z</time>
      </trkpt>
      <trkpt lat="45.417398" lon="6.350042">
        <ele>1528.496280</ele>
        <time>2026-09-03T13:14:40.838Z</time>
      </trkpt>
      <trkpt lat="45.417352" lon="6.349922">
        <ele>1527.941246</ele>
        <time>2026-09-03T13:14:41.844Z</time>
      </trkpt>
      <trkpt lat="45.417310" lon="6.349798">
        <ele>1527.382341</ele>
        <time>2026-09-03T13:14:42.846Z</time>
      </trkpt>
      <trkpt lat="45.417273" lon="6.349673">
        <ele>1526.831643</ele>
        <time>2026-09-03T13:14:43.845Z</time>
      </trkpt>
      <trkpt lat="45.417235" lon="6.349548">
        <ele>1526.278673</ele>
        <time>2026-09-03T13:14:44.848Z</time>
      </trkpt>
      <trkpt lat="45.417200" lon="6.349423">
        <ele>1525.732365</ele>
        <time>2026-09-03T13:14:45.840Z</time>
      </trkpt>
      <trkpt lat="45.417167" lon="6.349302">
        <ele>1525.205403</ele>
        <time>2026-09-03T13:14:46.843Z</time>
      </trkpt>
      <trkpt lat="45.417133" lon="6.349177">
        <ele>1524.661210</ele>
        <time>2026-09-03T13:14:47.837Z</time>
      </trkpt>
      <trkpt lat="45.417102" lon="6.349045">
        <ele>1524.096171</ele>
        <time>2026-09-03T13:14:48.835Z</time>
      </trkpt>
      <trkpt lat="45.417077" lon="6.348910">
        <ele>1523.529398</ele>
        <time>2026-09-03T13:14:49.844Z</time>
      </trkpt>
      <trkpt lat="45.417057" lon="6.348775">
        <ele>1522.969302</ele>
        <time>2026-09-03T13:14:50.840Z</time>
      </trkpt>
      <trkpt lat="45.417043" lon="6.348640">
        <ele>1522.415331</ele>
        <time>2026-09-03T13:14:51.840Z</time>
      </trkpt>
      <trkpt lat="45.417035" lon="6.348502">
        <ele>1521.853222</ele>
        <time>2026-09-03T13:14:52.848Z</time>
      </trkpt>
      <trkpt lat="45.417030" lon="6.348368">
        <ele>1521.374990</ele>
        <time>2026-09-03T13:14:53.838Z</time>
      </trkpt>
      <trkpt lat="45.417025" lon="6.348233">
        <ele>1521.133659</ele>
        <time>2026-09-03T13:14:54.841Z</time>
      </trkpt>
      <trkpt lat="45.417013" lon="6.348098">
        <ele>1520.890738</ele>
        <time>2026-09-03T13:14:55.842Z</time>
      </trkpt>
      <trkpt lat="45.416998" lon="6.347967">
        <ele>1520.653791</ele>
        <time>2026-09-03T13:14:56.845Z</time>
      </trkpt>
      <trkpt lat="45.416978" lon="6.347838">
        <ele>1520.417955</ele>
        <time>2026-09-03T13:14:57.840Z</time>
      </trkpt>
      <trkpt lat="45.416952" lon="6.347715">
        <ele>1520.188640</ele>
        <time>2026-09-03T13:14:58.838Z</time>
      </trkpt>
      <trkpt lat="45.416920" lon="6.347593">
        <ele>1519.956142</ele>
        <time>2026-09-03T13:14:59.845Z</time>
      </trkpt>
      <trkpt lat="45.416877" lon="6.347475">
        <ele>1519.718799</ele>
        <time>2026-09-03T13:15:00.840Z</time>
      </trkpt>
      <trkpt lat="45.416818" lon="6.347363">
        <ele>1519.468820</ele>
        <time>2026-09-03T13:15:01.840Z</time>
      </trkpt>
      <trkpt lat="45.416750" lon="6.347260">
        <ele>1519.216400</ele>
        <time>2026-09-03T13:15:02.844Z</time>
      </trkpt>
      <trkpt lat="45.416680" lon="6.347163">
        <ele>1518.968052</ele>
        <time>2026-09-03T13:15:03.846Z</time>
      </trkpt>
      <trkpt lat="45.416613" lon="6.347070">
        <ele>1518.730152</ele>
        <time>2026-09-03T13:15:04.840Z</time>
      </trkpt>
      <trkpt lat="45.416505" lon="6.346902">
        <ele>1518.323476</ele>
        <time>2026-09-03T13:15:06.846Z</time>
      </trkpt>
      <trkpt lat="45.416433" lon="6.346780">
        <ele>1518.038938</ele>
        <time>2026-09-03T13:15:08.811Z</time>
      </trkpt>
      <trkpt lat="45.416360" lon="6.346647">
        <ele>1517.737543</ele>
        <time>2026-09-03T13:15:11.842Z</time>
      </trkpt>
      <trkpt lat="45.416312" lon="6.346527">
        <ele>1517.490981</ele>
        <time>2026-09-03T13:15:14.803Z</time>
      </trkpt>
      <trkpt lat="45.416258" lon="6.346400">
        <ele>1517.225913</ele>
        <time>2026-09-03T13:15:17.839Z</time>
      </trkpt>
      <trkpt lat="45.416222" lon="6.346253">
        <ele>1516.947979</ele>
        <time>2026-09-03T13:15:20.836Z</time>
      </trkpt>
      <trkpt lat="45.416198" lon="6.346123">
        <ele>1516.623355</ele>
        <time>2026-09-03T13:15:23.840Z</time>
      </trkpt>
      <trkpt lat="45.416173" lon="6.345988">
        <ele>1516.228502</ele>
        <time>2026-09-03T13:15:26.805Z</time>
      </trkpt>
      <trkpt lat="45.416148" lon="6.345830">
        <ele>1515.770454</ele>
        <time>2026-09-03T13:15:29.844Z</time>
      </trkpt>
      <trkpt lat="45.416113" lon="6.345708">
        <ele>1515.397725</ele>
        <time>2026-09-03T13:15:32.813Z</time>
      </trkpt>
      <trkpt lat="45.416038" lon="6.345603">
        <ele>1514.974071</ele>
        <time>2026-09-03T13:16:10.807Z</time>
      </trkpt>
      <trkpt lat="45.415967" lon="6.345468">
        <ele>1514.497007</ele>
        <time>2026-09-03T13:16:12.809Z</time>
      </trkpt>
      <trkpt lat="45.415910" lon="6.345350">
        <ele>1514.091911</ele>
        <time>2026-09-03T13:16:14.808Z</time>
      </trkpt>
      <trkpt lat="45.415845" lon="6.345253">
        <ele>1513.712657</ele>
        <time>2026-09-03T13:16:16.807Z</time>
      </trkpt>
      <trkpt lat="45.415805" lon="6.345070">
        <ele>1513.170605</ele>
        <time>2026-09-03T13:16:19.810Z</time>
      </trkpt>
      <trkpt lat="45.415802" lon="6.344932">
        <ele>1512.780140</ele>
        <time>2026-09-03T13:16:21.814Z</time>
      </trkpt>
      <trkpt lat="45.415777" lon="6.344780">
        <ele>1512.338627</ele>
        <time>2026-09-03T13:16:23.827Z</time>
      </trkpt>
      <trkpt lat="45.415773" lon="6.344615">
        <ele>1511.871712</ele>
        <time>2026-09-03T13:16:25.810Z</time>
      </trkpt>
      <trkpt lat="45.415827" lon="6.344450">
        <ele>1511.356852</ele>
        <time>2026-09-03T13:16:27.834Z</time>
      </trkpt>
      <trkpt lat="45.415930" lon="6.344315">
        <ele>1510.792964</ele>
        <time>2026-09-03T13:16:29.823Z</time>
      </trkpt>
      <trkpt lat="45.416040" lon="6.344200">
        <ele>1510.243255</ele>
        <time>2026-09-03T13:16:31.797Z</time>
      </trkpt>
      <trkpt lat="45.416147" lon="6.344082">
        <ele>1509.698091</ele>
        <time>2026-09-03T13:16:33.827Z</time>
      </trkpt>
      <trkpt lat="45.416222" lon="6.343950">
        <ele>1508.864372</ele>
        <time>2026-09-03T13:16:35.827Z</time>
      </trkpt>
      <trkpt lat="45.416257" lon="6.343752">
        <ele>1507.761719</ele>
        <time>2026-09-03T13:16:37.824Z</time>
      </trkpt>
      <trkpt lat="45.416232" lon="6.343560">
        <ele>1506.707164</ele>
        <time>2026-09-03T13:16:39.829Z</time>
      </trkpt>
      <trkpt lat="45.416132" lon="6.343392">
        <ele>1505.517627</ele>
        <time>2026-09-03T13:16:41.805Z</time>
      </trkpt>
      <trkpt lat="45.415995" lon="6.343273">
        <ele>1504.283170</ele>
        <time>2026-09-03T13:16:43.810Z</time>
      </trkpt>
      <trkpt lat="45.415860" lon="6.343120">
        <ele>1502.955994</ele>
        <time>2026-09-03T13:16:45.839Z</time>
      </trkpt>
      <trkpt lat="45.415712" lon="6.342995">
        <ele>1501.632311</ele>
        <time>2026-09-03T13:16:47.815Z</time>
      </trkpt>
      <trkpt lat="45.415575" lon="6.342948">
        <ele>1500.548191</ele>
        <time>2026-09-03T13:16:49.830Z</time>
      </trkpt>
      <trkpt lat="45.415495" lon="6.342837">
        <ele>1499.689042</ele>
        <time>2026-09-03T13:16:51.837Z</time>
      </trkpt>
      <trkpt lat="45.415480" lon="6.342665">
        <ele>1498.753028</ele>
        <time>2026-09-03T13:16:53.841Z</time>
      </trkpt>
      <trkpt lat="45.415487" lon="6.342487">
        <ele>1497.790245</ele>
        <time>2026-09-03T13:16:55.849Z</time>
      </trkpt>
      <trkpt lat="45.415430" lon="6.342323">
        <ele>1496.801957</ele>
        <time>2026-09-03T13:16:57.814Z</time>
      </trkpt>
      <trkpt lat="45.415305" lon="6.342243">
        <ele>1495.752492</ele>
        <time>2026-09-03T13:16:59.846Z</time>
      </trkpt>
      <trkpt lat="45.415188" lon="6.342130">
        <ele>1494.911673</ele>
        <time>2026-09-03T13:17:01.809Z</time>
      </trkpt>
      <trkpt lat="45.415070" lon="6.341997">
        <ele>1494.016646</ele>
        <time>2026-09-03T13:17:03.844Z</time>
      </trkpt>
      <trkpt lat="45.414923" lon="6.341895">
        <ele>1493.044034</ele>
        <time>2026-09-03T13:17:05.814Z</time>
      </trkpt>
      <trkpt lat="45.414838" lon="6.341718">
        <ele>1492.148567</ele>
        <time>2026-09-03T13:17:07.835Z</time>
      </trkpt>
      <trkpt lat="45.414768" lon="6.341538">
        <ele>1491.289340</ele>
        <time>2026-09-03T13:17:09.834Z</time>
      </trkpt>
      <trkpt lat="45.414682" lon="6.341377">
        <ele>1490.444576</ele>
        <time>2026-09-03T13:17:11.833Z</time>
      </trkpt>
      <trkpt lat="45.414578" lon="6.341228">
        <ele>1489.567207</ele>
        <time>2026-09-03T13:17:13.811Z</time>
      </trkpt>
      <trkpt lat="45.414470" lon="6.341097">
        <ele>1488.723461</ele>
        <time>2026-09-03T13:17:15.838Z</time>
      </trkpt>
      <trkpt lat="45.414357" lon="6.340962">
        <ele>1487.846216</ele>
        <time>2026-09-03T13:17:17.842Z</time>
      </trkpt>
      <trkpt lat="45.414265" lon="6.340790">
        <ele>1486.943284</ele>
        <time>2026-09-03T13:17:19.805Z</time>
      </trkpt>
      <trkpt lat="45.414172" lon="6.340615">
        <ele>1486.026777</ele>
        <time>2026-09-03T13:17:21.847Z</time>
      </trkpt>
      <trkpt lat="45.414080" lon="6.340432">
        <ele>1485.086897</ele>
        <time>2026-09-03T13:17:23.807Z</time>
      </trkpt>
      <trkpt lat="45.414007" lon="6.340238">
        <ele>1483.739958</ele>
        <time>2026-09-03T13:17:25.844Z</time>
      </trkpt>
      <trkpt lat="45.413937" lon="6.340068">
        <ele>1482.526715</ele>
        <time>2026-09-03T13:17:27.851Z</time>
      </trkpt>
      <trkpt lat="45.413843" lon="6.339905">
        <ele>1481.228135</ele>
        <time>2026-09-03T13:17:29.810Z</time>
      </trkpt>
      <trkpt lat="45.413738" lon="6.339740">
        <ele>1479.857184</ele>
        <time>2026-09-03T13:17:31.843Z</time>
      </trkpt>
      <trkpt lat="45.413603" lon="6.339565">
        <ele>1478.256549</ele>
        <time>2026-09-03T13:17:33.844Z</time>
      </trkpt>
      <trkpt lat="45.413538" lon="6.339472">
        <ele>1477.448677</ele>
        <time>2026-09-03T13:17:34.838Z</time>
      </trkpt>
      <trkpt lat="45.413477" lon="6.339377">
        <ele>1476.656119</ele>
        <time>2026-09-03T13:17:35.844Z</time>
      </trkpt>
      <trkpt lat="45.413415" lon="6.339283">
        <ele>1475.862113</ele>
        <time>2026-09-03T13:17:36.844Z</time>
      </trkpt>
      <trkpt lat="45.413358" lon="6.339182">
        <ele>1475.064355</ele>
        <time>2026-09-03T13:17:37.845Z</time>
      </trkpt>
      <trkpt lat="45.413298" lon="6.339082">
        <ele>1474.254544</ele>
        <time>2026-09-03T13:17:38.842Z</time>
      </trkpt>
      <trkpt lat="45.413235" lon="6.338983">
        <ele>1473.431970</ele>
        <time>2026-09-03T13:17:39.841Z</time>
      </trkpt>
      <trkpt lat="45.413167" lon="6.338888">
        <ele>1472.596749</ele>
        <time>2026-09-03T13:17:40.838Z</time>
      </trkpt>
      <trkpt lat="45.413095" lon="6.338798">
        <ele>1471.756747</ele>
        <time>2026-09-03T13:17:41.841Z</time>
      </trkpt>
      <trkpt lat="45.413020" lon="6.338708">
        <ele>1470.896795</ele>
        <time>2026-09-03T13:17:42.841Z</time>
      </trkpt>
      <trkpt lat="45.412948" lon="6.338620">
        <ele>1470.064860</ele>
        <time>2026-09-03T13:17:43.840Z</time>
      </trkpt>
      <trkpt lat="45.412880" lon="6.338528">
        <ele>1469.239127</ele>
        <time>2026-09-03T13:17:44.843Z</time>
      </trkpt>
      <trkpt lat="45.412758" lon="6.338352">
        <ele>1467.623568</ele>
        <time>2026-09-03T13:17:46.809Z</time>
      </trkpt>
      <trkpt lat="45.412662" lon="6.338153">
        <ele>1466.046447</ele>
        <time>2026-09-03T13:17:48.845Z</time>
      </trkpt>
      <trkpt lat="45.412600" lon="6.337948">
        <ele>1464.588481</ele>
        <time>2026-09-03T13:17:50.816Z</time>
      </trkpt>
      <trkpt lat="45.412555" lon="6.337778">
        <ele>1463.401783</ele>
        <time>2026-09-03T13:17:52.846Z</time>
      </trkpt>
      <trkpt lat="45.412473" lon="6.337702">
        <ele>1462.491549</ele>
        <time>2026-09-03T13:17:54.844Z</time>
      </trkpt>
      <trkpt lat="45.412388" lon="6.337755">
        <ele>1461.628230</ele>
        <time>2026-09-03T13:17:56.809Z</time>
      </trkpt>
      <trkpt lat="45.412397" lon="6.337945">
        <ele>1460.384391</ele>
        <time>2026-09-03T13:17:59.840Z</time>
      </trkpt>
      <trkpt lat="45.412433" lon="6.338095">
        <ele>1459.348965</ele>
        <time>2026-09-03T13:18:01.846Z</time>
      </trkpt>
      <trkpt lat="45.412462" lon="6.338275">
        <ele>1458.142700</ele>
        <time>2026-09-03T13:18:03.817Z</time>
      </trkpt>
      <trkpt lat="45.412490" lon="6.338485">
        <ele>1456.746530</ele>
        <time>2026-09-03T13:18:05.835Z</time>
      </trkpt>
      <trkpt lat="45.412518" lon="6.338727">
        <ele>1455.144544</ele>
        <time>2026-09-03T13:18:07.839Z</time>
      </trkpt>
      <trkpt lat="45.412570" lon="6.338963">
        <ele>1453.528926</ele>
        <time>2026-09-03T13:18:09.816Z</time>
      </trkpt>
      <trkpt lat="45.412622" lon="6.339188">
        <ele>1452.029392</ele>
        <time>2026-09-03T13:18:11.841Z</time>
      </trkpt>
      <trkpt lat="45.412670" lon="6.339418">
        <ele>1450.590939</ele>
        <time>2026-09-03T13:18:13.840Z</time>
      </trkpt>
      <trkpt lat="45.412700" lon="6.339650">
        <ele>1449.176739</ele>
        <time>2026-09-03T13:18:15.812Z</time>
      </trkpt>
      <trkpt lat="45.412740" lon="6.339862">
        <ele>1447.860730</ele>
        <time>2026-09-03T13:18:17.841Z</time>
      </trkpt>
      <trkpt lat="45.412802" lon="6.340067">
        <ele>1446.522589</ele>
        <time>2026-09-03T13:18:19.811Z</time>
      </trkpt>
      <trkpt lat="45.412833" lon="6.340223">
        <ele>1445.550650</ele>
        <time>2026-09-03T13:18:21.842Z</time>
      </trkpt>
      <trkpt lat="45.412742" lon="6.340340">
        <ele>1444.503817</ele>
        <time>2026-09-03T13:18:24.804Z</time>
      </trkpt>
      <trkpt lat="45.412645" lon="6.340288">
        <ele>1443.618751</ele>
        <time>2026-09-03T13:18:26.839Z</time>
      </trkpt>
      <trkpt lat="45.412587" lon="6.340123">
        <ele>1442.512523</ele>
        <time>2026-09-03T13:18:28.843Z</time>
      </trkpt>
      <trkpt lat="45.412552" lon="6.339967">
        <ele>1441.530725</ele>
        <time>2026-09-03T13:18:30.846Z</time>
      </trkpt>
      <trkpt lat="45.412478" lon="6.339845">
        <ele>1440.564159</ele>
        <time>2026-09-03T13:19:12.813Z</time>
      </trkpt>
      <trkpt lat="45.412392" lon="6.339702">
        <ele>1439.435324</ele>
        <time>2026-09-03T13:19:15.827Z</time>
      </trkpt>
      <trkpt lat="45.412287" lon="6.339592">
        <ele>1438.322278</ele>
        <time>2026-09-03T13:19:17.798Z</time>
      </trkpt>
      <trkpt lat="45.412168" lon="6.339460">
        <ele>1436.991321</ele>
        <time>2026-09-03T13:19:19.815Z</time>
      </trkpt>
      <trkpt lat="45.412052" lon="6.339322">
        <ele>1435.369969</ele>
        <time>2026-09-03T13:19:21.800Z</time>
      </trkpt>
      <trkpt lat="45.411940" lon="6.339193">
        <ele>1433.824804</ele>
        <time>2026-09-03T13:19:23.811Z</time>
      </trkpt>
      <trkpt lat="45.411835" lon="6.339068">
        <ele>1432.356782</ele>
        <time>2026-09-03T13:19:25.811Z</time>
      </trkpt>
      <trkpt lat="45.411727" lon="6.338927">
        <ele>1430.785150</ele>
        <time>2026-09-03T13:19:27.816Z</time>
      </trkpt>
      <trkpt lat="45.411625" lon="6.338742">
        <ele>1429.013545</ele>
        <time>2026-09-03T13:19:29.824Z</time>
      </trkpt>
      <trkpt lat="45.411575" lon="6.338633">
        <ele>1428.032934</ele>
        <time>2026-09-03T13:19:30.805Z</time>
      </trkpt>
      <trkpt lat="45.411518" lon="6.338527">
        <ele>1427.027341</ele>
        <time>2026-09-03T13:19:31.816Z</time>
      </trkpt>
      <trkpt lat="45.411460" lon="6.338422">
        <ele>1426.021116</ele>
        <time>2026-09-03T13:19:32.834Z</time>
      </trkpt>
      <trkpt lat="45.411405" lon="6.338310">
        <ele>1424.991734</ele>
        <time>2026-09-03T13:19:33.880Z</time>
      </trkpt>
      <trkpt lat="45.411358" lon="6.338193">
        <ele>1423.976520</ele>
        <time>2026-09-03T13:19:34.793Z</time>
      </trkpt>
      <trkpt lat="45.411303" lon="6.338082">
        <ele>1422.953298</ele>
        <time>2026-09-03T13:19:35.799Z</time>
      </trkpt>
      <trkpt lat="45.411247" lon="6.337957">
        <ele>1421.836535</ele>
        <time>2026-09-03T13:19:36.800Z</time>
      </trkpt>
      <trkpt lat="45.411188" lon="6.337837">
        <ele>1420.733182</ele>
        <time>2026-09-03T13:19:37.826Z</time>
      </trkpt>
      <trkpt lat="45.411140" lon="6.337718">
        <ele>1419.699562</ele>
        <time>2026-09-03T13:19:38.824Z</time>
      </trkpt>
      <trkpt lat="45.411083" lon="6.337600">
        <ele>1418.620817</ele>
        <time>2026-09-03T13:19:39.818Z</time>
      </trkpt>
      <trkpt lat="45.411027" lon="6.337482">
        <ele>1417.534497</ele>
        <time>2026-09-03T13:19:40.823Z</time>
      </trkpt>
      <trkpt lat="45.410957" lon="6.337372">
        <ele>1416.373811</ele>
        <time>2026-09-03T13:19:41.828Z</time>
      </trkpt>
      <trkpt lat="45.410823" lon="6.337207">
        <ele>1414.401319</ele>
        <time>2026-09-03T13:19:43.830Z</time>
      </trkpt>
      <trkpt lat="45.410750" lon="6.337128">
        <ele>1413.380383</ele>
        <time>2026-09-03T13:19:44.825Z</time>
      </trkpt>
      <trkpt lat="45.410628" lon="6.336938">
        <ele>1411.367377</ele>
        <time>2026-09-03T13:19:46.836Z</time>
      </trkpt>
      <trkpt lat="45.410575" lon="6.336822">
        <ele>1410.285359</ele>
        <time>2026-09-03T13:19:47.834Z</time>
      </trkpt>
      <trkpt lat="45.410528" lon="6.336703">
        <ele>1409.217910</ele>
        <time>2026-09-03T13:19:48.840Z</time>
      </trkpt>
      <trkpt lat="45.410488" lon="6.336588">
        <ele>1408.214558</ele>
        <time>2026-09-03T13:19:49.829Z</time>
      </trkpt>
      <trkpt lat="45.410443" lon="6.336470">
        <ele>1407.164727</ele>
        <time>2026-09-03T13:19:50.833Z</time>
      </trkpt>
      <trkpt lat="45.410397" lon="6.336348">
        <ele>1406.082089</ele>
        <time>2026-09-03T13:19:51.837Z</time>
      </trkpt>
      <trkpt lat="45.410357" lon="6.336230">
        <ele>1405.057666</ele>
        <time>2026-09-03T13:19:52.833Z</time>
      </trkpt>
      <trkpt lat="45.410310" lon="6.336118">
        <ele>1404.037557</ele>
        <time>2026-09-03T13:19:53.817Z</time>
      </trkpt>
      <trkpt lat="45.410188" lon="6.335922">
        <ele>1401.989685</ele>
        <time>2026-09-03T13:19:55.807Z</time>
      </trkpt>
      <trkpt lat="45.410110" lon="6.335840">
        <ele>1400.910116</ele>
        <time>2026-09-03T13:19:56.840Z</time>
      </trkpt>
      <trkpt lat="45.410027" lon="6.335760">
        <ele>1399.794097</ele>
        <time>2026-09-03T13:19:57.843Z</time>
      </trkpt>
      <trkpt lat="45.409945" lon="6.335678">
        <ele>1398.678373</ele>
        <time>2026-09-03T13:19:58.839Z</time>
      </trkpt>
      <trkpt lat="45.409867" lon="6.335592">
        <ele>1397.602266</ele>
        <time>2026-09-03T13:19:59.840Z</time>
      </trkpt>
      <trkpt lat="45.409790" lon="6.335500">
        <ele>1396.567417</ele>
        <time>2026-09-03T13:20:00.848Z</time>
      </trkpt>
      <trkpt lat="45.409715" lon="6.335400">
        <ele>1395.509614</ele>
        <time>2026-09-03T13:20:01.848Z</time>
      </trkpt>
      <trkpt lat="45.409642" lon="6.335298">
        <ele>1394.456678</ele>
        <time>2026-09-03T13:20:02.845Z</time>
      </trkpt>
      <trkpt lat="45.409560" lon="6.335203">
        <ele>1393.368320</ele>
        <time>2026-09-03T13:20:03.833Z</time>
      </trkpt>
      <trkpt lat="45.409478" lon="6.335118">
        <ele>1392.324067</ele>
        <time>2026-09-03T13:20:04.847Z</time>
      </trkpt>
      <trkpt lat="45.409397" lon="6.335037">
        <ele>1391.305005</ele>
        <time>2026-09-03T13:20:05.841Z</time>
      </trkpt>
      <trkpt lat="45.409317" lon="6.334957">
        <ele>1390.298524</ele>
        <time>2026-09-03T13:20:06.850Z</time>
      </trkpt>
      <trkpt lat="45.409237" lon="6.334883">
        <ele>1389.316323</ele>
        <time>2026-09-03T13:20:07.841Z</time>
      </trkpt>
      <trkpt lat="45.409162" lon="6.334803">
        <ele>1388.351525</ele>
        <time>2026-09-03T13:20:08.845Z</time>
      </trkpt>
      <trkpt lat="45.409090" lon="6.334715">
        <ele>1387.374636</ele>
        <time>2026-09-03T13:20:09.850Z</time>
      </trkpt>
      <trkpt lat="45.409022" lon="6.334625">
        <ele>1386.418844</ele>
        <time>2026-09-03T13:20:10.815Z</time>
      </trkpt>
      <trkpt lat="45.408957" lon="6.334522">
        <ele>1385.417670</ele>
        <time>2026-09-03T13:20:11.806Z</time>
      </trkpt>
      <trkpt lat="45.408883" lon="6.334428">
        <ele>1384.396721</ele>
        <time>2026-09-03T13:20:12.842Z</time>
      </trkpt>
      <trkpt lat="45.408808" lon="6.334343">
        <ele>1383.409832</ele>
        <time>2026-09-03T13:20:13.842Z</time>
      </trkpt>
      <trkpt lat="45.408728" lon="6.334267">
        <ele>1382.419679</ele>
        <time>2026-09-03T13:20:14.845Z</time>
      </trkpt>
      <trkpt lat="45.408647" lon="6.334197">
        <ele>1381.444130</ele>
        <time>2026-09-03T13:20:15.843Z</time>
      </trkpt>
      <trkpt lat="45.408570" lon="6.334125">
        <ele>1380.495694</ele>
        <time>2026-09-03T13:20:16.846Z</time>
      </trkpt>
      <trkpt lat="45.408492" lon="6.334057">
        <ele>1379.554046</ele>
        <time>2026-09-03T13:20:17.840Z</time>
      </trkpt>
      <trkpt lat="45.408352" lon="6.333918">
        <ele>1377.736714</ele>
        <time>2026-09-03T13:20:19.831Z</time>
      </trkpt>
      <trkpt lat="45.408230" lon="6.333750">
        <ele>1375.922032</ele>
        <time>2026-09-03T13:20:21.850Z</time>
      </trkpt>
      <trkpt lat="45.408122" lon="6.333563">
        <ele>1374.104060</ele>
        <time>2026-09-03T13:20:23.813Z</time>
      </trkpt>
      <trkpt lat="45.408043" lon="6.333358">
        <ele>1372.348337</ele>
        <time>2026-09-03T13:20:25.845Z</time>
      </trkpt>
      <trkpt lat="45.408017" lon="6.333233">
        <ele>1371.369540</ele>
        <time>2026-09-03T13:20:26.842Z</time>
      </trkpt>
      <trkpt lat="45.407998" lon="6.333107">
        <ele>1370.401981</ele>
        <time>2026-09-03T13:20:27.838Z</time>
      </trkpt>
      <trkpt lat="45.407940" lon="6.332888">
        <ele>1368.644669</ele>
        <time>2026-09-03T13:20:29.817Z</time>
      </trkpt>
      <trkpt lat="45.407810" lon="6.332755">
        <ele>1366.932998</ele>
        <time>2026-09-03T13:20:31.838Z</time>
      </trkpt>
      <trkpt lat="45.407660" lon="6.332610">
        <ele>1364.994364</ele>
        <time>2026-09-03T13:20:33.796Z</time>
      </trkpt>
      <trkpt lat="45.407587" lon="6.332527">
        <ele>1363.995486</ele>
        <time>2026-09-03T13:20:34.835Z</time>
      </trkpt>
      <trkpt lat="45.407503" lon="6.332458">
        <ele>1362.958512</ele>
        <time>2026-09-03T13:20:35.838Z</time>
      </trkpt>
      <trkpt lat="45.407422" lon="6.332400">
        <ele>1361.988998</ele>
        <time>2026-09-03T13:20:36.839Z</time>
      </trkpt>
      <trkpt lat="45.407335" lon="6.332348">
        <ele>1360.980021</ele>
        <time>2026-09-03T13:20:37.838Z</time>
      </trkpt>
      <trkpt lat="45.407252" lon="6.332295">
        <ele>1360.018081</ele>
        <time>2026-09-03T13:20:38.833Z</time>
      </trkpt>
      <trkpt lat="45.407102" lon="6.332162">
        <ele>1358.307954</ele>
        <time>2026-09-03T13:20:40.845Z</time>
      </trkpt>
      <trkpt lat="45.406972" lon="6.331997">
        <ele>1356.622649</ele>
        <time>2026-09-03T13:20:42.808Z</time>
      </trkpt>
      <trkpt lat="45.406885" lon="6.331840">
        <ele>1355.263533</ele>
        <time>2026-09-03T13:20:44.841Z</time>
      </trkpt>
      <trkpt lat="45.406838" lon="6.331687">
        <ele>1354.128708</ele>
        <time>2026-09-03T13:20:46.842Z</time>
      </trkpt>
      <trkpt lat="45.406828" lon="6.331550">
        <ele>1353.192753</ele>
        <time>2026-09-03T13:20:48.810Z</time>
      </trkpt>
      <trkpt lat="45.406832" lon="6.331422">
        <ele>1352.322112</ele>
        <time>2026-09-03T13:20:50.843Z</time>
      </trkpt>
      <trkpt lat="45.406858" lon="6.331255">
        <ele>1351.159753</ele>
        <time>2026-09-03T13:20:53.816Z</time>
      </trkpt>
      <trkpt lat="45.406877" lon="6.331112">
        <ele>1350.170797</ele>
        <time>2026-09-03T13:20:56.843Z</time>
      </trkpt>
      <trkpt lat="45.406883" lon="6.330938">
        <ele>1348.987015</ele>
        <time>2026-09-03T13:20:59.796Z</time>
      </trkpt>
      <trkpt lat="45.406840" lon="6.330770">
        <ele>1347.771931</ele>
        <time>2026-09-03T13:21:02.838Z</time>
      </trkpt>
      <trkpt lat="45.406768" lon="6.330642">
        <ele>1346.657413</ele>
        <time>2026-09-03T13:21:06.815Z</time>
      </trkpt>
      <trkpt lat="45.406685" lon="6.330583">
        <ele>1345.759591</ele>
        <time>2026-09-03T13:21:09.840Z</time>
      </trkpt>
      <trkpt lat="45.406547" lon="6.330323">
        <ele>1343.544773</ele>
        <time>2026-09-03T13:21:46.827Z</time>
      </trkpt>
      <trkpt lat="45.406490" lon="6.330200">
        <ele>1342.489073</ele>
        <time>2026-09-03T13:21:48.812Z</time>
      </trkpt>
      <trkpt lat="45.406447" lon="6.330087">
        <ele>1341.335230</ele>
        <time>2026-09-03T13:21:50.826Z</time>
      </trkpt>
      <trkpt lat="45.406420" lon="6.329893">
        <ele>1339.559772</ele>
        <time>2026-09-03T13:21:53.826Z</time>
      </trkpt>
      <trkpt lat="45.406415" lon="6.329690">
        <ele>1337.736288</ele>
        <time>2026-09-03T13:21:55.812Z</time>
      </trkpt>
      <trkpt lat="45.406420" lon="6.329505">
        <ele>1336.074283</ele>
        <time>2026-09-03T13:21:57.832Z</time>
      </trkpt>
      <trkpt lat="45.406438" lon="6.329332">
        <ele>1334.504273</ele>
        <time>2026-09-03T13:21:59.808Z</time>
      </trkpt>
      <trkpt lat="45.406430" lon="6.329170">
        <ele>1333.046380</ele>
        <time>2026-09-03T13:22:01.827Z</time>
      </trkpt>
      <trkpt lat="45.406377" lon="6.329033">
        <ele>1331.642155</ele>
        <time>2026-09-03T13:22:03.818Z</time>
      </trkpt>
      <trkpt lat="45.406247" lon="6.328987">
        <ele>1329.929365</ele>
        <time>2026-09-03T13:22:05.819Z</time>
      </trkpt>
      <trkpt lat="45.406135" lon="6.328907">
        <ele>1328.327274</ele>
        <time>2026-09-03T13:22:07.814Z</time>
      </trkpt>
      <trkpt lat="45.405988" lon="6.328810">
        <ele>1326.255727</ele>
        <time>2026-09-03T13:22:09.827Z</time>
      </trkpt>
      <trkpt lat="45.405840" lon="6.328763">
        <ele>1324.316838</ele>
        <time>2026-09-03T13:22:11.834Z</time>
      </trkpt>
      <trkpt lat="45.405675" lon="6.328845">
        <ele>1322.082306</ele>
        <time>2026-09-03T13:22:13.835Z</time>
      </trkpt>
      <trkpt lat="45.405533" lon="6.328955">
        <ele>1320.015439</ele>
        <time>2026-09-03T13:22:15.810Z</time>
      </trkpt>
      <trkpt lat="45.405405" lon="6.329002">
        <ele>1318.308763</ele>
        <time>2026-09-03T13:22:17.805Z</time>
      </trkpt>
      <trkpt lat="45.405303" lon="6.328995">
        <ele>1316.987519</ele>
        <time>2026-09-03T13:22:19.833Z</time>
      </trkpt>
      <trkpt lat="45.405230" lon="6.328897">
        <ele>1315.689609</ele>
        <time>2026-09-03T13:22:21.819Z</time>
      </trkpt>
      <trkpt lat="45.405175" lon="6.328725">
        <ele>1313.972761</ele>
        <time>2026-09-03T13:22:23.812Z</time>
      </trkpt>
      <trkpt lat="45.405125" lon="6.328513">
        <ele>1311.941223</ele>
        <time>2026-09-03T13:22:25.840Z</time>
      </trkpt>
      <trkpt lat="45.405063" lon="6.328303">
        <ele>1309.871804</ele>
        <time>2026-09-03T13:22:27.839Z</time>
      </trkpt>
      <trkpt lat="45.404970" lon="6.328112">
        <ele>1307.760366</ele>
        <time>2026-09-03T13:22:29.817Z</time>
      </trkpt>
      <trkpt lat="45.404835" lon="6.327955">
        <ele>1305.505402</ele>
        <time>2026-09-03T13:22:31.845Z</time>
      </trkpt>
      <trkpt lat="45.404762" lon="6.327875">
        <ele>1304.313682</ele>
        <time>2026-09-03T13:22:32.830Z</time>
      </trkpt>
      <trkpt lat="45.404625" lon="6.327710">
        <ele>1301.992364</ele>
        <time>2026-09-03T13:22:34.815Z</time>
      </trkpt>
      <trkpt lat="45.404488" lon="6.327555">
        <ele>1299.728636</ele>
        <time>2026-09-03T13:22:36.843Z</time>
      </trkpt>
      <trkpt lat="45.404358" lon="6.327397">
        <ele>1297.517507</ele>
        <time>2026-09-03T13:22:38.806Z</time>
      </trkpt>
      <trkpt lat="45.404230" lon="6.327255">
        <ele>1295.567461</ele>
        <time>2026-09-03T13:22:40.814Z</time>
      </trkpt>
      <trkpt lat="45.404113" lon="6.327133">
        <ele>1293.964674</ele>
        <time>2026-09-03T13:22:42.807Z</time>
      </trkpt>
      <trkpt lat="45.403977" lon="6.327042">
        <ele>1292.303783</ele>
        <time>2026-09-03T13:22:44.838Z</time>
      </trkpt>
      <trkpt lat="45.403833" lon="6.326953">
        <ele>1290.568687</ele>
        <time>2026-09-03T13:22:46.822Z</time>
      </trkpt>
      <trkpt lat="45.403690" lon="6.326887">
        <ele>1288.907128</ele>
        <time>2026-09-03T13:22:48.846Z</time>
      </trkpt>
      <trkpt lat="45.403540" lon="6.326848">
        <ele>1287.221713</ele>
        <time>2026-09-03T13:22:50.811Z</time>
      </trkpt>
      <trkpt lat="45.403408" lon="6.326872">
        <ele>1285.750819</ele>
        <time>2026-09-03T13:22:52.847Z</time>
      </trkpt>
      <trkpt lat="45.403303" lon="6.326943">
        <ele>1284.466050</ele>
        <time>2026-09-03T13:22:54.803Z</time>
      </trkpt>
      <trkpt lat="45.403205" lon="6.326948">
        <ele>1283.382118</ele>
        <time>2026-09-03T13:22:56.837Z</time>
      </trkpt>
      <trkpt lat="45.403152" lon="6.326838">
        <ele>1282.346755</ele>
        <time>2026-09-03T13:22:58.843Z</time>
      </trkpt>
      <trkpt lat="45.403155" lon="6.326678">
        <ele>1281.104590</ele>
        <time>2026-09-03T13:23:00.846Z</time>
      </trkpt>
      <trkpt lat="45.403187" lon="6.326498">
        <ele>1279.663567</ele>
        <time>2026-09-03T13:23:02.811Z</time>
      </trkpt>
      <trkpt lat="45.403177" lon="6.326310">
        <ele>1278.200361</ele>
        <time>2026-09-03T13:23:04.842Z</time>
      </trkpt>
      <trkpt lat="45.403180" lon="6.326140">
        <ele>1276.880614</ele>
        <time>2026-09-03T13:23:06.844Z</time>
      </trkpt>
      <trkpt lat="45.403227" lon="6.325960">
        <ele>1275.568456</ele>
        <time>2026-09-03T13:23:08.835Z</time>
      </trkpt>
      <trkpt lat="45.403272" lon="6.325773">
        <ele>1274.267912</ele>
        <time>2026-09-03T13:23:10.842Z</time>
      </trkpt>
      <trkpt lat="45.403312" lon="6.325585">
        <ele>1272.975500</ele>
        <time>2026-09-03T13:23:12.818Z</time>
      </trkpt>
      <trkpt lat="45.403342" lon="6.325388">
        <ele>1271.649286</ele>
        <time>2026-09-03T13:23:14.832Z</time>
      </trkpt>
      <trkpt lat="45.403382" lon="6.325212">
        <ele>1270.432216</ele>
        <time>2026-09-03T13:23:16.842Z</time>
      </trkpt>
      <trkpt lat="45.403402" lon="6.325022">
        <ele>1269.168222</ele>
        <time>2026-09-03T13:23:18.840Z</time>
      </trkpt>
      <trkpt lat="45.403370" lon="6.324822">
        <ele>1267.818674</ele>
        <time>2026-09-03T13:23:20.843Z</time>
      </trkpt>
      <trkpt lat="45.403278" lon="6.324653">
        <ele>1266.411755</ele>
        <time>2026-09-03T13:23:22.808Z</time>
      </trkpt>
      <trkpt lat="45.403180" lon="6.324520">
        <ele>1265.143317</ele>
        <time>2026-09-03T13:23:24.835Z</time>
      </trkpt>
      <trkpt lat="45.403088" lon="6.324408">
        <ele>1264.009236</ele>
        <time>2026-09-03T13:23:26.841Z</time>
      </trkpt>
      <trkpt lat="45.402972" lon="6.324313">
        <ele>1262.755384</ele>
        <time>2026-09-03T13:23:28.817Z</time>
      </trkpt>
      <trkpt lat="45.402837" lon="6.324217">
        <ele>1261.341469</ele>
        <time>2026-09-03T13:23:30.847Z</time>
      </trkpt>
      <trkpt lat="45.402697" lon="6.324100">
        <ele>1259.820449</ele>
        <time>2026-09-03T13:23:32.811Z</time>
      </trkpt>
      <trkpt lat="45.402565" lon="6.323952">
        <ele>1258.992115</ele>
        <time>2026-09-03T13:23:34.841Z</time>
      </trkpt>
      <trkpt lat="45.402447" lon="6.323847">
        <ele>1258.354105</ele>
        <time>2026-09-03T13:23:36.809Z</time>
      </trkpt>
      <trkpt lat="45.402362" lon="6.323788">
        <ele>1257.920514</ele>
        <time>2026-09-03T13:23:38.843Z</time>
      </trkpt>
      <trkpt lat="45.402247" lon="6.323708">
        <ele>1257.333642</ele>
        <time>2026-09-03T13:24:51.810Z</time>
      </trkpt>
      <trkpt lat="45.402155" lon="6.323667">
        <ele>1256.891608</ele>
        <time>2026-09-03T13:24:53.825Z</time>
      </trkpt>
      <trkpt lat="45.402050" lon="6.323663">
        <ele>1256.409959</ele>
        <time>2026-09-03T13:24:55.798Z</time>
      </trkpt>
      <trkpt lat="45.401942" lon="6.323672">
        <ele>1255.913880</ele>
        <time>2026-09-03T13:24:57.793Z</time>
      </trkpt>
      <trkpt lat="45.401838" lon="6.323653">
        <ele>1255.433082</ele>
        <time>2026-09-03T13:24:59.827Z</time>
      </trkpt>
      <trkpt lat="45.401747" lon="6.323563">
        <ele>1254.925060</ele>
        <time>2026-09-03T13:25:01.798Z</time>
      </trkpt>
      <trkpt lat="45.401647" lon="6.323490">
        <ele>1254.409787</ele>
        <time>2026-09-03T13:25:03.810Z</time>
      </trkpt>
      <trkpt lat="45.401517" lon="6.323438">
        <ele>1253.790609</ele>
        <time>2026-09-03T13:25:05.826Z</time>
      </trkpt>
      <trkpt lat="45.401377" lon="6.323397">
        <ele>1253.135210</ele>
        <time>2026-09-03T13:25:07.822Z</time>
      </trkpt>
      <trkpt lat="45.401238" lon="6.323345">
        <ele>1252.476206</ele>
        <time>2026-09-03T13:25:09.801Z</time>
      </trkpt>
      <trkpt lat="45.401095" lon="6.323287">
        <ele>1251.794409</ele>
        <time>2026-09-03T13:25:11.840Z</time>
      </trkpt>
      <trkpt lat="45.400940" lon="6.323233">
        <ele>1250.892688</ele>
        <time>2026-09-03T13:25:13.817Z</time>
      </trkpt>
      <trkpt lat="45.400787" lon="6.323218">
        <ele>1249.887914</ele>
        <time>2026-09-03T13:25:15.826Z</time>
      </trkpt>
      <trkpt lat="45.400643" lon="6.323223">
        <ele>1248.944197</ele>
        <time>2026-09-03T13:25:17.801Z</time>
      </trkpt>
      <trkpt lat="45.400507" lon="6.323348">
        <ele>1247.883736</ele>
        <time>2026-09-03T13:25:19.819Z</time>
      </trkpt>
      <trkpt lat="45.400412" lon="6.323500">
        <ele>1246.947618</ele>
        <time>2026-09-03T13:25:21.836Z</time>
      </trkpt>
      <trkpt lat="45.400297" lon="6.323555">
        <ele>1246.152832</ele>
        <time>2026-09-03T13:25:23.810Z</time>
      </trkpt>
      <trkpt lat="45.400160" lon="6.323580">
        <ele>1245.247919</ele>
        <time>2026-09-03T13:25:25.840Z</time>
      </trkpt>
      <trkpt lat="45.400022" lon="6.323650">
        <ele>1244.288158</ele>
        <time>2026-09-03T13:25:27.804Z</time>
      </trkpt>
      <trkpt lat="45.399908" lon="6.323743">
        <ele>1243.427418</ele>
        <time>2026-09-03T13:25:29.839Z</time>
      </trkpt>
      <trkpt lat="45.399820" lon="6.323860">
        <ele>1242.638687</ele>
        <time>2026-09-03T13:25:31.838Z</time>
      </trkpt>
      <trkpt lat="45.399702" lon="6.323945">
        <ele>1241.772330</ele>
        <time>2026-09-03T13:25:33.841Z</time>
      </trkpt>
      <trkpt lat="45.399573" lon="6.323977">
        <ele>1240.914444</ele>
        <time>2026-09-03T13:25:35.811Z</time>
      </trkpt>
      <trkpt lat="45.399437" lon="6.323983">
        <ele>1240.022993</ele>
        <time>2026-09-03T13:25:37.825Z</time>
      </trkpt>
      <trkpt lat="45.399293" lon="6.323955">
        <ele>1238.731105</ele>
        <time>2026-09-03T13:25:39.838Z</time>
      </trkpt>
      <trkpt lat="45.399158" lon="6.323845">
        <ele>1237.139327</ele>
        <time>2026-09-03T13:25:41.846Z</time>
      </trkpt>
      <trkpt lat="45.399052" lon="6.323695">
        <ele>1235.610017</ele>
        <time>2026-09-03T13:25:43.839Z</time>
      </trkpt>
      <trkpt lat="45.398957" lon="6.323560">
        <ele>1234.236537</ele>
        <time>2026-09-03T13:25:45.845Z</time>
      </trkpt>
      <trkpt lat="45.398897" lon="6.323422">
        <ele>1233.070122</ele>
        <time>2026-09-03T13:25:47.808Z</time>
      </trkpt>
      <trkpt lat="45.398920" lon="6.323240">
        <ele>1231.741223</ele>
        <time>2026-09-03T13:25:49.843Z</time>
      </trkpt>
      <trkpt lat="45.398988" lon="6.323057">
        <ele>1230.253361</ele>
        <time>2026-09-03T13:25:51.844Z</time>
      </trkpt>
      <trkpt lat="45.399035" lon="6.322860">
        <ele>1228.758198</ele>
        <time>2026-09-03T13:25:53.810Z</time>
      </trkpt>
      <trkpt lat="45.399002" lon="6.322643">
        <ele>1227.162645</ele>
        <time>2026-09-03T13:25:55.843Z</time>
      </trkpt>
      <trkpt lat="45.398953" lon="6.322447">
        <ele>1225.667543</ele>
        <time>2026-09-03T13:25:57.807Z</time>
      </trkpt>
      <trkpt lat="45.398867" lon="6.322300">
        <ele>1224.292560</ele>
        <time>2026-09-03T13:25:59.839Z</time>
      </trkpt>
      <trkpt lat="45.398740" lon="6.322222">
        <ele>1222.877090</ele>
        <time>2026-09-03T13:26:01.845Z</time>
      </trkpt>
      <trkpt lat="45.398592" lon="6.322220">
        <ele>1221.362345</ele>
        <time>2026-09-03T13:26:03.843Z</time>
      </trkpt>
      <trkpt lat="45.398450" lon="6.322292">
        <ele>1219.833732</ele>
        <time>2026-09-03T13:26:05.839Z</time>
      </trkpt>
      <trkpt lat="45.398335" lon="6.322368">
        <ele>1218.548805</ele>
        <time>2026-09-03T13:26:07.809Z</time>
      </trkpt>
      <trkpt lat="45.398230" lon="6.322393">
        <ele>1217.469839</ele>
        <time>2026-09-03T13:26:09.846Z</time>
      </trkpt>
      <trkpt lat="45.398152" lon="6.322305">
        <ele>1216.461289</ele>
        <time>2026-09-03T13:26:11.810Z</time>
      </trkpt>
      <trkpt lat="45.398080" lon="6.322127">
        <ele>1214.999364</ele>
        <time>2026-09-03T13:26:13.844Z</time>
      </trkpt>
      <trkpt lat="45.397972" lon="6.321963">
        <ele>1213.399249</ele>
        <time>2026-09-03T13:26:15.839Z</time>
      </trkpt>
      <trkpt lat="45.397825" lon="6.321832">
        <ele>1211.641725</ele>
        <time>2026-09-03T13:26:17.837Z</time>
      </trkpt>
      <trkpt lat="45.397682" lon="6.321697">
        <ele>1209.902867</ele>
        <time>2026-09-03T13:26:19.845Z</time>
      </trkpt>
      <trkpt lat="45.397538" lon="6.321582">
        <ele>1208.229585</ele>
        <time>2026-09-03T13:26:21.836Z</time>
      </trkpt>
      <trkpt lat="45.397385" lon="6.321485">
        <ele>1206.532182</ele>
        <time>2026-09-03T13:26:23.845Z</time>
      </trkpt>
      <trkpt lat="45.397243" lon="6.321373">
        <ele>1204.886998</ele>
        <time>2026-09-03T13:26:25.804Z</time>
      </trkpt>
      <trkpt lat="45.397137" lon="6.321263">
        <ele>1203.557698</ele>
        <time>2026-09-03T13:26:27.804Z</time>
      </trkpt>
      <trkpt lat="45.397057" lon="6.321147">
        <ele>1202.416240</ele>
        <time>2026-09-03T13:26:29.805Z</time>
      </trkpt>
      <trkpt lat="45.396978" lon="6.321037">
        <ele>1201.323993</ele>
        <time>2026-09-03T13:26:32.806Z</time>
      </trkpt>
      <trkpt lat="45.396908" lon="6.320927">
        <ele>1200.293484</ele>
        <time>2026-09-03T13:26:35.807Z</time>
      </trkpt>
      <trkpt lat="45.396852" lon="6.320795">
        <ele>1199.222920</ele>
        <time>2026-09-03T13:26:38.810Z</time>
      </trkpt>
      <trkpt lat="45.396783" lon="6.320695">
        <ele>1198.249693</ele>
        <time>2026-09-03T13:26:40.829Z</time>
      </trkpt>
      <trkpt lat="45.396678" lon="6.320577">
        <ele>1196.927406</ele>
        <time>2026-09-03T13:26:42.816Z</time>
      </trkpt>
      <trkpt lat="45.396553" lon="6.320467">
        <ele>1195.474785</ele>
        <time>2026-09-03T13:26:44.811Z</time>
      </trkpt>
      <trkpt lat="45.396430" lon="6.320337">
        <ele>1193.960539</ele>
        <time>2026-09-03T13:26:46.811Z</time>
      </trkpt>
      <trkpt lat="45.396318" lon="6.320148">
        <ele>1192.243777</ele>
        <time>2026-09-03T13:26:48.811Z</time>
      </trkpt>
      <trkpt lat="45.396265" lon="6.320045">
        <ele>1191.357346</ele>
        <time>2026-09-03T13:26:49.815Z</time>
      </trkpt>
      <trkpt lat="45.396212" lon="6.319937">
        <ele>1190.442688</ele>
        <time>2026-09-03T13:26:50.814Z</time>
      </trkpt>
      <trkpt lat="45.396157" lon="6.319828">
        <ele>1189.510933</ele>
        <time>2026-09-03T13:26:51.813Z</time>
      </trkpt>
      <trkpt lat="45.396102" lon="6.319718">
        <ele>1188.573531</ele>
        <time>2026-09-03T13:26:52.813Z</time>
      </trkpt>
      <trkpt lat="45.396048" lon="6.319613">
        <ele>1187.670056</ele>
        <time>2026-09-03T13:26:53.820Z</time>
      </trkpt>
      <trkpt lat="45.395950" lon="6.319408">
        <ele>1185.948500</ele>
        <time>2026-09-03T13:26:55.845Z</time>
      </trkpt>
      <trkpt lat="45.395862" lon="6.319215">
        <ele>1184.458371</ele>
        <time>2026-09-03T13:26:57.825Z</time>
      </trkpt>
      <trkpt lat="45.395758" lon="6.319033">
        <ele>1183.022524</ele>
        <time>2026-09-03T13:26:59.837Z</time>
      </trkpt>
      <trkpt lat="45.395693" lon="6.318943">
        <ele>1182.232499</ele>
        <time>2026-09-03T13:27:00.838Z</time>
      </trkpt>
      <trkpt lat="45.395582" lon="6.318768">
        <ele>1180.789455</ele>
        <time>2026-09-03T13:27:02.835Z</time>
      </trkpt>
      <trkpt lat="45.395487" lon="6.318567">
        <ele>1179.306839</ele>
        <time>2026-09-03T13:27:04.841Z</time>
      </trkpt>
      <trkpt lat="45.395385" lon="6.318375">
        <ele>1177.833601</ele>
        <time>2026-09-03T13:27:06.814Z</time>
      </trkpt>
      <trkpt lat="45.395308" lon="6.318305">
        <ele>1177.037537</ele>
        <time>2026-09-03T13:27:07.835Z</time>
      </trkpt>
      <trkpt lat="45.395222" lon="6.318247">
        <ele>1176.208318</ele>
        <time>2026-09-03T13:27:08.829Z</time>
      </trkpt>
      <trkpt lat="45.395143" lon="6.318180">
        <ele>1175.407055</ele>
        <time>2026-09-03T13:27:09.837Z</time>
      </trkpt>
      <trkpt lat="45.395020" lon="6.318008">
        <ele>1173.904840</ele>
        <time>2026-09-03T13:27:11.840Z</time>
      </trkpt>
      <trkpt lat="45.394905" lon="6.317840">
        <ele>1172.469171</ele>
        <time>2026-09-03T13:27:13.809Z</time>
      </trkpt>
      <trkpt lat="45.394783" lon="6.317677">
        <ele>1171.011378</ele>
        <time>2026-09-03T13:27:15.842Z</time>
      </trkpt>
      <trkpt lat="45.394680" lon="6.317505">
        <ele>1169.628112</ele>
        <time>2026-09-03T13:27:17.822Z</time>
      </trkpt>
      <trkpt lat="45.394607" lon="6.317335">
        <ele>1168.077412</ele>
        <time>2026-09-03T13:27:19.840Z</time>
      </trkpt>
      <trkpt lat="45.394547" lon="6.317178">
        <ele>1166.674931</ele>
        <time>2026-09-03T13:27:21.846Z</time>
      </trkpt>
      <trkpt lat="45.394460" lon="6.317093">
        <ele>1165.496042</ele>
        <time>2026-09-03T13:27:23.840Z</time>
      </trkpt>
      <trkpt lat="45.394325" lon="6.317167">
        <ele>1163.879724</ele>
        <time>2026-09-03T13:27:25.820Z</time>
      </trkpt>
      <trkpt lat="45.394178" lon="6.317295">
        <ele>1161.954490</ele>
        <time>2026-09-03T13:27:27.838Z</time>
      </trkpt>
      <trkpt lat="45.394007" lon="6.317375">
        <ele>1159.943346</ele>
        <time>2026-09-03T13:27:29.829Z</time>
      </trkpt>
      <trkpt lat="45.393918" lon="6.317403">
        <ele>1158.924921</ele>
        <time>2026-09-03T13:27:30.844Z</time>
      </trkpt>
      <trkpt lat="45.393750" lon="6.317418">
        <ele>1157.044079</ele>
        <time>2026-09-03T13:27:32.848Z</time>
      </trkpt>
      <trkpt lat="45.393577" lon="6.317378">
        <ele>1155.085742</ele>
        <time>2026-09-03T13:27:34.812Z</time>
      </trkpt>
      <trkpt lat="45.393402" lon="6.317348">
        <ele>1153.116254</ele>
        <time>2026-09-03T13:27:36.842Z</time>
      </trkpt>
      <trkpt lat="45.393233" lon="6.317315">
        <ele>1151.210254</ele>
        <time>2026-09-03T13:27:38.845Z</time>
      </trkpt>
      <trkpt lat="45.393075" lon="6.317253">
        <ele>1149.388575</ele>
        <time>2026-09-03T13:27:40.809Z</time>
      </trkpt>
      <trkpt lat="45.392928" lon="6.317165">
        <ele>1147.766453</ele>
        <time>2026-09-03T13:27:42.845Z</time>
      </trkpt>
      <trkpt lat="45.392787" lon="6.317103">
        <ele>1146.265303</ele>
        <time>2026-09-03T13:27:44.842Z</time>
      </trkpt>
      <trkpt lat="45.392638" lon="6.317143">
        <ele>1144.722898</ele>
        <time>2026-09-03T13:27:46.842Z</time>
      </trkpt>
      <trkpt lat="45.392472" lon="6.317197">
        <ele>1142.990759</ele>
        <time>2026-09-03T13:27:48.814Z</time>
      </trkpt>
      <trkpt lat="45.392292" lon="6.317183">
        <ele>1141.156977</ele>
        <time>2026-09-03T13:27:50.841Z</time>
      </trkpt>
      <trkpt lat="45.392128" lon="6.317097">
        <ele>1139.379160</ele>
        <time>2026-09-03T13:27:52.840Z</time>
      </trkpt>
      <trkpt lat="45.391995" lon="6.316967">
        <ele>1137.738154</ele>
        <time>2026-09-03T13:27:54.835Z</time>
      </trkpt>
      <trkpt lat="45.391842" lon="6.316890">
        <ele>1136.087415</ele>
        <time>2026-09-03T13:27:56.837Z</time>
      </trkpt>
      <trkpt lat="45.391688" lon="6.316907">
        <ele>1134.516147</ele>
        <time>2026-09-03T13:27:58.839Z</time>
      </trkpt>
      <trkpt lat="45.391528" lon="6.316887">
        <ele>1132.882285</ele>
        <time>2026-09-03T13:28:00.838Z</time>
      </trkpt>
      <trkpt lat="45.391352" lon="6.316815">
        <ele>1131.017495</ele>
        <time>2026-09-03T13:28:02.840Z</time>
      </trkpt>
      <trkpt lat="45.391263" lon="6.316775">
        <ele>1130.056854</ele>
        <time>2026-09-03T13:28:03.842Z</time>
      </trkpt>
      <trkpt lat="45.391177" lon="6.316735">
        <ele>1129.125615</ele>
        <time>2026-09-03T13:28:04.844Z</time>
      </trkpt>
      <trkpt lat="45.391020" lon="6.316653">
        <ele>1127.404308</ele>
        <time>2026-09-03T13:28:06.806Z</time>
      </trkpt>
      <trkpt lat="45.390873" lon="6.316565">
        <ele>1125.762934</ele>
        <time>2026-09-03T13:28:08.843Z</time>
      </trkpt>
      <trkpt lat="45.390715" lon="6.316492">
        <ele>1124.053143</ele>
        <time>2026-09-03T13:28:10.843Z</time>
      </trkpt>
      <trkpt lat="45.390550" lon="6.316415">
        <ele>1122.265886</ele>
        <time>2026-09-03T13:28:12.838Z</time>
      </trkpt>
      <trkpt lat="45.390388" lon="6.316335">
        <ele>1120.500959</ele>
        <time>2026-09-03T13:28:14.846Z</time>
      </trkpt>
      <trkpt lat="45.390230" lon="6.316262">
        <ele>1118.791168</ele>
        <time>2026-09-03T13:28:16.843Z</time>
      </trkpt>
      <trkpt lat="45.390082" lon="6.316168">
        <ele>1117.123104</ele>
        <time>2026-09-03T13:28:18.831Z</time>
      </trkpt>
      <trkpt lat="45.389932" lon="6.316057">
        <ele>1115.383078</ele>
        <time>2026-09-03T13:28:20.838Z</time>
      </trkpt>
      <trkpt lat="45.389792" lon="6.315920">
        <ele>1113.634544</ele>
        <time>2026-09-03T13:28:22.848Z</time>
      </trkpt>
      <trkpt lat="45.389648" lon="6.315777">
        <ele>1111.685020</ele>
        <time>2026-09-03T13:28:24.805Z</time>
      </trkpt>
      <trkpt lat="45.389570" lon="6.315710">
        <ele>1110.589793</ele>
        <time>2026-09-03T13:28:25.847Z</time>
      </trkpt>
      <trkpt lat="45.389492" lon="6.315647">
        <ele>1109.511623</ele>
        <time>2026-09-03T13:28:26.850Z</time>
      </trkpt>
      <trkpt lat="45.389410" lon="6.315588">
        <ele>1108.407008</ele>
        <time>2026-09-03T13:28:27.841Z</time>
      </trkpt>
      <trkpt lat="45.389323" lon="6.315538">
        <ele>1107.279008</ele>
        <time>2026-09-03T13:28:28.852Z</time>
      </trkpt>
      <trkpt lat="45.389237" lon="6.315498">
        <ele>1106.191253</ele>
        <time>2026-09-03T13:28:29.848Z</time>
      </trkpt>
      <trkpt lat="45.389150" lon="6.315462">
        <ele>1105.101967</ele>
        <time>2026-09-03T13:28:30.838Z</time>
      </trkpt>
      <trkpt lat="45.389062" lon="6.315423">
        <ele>1103.993868</ele>
        <time>2026-09-03T13:28:31.837Z</time>
      </trkpt>
      <trkpt lat="45.388912" lon="6.315312">
        <ele>1101.961392</ele>
        <time>2026-09-03T13:28:33.846Z</time>
      </trkpt>
      <trkpt lat="45.388773" lon="6.315217">
        <ele>1100.107633</ele>
        <time>2026-09-03T13:28:35.845Z</time>
      </trkpt>
      <trkpt lat="45.388670" lon="6.315160">
        <ele>1098.779010</ele>
        <time>2026-09-03T13:28:37.809Z</time>
      </trkpt>
      <trkpt lat="45.388622" lon="6.315273">
        <ele>1097.663907</ele>
        <time>2026-09-03T13:28:40.842Z</time>
      </trkpt>
      <trkpt lat="45.388687" lon="6.315383">
        <ele>1096.450050</ele>
        <time>2026-09-03T13:28:42.840Z</time>
      </trkpt>
      <trkpt lat="45.388785" lon="6.315455">
        <ele>1095.124184</ele>
        <time>2026-09-03T13:28:44.848Z</time>
      </trkpt>
      <trkpt lat="45.388888" lon="6.315550">
        <ele>1093.648700</ele>
        <time>2026-09-03T13:28:46.815Z</time>
      </trkpt>
      <trkpt lat="45.389015" lon="6.315660">
        <ele>1091.861458</ele>
        <time>2026-09-03T13:28:48.843Z</time>
      </trkpt>
      <trkpt lat="45.389150" lon="6.315780">
        <ele>1089.969948</ele>
        <time>2026-09-03T13:28:50.808Z</time>
      </trkpt>
      <trkpt lat="45.389278" lon="6.315900">
        <ele>1088.164033</ele>
        <time>2026-09-03T13:28:52.843Z</time>
      </trkpt>
      <trkpt lat="45.389380" lon="6.316027">
        <ele>1086.567366</ele>
        <time>2026-09-03T13:28:54.808Z</time>
      </trkpt>
      <trkpt lat="45.389468" lon="6.316175">
        <ele>1084.962534</ele>
        <time>2026-09-03T13:28:56.838Z</time>
      </trkpt>
      <trkpt lat="45.389553" lon="6.316357">
        <ele>1083.153714</ele>
        <time>2026-09-03T13:28:58.810Z</time>
      </trkpt>
      <trkpt lat="45.389668" lon="6.316530">
        <ele>1081.182374</ele>
        <time>2026-09-03T13:29:00.838Z</time>
      </trkpt>
      <trkpt lat="45.389805" lon="6.316705">
        <ele>1079.013576</ele>
        <time>2026-09-03T13:29:02.849Z</time>
      </trkpt>
      <trkpt lat="45.389883" lon="6.316788">
        <ele>1077.866129</ele>
        <time>2026-09-03T13:29:03.851Z</time>
      </trkpt>
      <trkpt lat="45.389967" lon="6.316870">
        <ele>1076.666002</ele>
        <time>2026-09-03T13:29:04.844Z</time>
      </trkpt>
      <trkpt lat="45.390045" lon="6.316957">
        <ele>1075.498440</ele>
        <time>2026-09-03T13:29:05.847Z</time>
      </trkpt>
      <trkpt lat="45.390123" lon="6.317040">
        <ele>1074.350995</ele>
        <time>2026-09-03T13:29:06.846Z</time>
      </trkpt>
      <trkpt lat="45.390200" lon="6.317120">
        <ele>1073.227778</ele>
        <time>2026-09-03T13:29:07.829Z</time>
      </trkpt>
      <trkpt lat="45.390272" lon="6.317205">
        <ele>1072.125660</ele>
        <time>2026-09-03T13:29:08.842Z</time>
      </trkpt>
      <trkpt lat="45.390340" lon="6.317293">
        <ele>1071.042866</ele>
        <time>2026-09-03T13:29:09.846Z</time>
      </trkpt>
      <trkpt lat="45.390410" lon="6.317382">
        <ele>1069.937023</ele>
        <time>2026-09-03T13:29:10.847Z</time>
      </trkpt>
      <trkpt lat="45.390478" lon="6.317465">
        <ele>1069.240435</ele>
        <time>2026-09-03T13:29:11.844Z</time>
      </trkpt>
      <trkpt lat="45.390613" lon="6.317627">
        <ele>1067.927286</ele>
        <time>2026-09-03T13:29:13.791Z</time>
      </trkpt>
      <trkpt lat="45.390732" lon="6.317797">
        <ele>1066.673497</ele>
        <time>2026-09-03T13:29:15.808Z</time>
      </trkpt>
      <trkpt lat="45.390847" lon="6.317935">
        <ele>1065.554891</ele>
        <time>2026-09-03T13:29:17.812Z</time>
      </trkpt>
      <trkpt lat="45.390918" lon="6.318050">
        <ele>1064.755059</ele>
        <time>2026-09-03T13:29:19.812Z</time>
      </trkpt>
      <trkpt lat="45.391018" lon="6.318110">
        <ele>1063.947922</ele>
        <time>2026-09-03T13:29:21.798Z</time>
      </trkpt>
      <trkpt lat="45.391112" lon="6.318185">
        <ele>1063.146471</ele>
        <time>2026-09-03T13:29:24.815Z</time>
      </trkpt>
      <trkpt lat="45.391092" lon="6.318327">
        <ele>1062.389969</ele>
        <time>2026-09-03T13:29:30.802Z</time>
      </trkpt>
      <trkpt lat="45.390998" lon="6.318233">
        <ele>1061.535607</ele>
        <time>2026-09-03T13:30:10.828Z</time>
      </trkpt>
      <trkpt lat="45.390903" lon="6.318113">
        <ele>1060.591041</ele>
        <time>2026-09-03T13:30:13.830Z</time>
      </trkpt>
      <trkpt lat="45.390808" lon="6.318043">
        <ele>1059.795429</ele>
        <time>2026-09-03T13:30:15.821Z</time>
      </trkpt>
      <trkpt lat="45.390703" lon="6.317982">
        <ele>1058.951937</ele>
        <time>2026-09-03T13:30:17.801Z</time>
      </trkpt>
      <trkpt lat="45.390615" lon="6.317908">
        <ele>1058.191775</ele>
        <time>2026-09-03T13:30:19.806Z</time>
      </trkpt>
      <trkpt lat="45.390518" lon="6.317845">
        <ele>1057.398779</ele>
        <time>2026-09-03T13:30:21.821Z</time>
      </trkpt>
      <trkpt lat="45.390402" lon="6.317773">
        <ele>1056.452669</ele>
        <time>2026-09-03T13:30:23.829Z</time>
      </trkpt>
      <trkpt lat="45.390265" lon="6.317712">
        <ele>1055.104405</ele>
        <time>2026-09-03T13:30:25.810Z</time>
      </trkpt>
      <trkpt lat="45.390117" lon="6.317638">
        <ele>1053.631053</ele>
        <time>2026-09-03T13:30:27.821Z</time>
      </trkpt>
      <trkpt lat="45.389963" lon="6.317540">
        <ele>1052.046676</ele>
        <time>2026-09-03T13:30:29.846Z</time>
      </trkpt>
      <trkpt lat="45.389823" lon="6.317448">
        <ele>1050.598397</ele>
        <time>2026-09-03T13:30:31.812Z</time>
      </trkpt>
      <trkpt lat="45.389707" lon="6.317372">
        <ele>1049.399025</ele>
        <time>2026-09-03T13:30:33.819Z</time>
      </trkpt>
      <trkpt lat="45.389612" lon="6.317300">
        <ele>1048.388180</ele>
        <time>2026-09-03T13:30:35.842Z</time>
      </trkpt>
      <trkpt lat="45.389517" lon="6.317258">
        <ele>1047.453839</ele>
        <time>2026-09-03T13:30:37.810Z</time>
      </trkpt>
      <trkpt lat="45.389435" lon="6.317203">
        <ele>1046.602454</ele>
        <time>2026-09-03T13:30:39.816Z</time>
      </trkpt>
      <trkpt lat="45.389335" lon="6.317133">
        <ele>1045.555806</ele>
        <time>2026-09-03T13:30:41.814Z</time>
      </trkpt>
      <trkpt lat="45.389220" lon="6.317048">
        <ele>1044.338773</ele>
        <time>2026-09-03T13:30:43.830Z</time>
      </trkpt>
      <trkpt lat="45.389093" lon="6.316950">
        <ele>1042.981977</ele>
        <time>2026-09-03T13:30:45.814Z</time>
      </trkpt>
      <trkpt lat="45.388945" lon="6.316852">
        <ele>1041.448875</ele>
        <time>2026-09-03T13:30:47.816Z</time>
      </trkpt>
      <trkpt lat="45.388785" lon="6.316767">
        <ele>1039.844828</ele>
        <time>2026-09-03T13:30:49.816Z</time>
      </trkpt>
      <trkpt lat="45.388612" lon="6.316683">
        <ele>1038.563532</ele>
        <time>2026-09-03T13:30:51.807Z</time>
      </trkpt>
      <trkpt lat="45.388522" lon="6.316647">
        <ele>1037.948518</ele>
        <time>2026-09-03T13:30:52.815Z</time>
      </trkpt>
      <trkpt lat="45.388430" lon="6.316610">
        <ele>1037.319586</ele>
        <time>2026-09-03T13:30:53.818Z</time>
      </trkpt>
      <trkpt lat="45.388340" lon="6.316572">
        <ele>1036.702008</ele>
        <time>2026-09-03T13:30:54.815Z</time>
      </trkpt>
      <trkpt lat="45.388173" lon="6.316490">
        <ele>1035.539853</ele>
        <time>2026-09-03T13:30:56.811Z</time>
      </trkpt>
      <trkpt lat="45.388007" lon="6.316425">
        <ele>1034.407225</ele>
        <time>2026-09-03T13:30:58.814Z</time>
      </trkpt>
      <trkpt lat="45.387832" lon="6.316390">
        <ele>1033.244627</ele>
        <time>2026-09-03T13:31:00.815Z</time>
      </trkpt>
      <trkpt lat="45.387738" lon="6.316372">
        <ele>1032.620649</ele>
        <time>2026-09-03T13:31:01.831Z</time>
      </trkpt>
      <trkpt lat="45.387648" lon="6.316340">
        <ele>1032.010373</ele>
        <time>2026-09-03T13:31:02.831Z</time>
      </trkpt>
      <trkpt lat="45.387557" lon="6.316302">
        <ele>1031.386485</ele>
        <time>2026-09-03T13:31:03.815Z</time>
      </trkpt>
      <trkpt lat="45.387468" lon="6.316263">
        <ele>1030.773868</ele>
        <time>2026-09-03T13:31:04.814Z</time>
      </trkpt>
      <trkpt lat="45.387305" lon="6.316182">
        <ele>1029.638086</ele>
        <time>2026-09-03T13:31:06.813Z</time>
      </trkpt>
      <trkpt lat="45.387157" lon="6.316068">
        <ele>1028.531078</ele>
        <time>2026-09-03T13:31:08.901Z</time>
      </trkpt>
      <trkpt lat="45.387012" lon="6.315925">
        <ele>1027.398497</ele>
        <time>2026-09-03T13:31:10.831Z</time>
      </trkpt>
      <trkpt lat="45.386898" lon="6.315730">
        <ele>1026.312467</ele>
        <time>2026-09-03T13:31:12.838Z</time>
      </trkpt>
      <trkpt lat="45.386778" lon="6.315592">
        <ele>1025.372339</ele>
        <time>2026-09-03T13:31:14.833Z</time>
      </trkpt>
      <trkpt lat="45.386628" lon="6.315540">
        <ele>1024.431414</ele>
        <time>2026-09-03T13:31:16.837Z</time>
      </trkpt>
      <trkpt lat="45.386472" lon="6.315563">
        <ele>1023.475544</ele>
        <time>2026-09-03T13:31:18.812Z</time>
      </trkpt>
      <trkpt lat="45.386322" lon="6.315550">
        <ele>1022.559634</ele>
        <time>2026-09-03T13:31:20.840Z</time>
      </trkpt>
      <trkpt lat="45.386175" lon="6.315463">
        <ele>1021.589386</ele>
        <time>2026-09-03T13:31:22.813Z</time>
      </trkpt>
      <trkpt lat="45.386025" lon="6.315393">
        <ele>1020.627317</ele>
        <time>2026-09-03T13:31:24.828Z</time>
      </trkpt>
      <trkpt lat="45.385872" lon="6.315302">
        <ele>1019.616726</ele>
        <time>2026-09-03T13:31:26.845Z</time>
      </trkpt>
      <trkpt lat="45.385717" lon="6.315183">
        <ele>1018.543452</ele>
        <time>2026-09-03T13:31:28.848Z</time>
      </trkpt>
      <trkpt lat="45.385633" lon="6.315123">
        <ele>1017.970680</ele>
        <time>2026-09-03T13:31:29.846Z</time>
      </trkpt>
      <trkpt lat="45.385550" lon="6.315058">
        <ele>1017.393343</ele>
        <time>2026-09-03T13:31:30.850Z</time>
      </trkpt>
      <trkpt lat="45.385462" lon="6.314992">
        <ele>1016.787144</ele>
        <time>2026-09-03T13:31:31.842Z</time>
      </trkpt>
      <trkpt lat="45.385373" lon="6.314918">
        <ele>1016.286444</ele>
        <time>2026-09-03T13:31:32.836Z</time>
      </trkpt>
      <trkpt lat="45.385285" lon="6.314838">
        <ele>1015.779357</ele>
        <time>2026-09-03T13:31:33.848Z</time>
      </trkpt>
      <trkpt lat="45.385203" lon="6.314745">
        <ele>1015.270195</ele>
        <time>2026-09-03T13:31:34.850Z</time>
      </trkpt>
      <trkpt lat="45.385123" lon="6.314660">
        <ele>1014.785391</ele>
        <time>2026-09-03T13:31:35.845Z</time>
      </trkpt>
      <trkpt lat="45.385033" lon="6.314593">
        <ele>1014.292137</ele>
        <time>2026-09-03T13:31:36.839Z</time>
      </trkpt>
      <trkpt lat="45.384945" lon="6.314525">
        <ele>1013.805852</ele>
        <time>2026-09-03T13:31:37.844Z</time>
      </trkpt>
      <trkpt lat="45.384850" lon="6.314463">
        <ele>1013.298295</ele>
        <time>2026-09-03T13:31:38.822Z</time>
      </trkpt>
      <trkpt lat="45.384758" lon="6.314398">
        <ele>1012.799482</ele>
        <time>2026-09-03T13:31:39.845Z</time>
      </trkpt>
      <trkpt lat="45.384670" lon="6.314332">
        <ele>1012.316413</ele>
        <time>2026-09-03T13:31:40.854Z</time>
      </trkpt>
      <trkpt lat="45.384587" lon="6.314255">
        <ele>1011.835279</ele>
        <time>2026-09-03T13:31:41.844Z</time>
      </trkpt>
      <trkpt lat="45.384497" lon="6.314188">
        <ele>1011.342024</ele>
        <time>2026-09-03T13:31:42.843Z</time>
      </trkpt>
      <trkpt lat="45.384405" lon="6.314127">
        <ele>1010.849124</ele>
        <time>2026-09-03T13:31:43.841Z</time>
      </trkpt>
      <trkpt lat="45.384320" lon="6.314062">
        <ele>1010.380520</ele>
        <time>2026-09-03T13:31:44.840Z</time>
      </trkpt>
      <trkpt lat="45.384240" lon="6.313998">
        <ele>1009.934844</ele>
        <time>2026-09-03T13:31:45.844Z</time>
      </trkpt>
      <trkpt lat="45.384160" lon="6.313935">
        <ele>1009.490828</ele>
        <time>2026-09-03T13:31:46.836Z</time>
      </trkpt>
      <trkpt lat="45.384082" lon="6.313868">
        <ele>1009.048395</ele>
        <time>2026-09-03T13:31:47.844Z</time>
      </trkpt>
      <trkpt lat="45.383932" lon="6.313747">
        <ele>1008.211074</ele>
        <time>2026-09-03T13:31:49.812Z</time>
      </trkpt>
      <trkpt lat="45.383792" lon="6.313660">
        <ele>1006.889794</ele>
        <time>2026-09-03T13:31:51.846Z</time>
      </trkpt>
      <trkpt lat="45.383673" lon="6.313558">
        <ele>1005.543177</ele>
        <time>2026-09-03T13:31:53.804Z</time>
      </trkpt>
      <trkpt lat="45.383590" lon="6.313402">
        <ele>1004.210567</ele>
        <time>2026-09-03T13:31:55.832Z</time>
      </trkpt>
      <trkpt lat="45.383508" lon="6.313220">
        <ele>1002.738219</ele>
        <time>2026-09-03T13:31:57.837Z</time>
      </trkpt>
      <trkpt lat="45.383418" lon="6.313025">
        <ele>1001.149389</ele>
        <time>2026-09-03T13:31:59.840Z</time>
      </trkpt>
      <trkpt lat="45.383313" lon="6.312833">
        <ele>999.492441</ele>
        <time>2026-09-03T13:32:01.837Z</time>
      </trkpt>
      <trkpt lat="45.383197" lon="6.312680">
        <ele>997.959432</ele>
        <time>2026-09-03T13:32:03.843Z</time>
      </trkpt>
      <trkpt lat="45.383087" lon="6.312563">
        <ele>996.628272</ele>
        <time>2026-09-03T13:32:05.814Z</time>
      </trkpt>
      <trkpt lat="45.382992" lon="6.312453">
        <ele>995.441134</ele>
        <time>2026-09-03T13:32:07.844Z</time>
      </trkpt>
      <trkpt lat="45.382908" lon="6.312360">
        <ele>994.409525</ele>
        <time>2026-09-03T13:32:09.812Z</time>
      </trkpt>
      <trkpt lat="45.382813" lon="6.312250">
        <ele>993.222386</ele>
        <time>2026-09-03T13:32:11.844Z</time>
      </trkpt>
      <trkpt lat="45.382685" lon="6.312142">
        <ele>991.779903</ele>
        <time>2026-09-03T13:32:13.817Z</time>
      </trkpt>
      <trkpt lat="45.382528" lon="6.312055">
        <ele>989.897177</ele>
        <time>2026-09-03T13:32:15.842Z</time>
      </trkpt>
      <trkpt lat="45.382368" lon="6.312013">
        <ele>987.476842</ele>
        <time>2026-09-03T13:32:17.812Z</time>
      </trkpt>
      <trkpt lat="45.382210" lon="6.311982">
        <ele>985.104163</ele>
        <time>2026-09-03T13:32:19.849Z</time>
      </trkpt>
      <trkpt lat="45.382058" lon="6.311907">
        <ele>982.711011</ele>
        <time>2026-09-03T13:32:21.810Z</time>
      </trkpt>
      <trkpt lat="45.381908" lon="6.311812">
        <ele>980.268735</ele>
        <time>2026-09-03T13:32:23.837Z</time>
      </trkpt>
      <trkpt lat="45.381775" lon="6.311742">
        <ele>978.159314</ele>
        <time>2026-09-03T13:32:25.839Z</time>
      </trkpt>
      <trkpt lat="45.381667" lon="6.311653">
        <ele>976.302942</ele>
        <time>2026-09-03T13:32:27.847Z</time>
      </trkpt>
      <trkpt lat="45.381588" lon="6.311577">
        <ele>974.884566</ele>
        <time>2026-09-03T13:32:29.808Z</time>
      </trkpt>
      <trkpt lat="45.381488" lon="6.311628">
        <ele>973.304365</ele>
        <time>2026-09-03T13:32:33.842Z</time>
      </trkpt>
      <trkpt lat="45.381538" lon="6.311760">
        <ele>971.737327</ele>
        <time>2026-09-03T13:32:36.814Z</time>
      </trkpt>
      <trkpt lat="45.381617" lon="6.311852">
        <ele>970.219018</ele>
        <time>2026-09-03T13:32:38.841Z</time>
      </trkpt>
      <trkpt lat="45.381720" lon="6.311910">
        <ele>968.571257</ele>
        <time>2026-09-03T13:32:40.846Z</time>
      </trkpt>
      <trkpt lat="45.381827" lon="6.311953">
        <ele>966.917291</ele>
        <time>2026-09-03T13:32:42.839Z</time>
      </trkpt>
      <trkpt lat="45.381887" lon="6.312063">
        <ele>965.462040</ele>
        <time>2026-09-03T13:32:44.816Z</time>
      </trkpt>
      <trkpt lat="45.381760" lon="6.312098">
        <ele>963.689706</ele>
        <time>2026-09-03T13:32:47.846Z</time>
      </trkpt>
      <trkpt lat="45.381623" lon="6.312048">
        <ele>962.590619</ele>
        <time>2026-09-03T13:32:49.817Z</time>
      </trkpt>
      <trkpt lat="45.381487" lon="6.311987">
        <ele>961.482520</ele>
        <time>2026-09-03T13:32:51.835Z</time>
      </trkpt>
      <trkpt lat="45.381375" lon="6.311848">
        <ele>960.327869</ele>
        <time>2026-09-03T13:32:53.838Z</time>
      </trkpt>
      <trkpt lat="45.381298" lon="6.311655">
        <ele>959.116310</ele>
        <time>2026-09-03T13:32:55.811Z</time>
      </trkpt>
      <trkpt lat="45.381220" lon="6.311453">
        <ele>957.858074</ele>
        <time>2026-09-03T13:32:57.847Z</time>
      </trkpt>
      <trkpt lat="45.381132" lon="6.311263">
        <ele>956.615794</ele>
        <time>2026-09-03T13:32:59.804Z</time>
      </trkpt>
      <trkpt lat="45.381002" lon="6.311120">
        <ele>955.339117</ele>
        <time>2026-09-03T13:33:01.803Z</time>
      </trkpt>
      <trkpt lat="45.380848" lon="6.311013">
        <ele>954.007430</ele>
        <time>2026-09-03T13:33:03.827Z</time>
      </trkpt>
      <trkpt lat="45.380680" lon="6.310955">
        <ele>952.664021</ele>
        <time>2026-09-03T13:33:05.841Z</time>
      </trkpt>
      <trkpt lat="45.380518" lon="6.310873">
        <ele>951.327876</ele>
        <time>2026-09-03T13:33:07.809Z</time>
      </trkpt>
      <trkpt lat="45.380378" lon="6.310805">
        <ele>950.178326</ele>
        <time>2026-09-03T13:33:09.828Z</time>
      </trkpt>
      <trkpt lat="45.380262" lon="6.310702">
        <ele>948.694144</ele>
        <time>2026-09-03T13:33:11.839Z</time>
      </trkpt>
      <trkpt lat="45.380148" lon="6.310582">
        <ele>946.982832</ele>
        <time>2026-09-03T13:33:13.844Z</time>
      </trkpt>
      <trkpt lat="45.380045" lon="6.310435">
        <ele>945.222430</ele>
        <time>2026-09-03T13:33:15.805Z</time>
      </trkpt>
      <trkpt lat="45.379917" lon="6.310305">
        <ele>943.324555</ele>
        <time>2026-09-03T13:33:17.841Z</time>
      </trkpt>
      <trkpt lat="45.379775" lon="6.310205">
        <ele>941.412310</ele>
        <time>2026-09-03T13:33:19.815Z</time>
      </trkpt>
      <trkpt lat="45.379647" lon="6.310132">
        <ele>939.747925</ele>
        <time>2026-09-03T13:33:21.843Z</time>
      </trkpt>
      <trkpt lat="45.379535" lon="6.310068">
        <ele>938.291193</ele>
        <time>2026-09-03T13:33:23.821Z</time>
      </trkpt>
      <trkpt lat="45.379447" lon="6.310018">
        <ele>937.147517</ele>
        <time>2026-09-03T13:33:25.842Z</time>
      </trkpt>
      <trkpt lat="45.379387" lon="6.309917">
        <ele>936.026000</ele>
        <time>2026-09-03T13:33:28.808Z</time>
      </trkpt>
      <trkpt lat="45.379362" lon="6.309785">
        <ele>934.866874</ele>
        <time>2026-09-03T13:33:32.840Z</time>
      </trkpt>
      <trkpt lat="45.379283" lon="6.309577">
        <ele>932.862054</ele>
        <time>2026-09-03T13:34:11.813Z</time>
      </trkpt>
      <trkpt lat="45.379198" lon="6.309465">
        <ele>931.464061</ele>
        <time>2026-09-03T13:34:14.803Z</time>
      </trkpt>
      <trkpt lat="45.379198" lon="6.309323">
        <ele>930.260116</ele>
        <time>2026-09-03T13:34:16.808Z</time>
      </trkpt>
      <trkpt lat="45.379170" lon="6.309170">
        <ele>928.919603</ele>
        <time>2026-09-03T13:34:18.827Z</time>
      </trkpt>
      <trkpt lat="45.379073" lon="6.309033">
        <ele>927.353578</ele>
        <time>2026-09-03T13:34:20.798Z</time>
      </trkpt>
      <trkpt lat="45.378932" lon="6.308950">
        <ele>925.682726</ele>
        <time>2026-09-03T13:34:22.813Z</time>
      </trkpt>
      <trkpt lat="45.378767" lon="6.308897">
        <ele>923.830418</ele>
        <time>2026-09-03T13:34:24.810Z</time>
      </trkpt>
      <trkpt lat="45.378607" lon="6.308853">
        <ele>922.045896</ele>
        <time>2026-09-03T13:34:26.816Z</time>
      </trkpt>
      <trkpt lat="45.378460" lon="6.308802">
        <ele>920.389013</ele>
        <time>2026-09-03T13:34:28.813Z</time>
      </trkpt>
      <trkpt lat="45.378330" lon="6.308697">
        <ele>918.752250</ele>
        <time>2026-09-03T13:34:30.828Z</time>
      </trkpt>
      <trkpt lat="45.378227" lon="6.308558">
        <ele>917.198082</ele>
        <time>2026-09-03T13:34:32.798Z</time>
      </trkpt>
      <trkpt lat="45.378142" lon="6.308487">
        <ele>916.118871</ele>
        <time>2026-09-03T13:34:34.807Z</time>
      </trkpt>
      <trkpt lat="45.378012" lon="6.308482">
        <ele>914.694743</ele>
        <time>2026-09-03T13:34:36.845Z</time>
      </trkpt>
      <trkpt lat="45.377885" lon="6.308422">
        <ele>913.229407</ele>
        <time>2026-09-03T13:34:38.832Z</time>
      </trkpt>
      <trkpt lat="45.377758" lon="6.308382">
        <ele>911.805022</ele>
        <time>2026-09-03T13:34:40.810Z</time>
      </trkpt>
      <trkpt lat="45.377672" lon="6.308345">
        <ele>910.821184</ele>
        <time>2026-09-03T13:34:41.832Z</time>
      </trkpt>
      <trkpt lat="45.377542" lon="6.308200">
        <ele>909.012673</ele>
        <time>2026-09-03T13:34:43.831Z</time>
      </trkpt>
      <trkpt lat="45.377455" lon="6.308147">
        <ele>907.962976</ele>
        <time>2026-09-03T13:34:44.829Z</time>
      </trkpt>
      <trkpt lat="45.377377" lon="6.308073">
        <ele>906.908691</ele>
        <time>2026-09-03T13:34:45.832Z</time>
      </trkpt>
      <trkpt lat="45.377202" lon="6.308017">
        <ele>904.891228</ele>
        <time>2026-09-03T13:34:47.828Z</time>
      </trkpt>
      <trkpt lat="45.377103" lon="6.308007">
        <ele>903.774905</ele>
        <time>2026-09-03T13:34:48.835Z</time>
      </trkpt>
      <trkpt lat="45.376935" lon="6.307932">
        <ele>901.794556</ele>
        <time>2026-09-03T13:34:50.835Z</time>
      </trkpt>
      <trkpt lat="45.376848" lon="6.307887">
        <ele>900.753418</ele>
        <time>2026-09-03T13:34:51.832Z</time>
      </trkpt>
      <trkpt lat="45.376692" lon="6.307770">
        <ele>898.770165</ele>
        <time>2026-09-03T13:34:53.840Z</time>
      </trkpt>
      <trkpt lat="45.376543" lon="6.307662">
        <ele>896.889531</ele>
        <time>2026-09-03T13:34:55.841Z</time>
      </trkpt>
      <trkpt lat="45.376407" lon="6.307575">
        <ele>895.212498</ele>
        <time>2026-09-03T13:34:57.810Z</time>
      </trkpt>
      <trkpt lat="45.376257" lon="6.307527">
        <ele>893.483243</ele>
        <time>2026-09-03T13:34:59.837Z</time>
      </trkpt>
      <trkpt lat="45.376093" lon="6.307502">
        <ele>891.628072</ele>
        <time>2026-09-03T13:35:01.835Z</time>
      </trkpt>
      <trkpt lat="45.375940" lon="6.307450">
        <ele>889.858808</ele>
        <time>2026-09-03T13:35:03.844Z</time>
      </trkpt>
      <trkpt lat="45.375798" lon="6.307378">
        <ele>888.156793</ele>
        <time>2026-09-03T13:35:05.819Z</time>
      </trkpt>
      <trkpt lat="45.375677" lon="6.307282">
        <ele>886.466213</ele>
        <time>2026-09-03T13:35:07.812Z</time>
      </trkpt>
      <trkpt lat="45.375585" lon="6.307175">
        <ele>885.016337</ele>
        <time>2026-09-03T13:35:09.844Z</time>
      </trkpt>
      <trkpt lat="45.375497" lon="6.307087">
        <ele>883.703859</ele>
        <time>2026-09-03T13:35:12.811Z</time>
      </trkpt>
      <trkpt lat="45.375365" lon="6.307028">
        <ele>882.015345</ele>
        <time>2026-09-03T13:35:15.842Z</time>
      </trkpt>
      <trkpt lat="45.375277" lon="6.306982">
        <ele>880.871248</ele>
        <time>2026-09-03T13:35:17.843Z</time>
      </trkpt>
      <trkpt lat="45.375190" lon="6.306908">
        <ele>879.634378</ele>
        <time>2026-09-03T13:35:19.818Z</time>
      </trkpt>
      <trkpt lat="45.375103" lon="6.306803">
        <ele>878.242370</ele>
        <time>2026-09-03T13:35:21.840Z</time>
      </trkpt>
      <trkpt lat="45.375022" lon="6.306687">
        <ele>876.840149</ele>
        <time>2026-09-03T13:35:23.843Z</time>
      </trkpt>
      <trkpt lat="45.374923" lon="6.306587">
        <ele>875.358662</ele>
        <time>2026-09-03T13:35:25.837Z</time>
      </trkpt>
      <trkpt lat="45.374807" lon="6.306502">
        <ele>873.766417</ele>
        <time>2026-09-03T13:35:27.839Z</time>
      </trkpt>
      <trkpt lat="45.374660" lon="6.306413">
        <ele>871.816863</ele>
        <time>2026-09-03T13:35:29.836Z</time>
      </trkpt>
      <trkpt lat="45.374493" lon="6.306292">
        <ele>869.529930</ele>
        <time>2026-09-03T13:35:31.831Z</time>
      </trkpt>
      <trkpt lat="45.374405" lon="6.306235">
        <ele>868.349999</ele>
        <time>2026-09-03T13:35:32.838Z</time>
      </trkpt>
      <trkpt lat="45.374245" lon="6.306142">
        <ele>866.239751</ele>
        <time>2026-09-03T13:35:34.806Z</time>
      </trkpt>
      <trkpt lat="45.374097" lon="6.306100">
        <ele>864.358009</ele>
        <time>2026-09-03T13:35:36.842Z</time>
      </trkpt>
      <trkpt lat="45.373950" lon="6.306113">
        <ele>862.521514</ele>
        <time>2026-09-03T13:35:38.818Z</time>
      </trkpt>
      <trkpt lat="45.373798" lon="6.306133">
        <ele>860.618129</ele>
        <time>2026-09-03T13:35:40.842Z</time>
      </trkpt>
      <trkpt lat="45.373660" lon="6.306067">
        <ele>858.802872</ele>
        <time>2026-09-03T13:35:42.834Z</time>
      </trkpt>
      <trkpt lat="45.373530" lon="6.305963">
        <ele>856.943448</ele>
        <time>2026-09-03T13:35:44.833Z</time>
      </trkpt>
      <trkpt lat="45.373400" lon="6.305823">
        <ele>854.910857</ele>
        <time>2026-09-03T13:35:46.848Z</time>
      </trkpt>
      <trkpt lat="45.373268" lon="6.305667">
        <ele>852.771633</ele>
        <time>2026-09-03T13:35:48.808Z</time>
      </trkpt>
      <trkpt lat="45.373147" lon="6.305500">
        <ele>850.670157</ele>
        <time>2026-09-03T13:35:50.842Z</time>
      </trkpt>
      <trkpt lat="45.373045" lon="6.305293">
        <ele>848.455370</ele>
        <time>2026-09-03T13:35:52.841Z</time>
      </trkpt>
      <trkpt lat="45.372962" lon="6.305070">
        <ele>846.244789</ele>
        <time>2026-09-03T13:35:54.805Z</time>
      </trkpt>
      <trkpt lat="45.372885" lon="6.304843">
        <ele>844.036729</ele>
        <time>2026-09-03T13:35:56.838Z</time>
      </trkpt>
      <trkpt lat="45.372812" lon="6.304633">
        <ele>842.279030</ele>
        <time>2026-09-03T13:35:58.837Z</time>
      </trkpt>
      <trkpt lat="45.372750" lon="6.304433">
        <ele>840.664721</ele>
        <time>2026-09-03T13:36:00.839Z</time>
      </trkpt>
      <trkpt lat="45.372725" lon="6.304213">
        <ele>839.019012</ele>
        <time>2026-09-03T13:36:02.841Z</time>
      </trkpt>
      <trkpt lat="45.372730" lon="6.303990">
        <ele>837.371428</ele>
        <time>2026-09-03T13:36:04.839Z</time>
      </trkpt>
      <trkpt lat="45.372748" lon="6.303783">
        <ele>835.831169</ele>
        <time>2026-09-03T13:36:06.840Z</time>
      </trkpt>
      <trkpt lat="45.372775" lon="6.303598">
        <ele>834.435865</ele>
        <time>2026-09-03T13:36:08.842Z</time>
      </trkpt>
      <trkpt lat="45.372828" lon="6.303435">
        <ele>833.109509</ele>
        <time>2026-09-03T13:36:10.844Z</time>
      </trkpt>
      <trkpt lat="45.372905" lon="6.303268">
        <ele>831.634396</ele>
        <time>2026-09-03T13:36:12.810Z</time>
      </trkpt>
      <trkpt lat="45.372960" lon="6.303112">
        <ele>830.345476</ele>
        <time>2026-09-03T13:36:14.841Z</time>
      </trkpt>
      <trkpt lat="45.372977" lon="6.302977">
        <ele>829.332681</ele>
        <time>2026-09-03T13:36:16.808Z</time>
      </trkpt>
      <trkpt lat="45.372887" lon="6.302947">
        <ele>828.361021</ele>
        <time>2026-09-03T13:36:19.846Z</time>
      </trkpt>
      <trkpt lat="45.372825" lon="6.303077">
        <ele>827.200707</ele>
        <time>2026-09-03T13:36:22.809Z</time>
      </trkpt>
      <trkpt lat="45.372787" lon="6.303218">
        <ele>826.085499</ele>
        <time>2026-09-03T13:36:24.837Z</time>
      </trkpt>
      <trkpt lat="45.372735" lon="6.303367">
        <ele>824.860755</ele>
        <time>2026-09-03T13:36:26.843Z</time>
      </trkpt>
      <trkpt lat="45.372670" lon="6.303510">
        <ele>823.652513</ele>
        <time>2026-09-03T13:36:28.820Z</time>
      </trkpt>
      <trkpt lat="45.372610" lon="6.303687">
        <ele>822.258377</ele>
        <time>2026-09-03T13:36:30.840Z</time>
      </trkpt>
      <trkpt lat="45.372542" lon="6.303883">
        <ele>820.707677</ele>
        <time>2026-09-03T13:36:32.837Z</time>
      </trkpt>
      <trkpt lat="45.372457" lon="6.304077">
        <ele>819.085751</ele>
        <time>2026-09-03T13:36:34.848Z</time>
      </trkpt>
      <trkpt lat="45.372375" lon="6.304250">
        <ele>817.605301</ele>
        <time>2026-09-03T13:36:36.815Z</time>
      </trkpt>
      <trkpt lat="45.372345" lon="6.304462">
        <ele>816.071205</ele>
        <time>2026-09-03T13:36:38.848Z</time>
      </trkpt>
      <trkpt lat="45.372362" lon="6.304685">
        <ele>814.479998</ele>
        <time>2026-09-03T13:36:40.821Z</time>
      </trkpt>
      <trkpt lat="45.372403" lon="6.304912">
        <ele>812.817332</ele>
        <time>2026-09-03T13:36:42.840Z</time>
      </trkpt>
      <trkpt lat="45.372450" lon="6.305117">
        <ele>811.287615</ele>
        <time>2026-09-03T13:36:44.835Z</time>
      </trkpt>
      <trkpt lat="45.372485" lon="6.305317">
        <ele>809.825496</ele>
        <time>2026-09-03T13:36:46.836Z</time>
      </trkpt>
      <trkpt lat="45.372498" lon="6.305478">
        <ele>808.675876</ele>
        <time>2026-09-03T13:36:48.840Z</time>
      </trkpt>
      <trkpt lat="45.372518" lon="6.305637">
        <ele>807.530025</ele>
        <time>2026-09-03T13:36:51.816Z</time>
      </trkpt>
      <trkpt lat="45.372623" lon="6.305882">
        <ele>805.337396</ele>
        <time>2026-09-03T13:37:54.815Z</time>
      </trkpt>
      <trkpt lat="45.372695" lon="6.306003">
        <ele>804.076628</ele>
        <time>2026-09-03T13:37:56.800Z</time>
      </trkpt>
      <trkpt lat="45.372780" lon="6.306140">
        <ele>802.623385</ele>
        <time>2026-09-03T13:37:58.813Z</time>
      </trkpt>
      <trkpt lat="45.372862" lon="6.306297">
        <ele>801.067935</ele>
        <time>2026-09-03T13:38:00.811Z</time>
      </trkpt>
      <trkpt lat="45.372938" lon="6.306485">
        <ele>799.343391</ele>
        <time>2026-09-03T13:38:02.800Z</time>
      </trkpt>
      <trkpt lat="45.373023" lon="6.306675">
        <ele>797.552459</ele>
        <time>2026-09-03T13:38:04.813Z</time>
      </trkpt>
      <trkpt lat="45.373127" lon="6.306843">
        <ele>795.772135</ele>
        <time>2026-09-03T13:38:06.970Z</time>
      </trkpt>
      <trkpt lat="45.373255" lon="6.306988">
        <ele>793.920730</ele>
        <time>2026-09-03T13:38:08.955Z</time>
      </trkpt>
      <trkpt lat="45.373380" lon="6.307147">
        <ele>792.023495</ele>
        <time>2026-09-03T13:38:10.813Z</time>
      </trkpt>
      <trkpt lat="45.373453" lon="6.307225">
        <ele>790.990449</ele>
        <time>2026-09-03T13:38:11.793Z</time>
      </trkpt>
      <trkpt lat="45.373587" lon="6.307365">
        <ele>789.109233</ele>
        <time>2026-09-03T13:38:13.803Z</time>
      </trkpt>
      <trkpt lat="45.373663" lon="6.307453">
        <ele>788.000464</ele>
        <time>2026-09-03T13:38:14.830Z</time>
      </trkpt>
      <trkpt lat="45.373807" lon="6.307610">
        <ele>785.922261</ele>
        <time>2026-09-03T13:38:16.803Z</time>
      </trkpt>
      <trkpt lat="45.373883" lon="6.307697">
        <ele>784.761105</ele>
        <time>2026-09-03T13:38:17.827Z</time>
      </trkpt>
      <trkpt lat="45.373960" lon="6.307773">
        <ele>783.645514</ele>
        <time>2026-09-03T13:38:18.802Z</time>
      </trkpt>
      <trkpt lat="45.374035" lon="6.307857">
        <ele>782.509297</ele>
        <time>2026-09-03T13:38:19.807Z</time>
      </trkpt>
      <trkpt lat="45.374103" lon="6.307945">
        <ele>781.415124</ele>
        <time>2026-09-03T13:38:20.828Z</time>
      </trkpt>
      <trkpt lat="45.374257" lon="6.308097">
        <ele>779.183946</ele>
        <time>2026-09-03T13:38:22.806Z</time>
      </trkpt>
      <trkpt lat="45.374338" lon="6.308155">
        <ele>778.104408</ele>
        <time>2026-09-03T13:38:23.840Z</time>
      </trkpt>
      <trkpt lat="45.374420" lon="6.308217">
        <ele>776.998928</ele>
        <time>2026-09-03T13:38:24.834Z</time>
      </trkpt>
      <trkpt lat="45.374495" lon="6.308303">
        <ele>775.852296</ele>
        <time>2026-09-03T13:38:25.841Z</time>
      </trkpt>
      <trkpt lat="45.374628" lon="6.308478">
        <ele>773.695941</ele>
        <time>2026-09-03T13:38:27.816Z</time>
      </trkpt>
      <trkpt lat="45.374703" lon="6.308563">
        <ele>772.554539</ele>
        <time>2026-09-03T13:38:28.826Z</time>
      </trkpt>
      <trkpt lat="45.374778" lon="6.308640">
        <ele>771.453567</ele>
        <time>2026-09-03T13:38:29.818Z</time>
      </trkpt>
      <trkpt lat="45.374848" lon="6.308737">
        <ele>770.290469</ele>
        <time>2026-09-03T13:38:30.822Z</time>
      </trkpt>
      <trkpt lat="45.374972" lon="6.308902">
        <ele>768.269548</ele>
        <time>2026-09-03T13:38:32.827Z</time>
      </trkpt>
      <trkpt lat="45.375050" lon="6.308970">
        <ele>767.180551</ele>
        <time>2026-09-03T13:38:33.836Z</time>
      </trkpt>
      <trkpt lat="45.375190" lon="6.309073">
        <ele>765.304229</ele>
        <time>2026-09-03T13:38:35.804Z</time>
      </trkpt>
      <trkpt lat="45.375277" lon="6.309212">
        <ele>763.634486</ele>
        <time>2026-09-03T13:38:37.840Z</time>
      </trkpt>
      <trkpt lat="45.375265" lon="6.309403">
        <ele>761.888696</ele>
        <time>2026-09-03T13:38:39.833Z</time>
      </trkpt>
      <trkpt lat="45.375205" lon="6.309617">
        <ele>759.791005</ele>
        <time>2026-09-03T13:38:41.820Z</time>
      </trkpt>
      <trkpt lat="45.375235" lon="6.309822">
        <ele>757.884630</ele>
        <time>2026-09-03T13:38:43.836Z</time>
      </trkpt>
      <trkpt lat="45.375320" lon="6.310032">
        <ele>755.678140</ele>
        <time>2026-09-03T13:38:45.811Z</time>
      </trkpt>
      <trkpt lat="45.375425" lon="6.310227">
        <ele>753.441324</ele>
        <time>2026-09-03T13:38:47.813Z</time>
      </trkpt>
      <trkpt lat="45.375533" lon="6.310395">
        <ele>751.368079</ele>
        <time>2026-09-03T13:38:49.840Z</time>
      </trkpt>
      <trkpt lat="45.375623" lon="6.310507">
        <ele>749.818836</ele>
        <time>2026-09-03T13:38:51.840Z</time>
      </trkpt>
      <trkpt lat="45.375708" lon="6.310555">
        <ele>748.633725</ele>
        <time>2026-09-03T13:38:53.843Z</time>
      </trkpt>
      <trkpt lat="45.375743" lon="6.310718">
        <ele>747.082018</ele>
        <time>2026-09-03T13:38:56.815Z</time>
      </trkpt>
      <trkpt lat="45.375645" lon="6.310752">
        <ele>745.774759</ele>
        <time>2026-09-03T13:38:59.813Z</time>
      </trkpt>
      <trkpt lat="45.375533" lon="6.310623">
        <ele>743.907638</ele>
        <time>2026-09-03T13:39:01.808Z</time>
      </trkpt>
      <trkpt lat="45.375408" lon="6.310475">
        <ele>741.800545</ele>
        <time>2026-09-03T13:39:03.809Z</time>
      </trkpt>
      <trkpt lat="45.375273" lon="6.310338">
        <ele>739.557286</ele>
        <time>2026-09-03T13:39:05.816Z</time>
      </trkpt>
      <trkpt lat="45.375115" lon="6.310223">
        <ele>737.151738</ele>
        <time>2026-09-03T13:39:07.815Z</time>
      </trkpt>
      <trkpt lat="45.374965" lon="6.310102">
        <ele>734.814587</ele>
        <time>2026-09-03T13:39:09.812Z</time>
      </trkpt>
      <trkpt lat="45.374847" lon="6.309985">
        <ele>732.865225</ele>
        <time>2026-09-03T13:39:11.813Z</time>
      </trkpt>
      <trkpt lat="45.374782" lon="6.309820">
        <ele>731.063799</ele>
        <time>2026-09-03T13:39:13.814Z</time>
      </trkpt>
      <trkpt lat="45.374750" lon="6.309640">
        <ele>729.295698</ele>
        <time>2026-09-03T13:39:15.834Z</time>
      </trkpt>
      <trkpt lat="45.374705" lon="6.309478">
        <ele>727.636810</ele>
        <time>2026-09-03T13:39:17.811Z</time>
      </trkpt>
      <trkpt lat="45.374582" lon="6.309395">
        <ele>725.791591</ele>
        <time>2026-09-03T13:39:19.816Z</time>
      </trkpt>
      <trkpt lat="45.374488" lon="6.309372">
        <ele>724.498651</ele>
        <time>2026-09-03T13:39:20.811Z</time>
      </trkpt>
      <trkpt lat="45.374393" lon="6.309338">
        <ele>723.170764</ele>
        <time>2026-09-03T13:39:21.807Z</time>
      </trkpt>
      <trkpt lat="45.374298" lon="6.309288">
        <ele>721.797754</ele>
        <time>2026-09-03T13:39:22.812Z</time>
      </trkpt>
      <trkpt lat="45.374215" lon="6.309215">
        <ele>720.475189</ele>
        <time>2026-09-03T13:39:23.819Z</time>
      </trkpt>
      <trkpt lat="45.374137" lon="6.309138">
        <ele>719.188465</ele>
        <time>2026-09-03T13:39:24.810Z</time>
      </trkpt>
      <trkpt lat="45.374062" lon="6.309067">
        <ele>717.967486</ele>
        <time>2026-09-03T13:39:25.810Z</time>
      </trkpt>
      <trkpt lat="45.373907" lon="6.308965">
        <ele>716.042048</ele>
        <time>2026-09-03T13:39:27.844Z</time>
      </trkpt>
      <trkpt lat="45.373745" lon="6.308905">
        <ele>714.300481</ele>
        <time>2026-09-03T13:39:29.815Z</time>
      </trkpt>
      <trkpt lat="45.373562" lon="6.308882">
        <ele>712.389136</ele>
        <time>2026-09-03T13:39:31.802Z</time>
      </trkpt>
      <trkpt lat="45.373397" lon="6.308848">
        <ele>710.654577</ele>
        <time>2026-09-03T13:39:33.833Z</time>
      </trkpt>
      <trkpt lat="45.373215" lon="6.308825">
        <ele>708.753595</ele>
        <time>2026-09-03T13:39:35.827Z</time>
      </trkpt>
      <trkpt lat="45.373122" lon="6.308792">
        <ele>707.756412</ele>
        <time>2026-09-03T13:39:36.813Z</time>
      </trkpt>
      <trkpt lat="45.373023" lon="6.308757">
        <ele>706.695122</ele>
        <time>2026-09-03T13:39:37.809Z</time>
      </trkpt>
      <trkpt lat="45.372922" lon="6.308715">
        <ele>705.600395</ele>
        <time>2026-09-03T13:39:38.835Z</time>
      </trkpt>
      <trkpt lat="45.372823" lon="6.308663">
        <ele>704.502515</ele>
        <time>2026-09-03T13:39:39.828Z</time>
      </trkpt>
      <trkpt lat="45.372740" lon="6.308593">
        <ele>703.498802</ele>
        <time>2026-09-03T13:39:40.843Z</time>
      </trkpt>
      <trkpt lat="45.372652" lon="6.308535">
        <ele>702.489872</ele>
        <time>2026-09-03T13:39:41.816Z</time>
      </trkpt>
      <trkpt lat="45.372577" lon="6.308462">
        <ele>701.544600</ele>
        <time>2026-09-03T13:39:42.820Z</time>
      </trkpt>
      <trkpt lat="45.372438" lon="6.308313">
        <ele>699.734262</ele>
        <time>2026-09-03T13:39:44.846Z</time>
      </trkpt>
      <trkpt lat="45.372340" lon="6.308140">
        <ele>698.206444</ele>
        <time>2026-09-03T13:39:46.845Z</time>
      </trkpt>
      <trkpt lat="45.372280" lon="6.307965">
        <ele>697.055529</ele>
        <time>2026-09-03T13:39:48.815Z</time>
      </trkpt>
      <trkpt lat="45.372202" lon="6.307840">
        <ele>696.067372</ele>
        <time>2026-09-03T13:39:50.853Z</time>
      </trkpt>
      <trkpt lat="45.372110" lon="6.307852">
        <ele>695.290107</ele>
        <time>2026-09-03T13:39:52.810Z</time>
      </trkpt>
      <trkpt lat="45.372085" lon="6.308005">
        <ele>694.361688</ele>
        <time>2026-09-03T13:39:54.844Z</time>
      </trkpt>
      <trkpt lat="45.372082" lon="6.308207">
        <ele>693.167534</ele>
        <time>2026-09-03T13:39:56.811Z</time>
      </trkpt>
      <trkpt lat="45.372053" lon="6.308432">
        <ele>691.815512</ele>
        <time>2026-09-03T13:39:58.849Z</time>
      </trkpt>
      <trkpt lat="45.372043" lon="6.308682">
        <ele>690.335535</ele>
        <time>2026-09-03T13:40:00.814Z</time>
      </trkpt>
      <trkpt lat="45.372098" lon="6.308922">
        <ele>688.843488</ele>
        <time>2026-09-03T13:40:02.838Z</time>
      </trkpt>
      <trkpt lat="45.372202" lon="6.309105">
        <ele>687.452292</ele>
        <time>2026-09-03T13:40:04.845Z</time>
      </trkpt>
      <trkpt lat="45.372340" lon="6.309177">
        <ele>686.215730</ele>
        <time>2026-09-03T13:40:06.811Z</time>
      </trkpt>
      <trkpt lat="45.372432" lon="6.309168">
        <ele>685.439883</ele>
        <time>2026-09-03T13:40:07.844Z</time>
      </trkpt>
      <trkpt lat="45.372523" lon="6.309162">
        <ele>684.673453</ele>
        <time>2026-09-03T13:40:08.844Z</time>
      </trkpt>
      <trkpt lat="45.372700" lon="6.309195">
        <ele>683.061161</ele>
        <time>2026-09-03T13:40:10.812Z</time>
      </trkpt>
      <trkpt lat="45.372863" lon="6.309312">
        <ele>680.978420</ele>
        <time>2026-09-03T13:40:12.835Z</time>
      </trkpt>
      <trkpt lat="45.372947" lon="6.309382">
        <ele>679.867909</ele>
        <time>2026-09-03T13:40:13.847Z</time>
      </trkpt>
      <trkpt lat="45.373018" lon="6.309478">
        <ele>678.750683</ele>
        <time>2026-09-03T13:40:14.844Z</time>
      </trkpt>
      <trkpt lat="45.373095" lon="6.309563">
        <ele>677.638980</ele>
        <time>2026-09-03T13:40:15.841Z</time>
      </trkpt>
      <trkpt lat="45.373172" lon="6.309653">
        <ele>676.502278</ele>
        <time>2026-09-03T13:40:16.846Z</time>
      </trkpt>
      <trkpt lat="45.373250" lon="6.309747">
        <ele>675.336284</ele>
        <time>2026-09-03T13:40:17.838Z</time>
      </trkpt>
      <trkpt lat="45.373333" lon="6.309833">
        <ele>674.165033</ele>
        <time>2026-09-03T13:40:18.839Z</time>
      </trkpt>
      <trkpt lat="45.373415" lon="6.309920">
        <ele>672.998217</ele>
        <time>2026-09-03T13:40:19.839Z</time>
      </trkpt>
      <trkpt lat="45.373490" lon="6.310005">
        <ele>671.904458</ele>
        <time>2026-09-03T13:40:20.850Z</time>
      </trkpt>
      <trkpt lat="45.373565" lon="6.310082">
        <ele>670.849444</ele>
        <time>2026-09-03T13:40:21.846Z</time>
      </trkpt>
      <trkpt lat="45.373702" lon="6.310222">
        <ele>668.925343</ele>
        <time>2026-09-03T13:40:23.846Z</time>
      </trkpt>
      <trkpt lat="45.373798" lon="6.310387">
        <ele>667.208239</ele>
        <time>2026-09-03T13:40:25.844Z</time>
      </trkpt>
      <trkpt lat="45.373832" lon="6.310583">
        <ele>665.590173</ele>
        <time>2026-09-03T13:40:27.840Z</time>
      </trkpt>
      <trkpt lat="45.373793" lon="6.310783">
        <ele>663.926623</ele>
        <time>2026-09-03T13:40:29.815Z</time>
      </trkpt>
      <trkpt lat="45.373743" lon="6.310980">
        <ele>662.326049</ele>
        <time>2026-09-03T13:40:31.842Z</time>
      </trkpt>
      <trkpt lat="45.373687" lon="6.311172">
        <ele>660.842683</ele>
        <time>2026-09-03T13:40:33.846Z</time>
      </trkpt>
      <trkpt lat="45.373662" lon="6.311365">
        <ele>659.442355</ele>
        <time>2026-09-03T13:40:35.809Z</time>
      </trkpt>
      <trkpt lat="45.373708" lon="6.311542">
        <ele>658.095751</ele>
        <time>2026-09-03T13:40:37.845Z</time>
      </trkpt>
      <trkpt lat="45.373837" lon="6.311648">
        <ele>656.582837</ele>
        <time>2026-09-03T13:40:39.815Z</time>
      </trkpt>
      <trkpt lat="45.373967" lon="6.311752">
        <ele>655.068160</ele>
        <time>2026-09-03T13:40:41.846Z</time>
      </trkpt>
      <trkpt lat="45.374088" lon="6.311855">
        <ele>653.636154</ele>
        <time>2026-09-03T13:40:43.843Z</time>
      </trkpt>
      <trkpt lat="45.374203" lon="6.311968">
        <ele>652.216816</ele>
        <time>2026-09-03T13:40:45.843Z</time>
      </trkpt>
      <trkpt lat="45.374333" lon="6.312103">
        <ele>650.582362</ele>
        <time>2026-09-03T13:40:47.845Z</time>
      </trkpt>
      <trkpt lat="45.374448" lon="6.312228">
        <ele>649.112697</ele>
        <time>2026-09-03T13:40:49.812Z</time>
      </trkpt>
      <trkpt lat="45.374568" lon="6.312352">
        <ele>647.606556</ele>
        <time>2026-09-03T13:40:51.844Z</time>
      </trkpt>
      <trkpt lat="45.374705" lon="6.312445">
        <ele>646.064890</ele>
        <time>2026-09-03T13:40:53.816Z</time>
      </trkpt>
      <trkpt lat="45.374868" lon="6.312495">
        <ele>644.325222</ele>
        <time>2026-09-03T13:40:55.838Z</time>
      </trkpt>
      <trkpt lat="45.375025" lon="6.312580">
        <ele>642.373741</ele>
        <time>2026-09-03T13:40:57.843Z</time>
      </trkpt>
      <trkpt lat="45.375115" lon="6.312613">
        <ele>641.293997</ele>
        <time>2026-09-03T13:40:58.850Z</time>
      </trkpt>
      <trkpt lat="45.375205" lon="6.312648">
        <ele>640.210066</ele>
        <time>2026-09-03T13:40:59.844Z</time>
      </trkpt>
      <trkpt lat="45.375298" lon="6.312673">
        <ele>639.110499</ele>
        <time>2026-09-03T13:41:00.842Z</time>
      </trkpt>
      <trkpt lat="45.375402" lon="6.312695">
        <ele>637.888964</ele>
        <time>2026-09-03T13:41:01.837Z</time>
      </trkpt>
      <trkpt lat="45.375497" lon="6.312720">
        <ele>636.766557</ele>
        <time>2026-09-03T13:41:02.837Z</time>
      </trkpt>
      <trkpt lat="45.375597" lon="6.312733">
        <ele>635.599926</ele>
        <time>2026-09-03T13:41:03.839Z</time>
      </trkpt>
      <trkpt lat="45.375688" lon="6.312748">
        <ele>634.535627</ele>
        <time>2026-09-03T13:41:04.839Z</time>
      </trkpt>
      <trkpt lat="45.375785" lon="6.312760">
        <ele>633.404436</ele>
        <time>2026-09-03T13:41:05.845Z</time>
      </trkpt>
      <trkpt lat="45.375945" lon="6.312790">
        <ele>631.529507</ele>
        <time>2026-09-03T13:41:07.843Z</time>
      </trkpt>
      <trkpt lat="45.376067" lon="6.312850">
        <ele>630.029917</ele>
        <time>2026-09-03T13:41:09.842Z</time>
      </trkpt>
      <trkpt lat="45.376165" lon="6.312967">
        <ele>628.543968</ele>
        <time>2026-09-03T13:41:11.840Z</time>
      </trkpt>
      <trkpt lat="45.376252" lon="6.313157">
        <ele>626.693025</ele>
        <time>2026-09-03T13:41:13.811Z</time>
      </trkpt>
      <trkpt lat="45.376342" lon="6.313350">
        <ele>624.802475</ele>
        <time>2026-09-03T13:41:15.842Z</time>
      </trkpt>
      <trkpt lat="45.376428" lon="6.313528">
        <ele>623.026532</ele>
        <time>2026-09-03T13:41:17.811Z</time>
      </trkpt>
      <trkpt lat="45.376483" lon="6.313713">
        <ele>621.359210</ele>
        <time>2026-09-03T13:41:19.825Z</time>
      </trkpt>
      <trkpt lat="45.376450" lon="6.313878">
        <ele>619.935317</ele>
        <time>2026-09-03T13:41:21.840Z</time>
      </trkpt>
      <trkpt lat="45.376308" lon="6.313947">
        <ele>618.162460</ele>
        <time>2026-09-03T13:41:23.843Z</time>
      </trkpt>
      <trkpt lat="45.376160" lon="6.313933">
        <ele>616.409899</ele>
        <time>2026-09-03T13:41:25.808Z</time>
      </trkpt>
      <trkpt lat="45.375998" lon="6.313902">
        <ele>614.478560</ele>
        <time>2026-09-03T13:41:27.844Z</time>
      </trkpt>
      <trkpt lat="45.375837" lon="6.313928">
        <ele>612.564052</ele>
        <time>2026-09-03T13:41:29.815Z</time>
      </trkpt>
      <trkpt lat="45.375662" lon="6.313965">
        <ele>610.473645</ele>
        <time>2026-09-03T13:41:31.842Z</time>
      </trkpt>
      <trkpt lat="45.375572" lon="6.313975">
        <ele>609.407009</ele>
        <time>2026-09-03T13:41:32.839Z</time>
      </trkpt>
      <trkpt lat="45.375482" lon="6.313980">
        <ele>608.342798</ele>
        <time>2026-09-03T13:41:33.837Z</time>
      </trkpt>
      <trkpt lat="45.375310" lon="6.313982">
        <ele>606.310451</ele>
        <time>2026-09-03T13:41:35.834Z</time>
      </trkpt>
      <trkpt lat="45.375140" lon="6.314050">
        <ele>604.224016</ele>
        <time>2026-09-03T13:41:37.848Z</time>
      </trkpt>
      <trkpt lat="45.374988" lon="6.314130">
        <ele>602.358372</ele>
        <time>2026-09-03T13:41:39.819Z</time>
      </trkpt>
      <trkpt lat="45.374848" lon="6.314228">
        <ele>600.902941</ele>
        <time>2026-09-03T13:41:41.845Z</time>
      </trkpt>
      <trkpt lat="45.374720" lon="6.314373">
        <ele>599.376874</ele>
        <time>2026-09-03T13:41:43.814Z</time>
      </trkpt>
      <trkpt lat="45.374605" lon="6.314512">
        <ele>597.969476</ele>
        <time>2026-09-03T13:41:45.844Z</time>
      </trkpt>
      <trkpt lat="45.374480" lon="6.314623">
        <ele>596.595059</ele>
        <time>2026-09-03T13:41:47.816Z</time>
      </trkpt>
      <trkpt lat="45.374337" lon="6.314635">
        <ele>595.258684</ele>
        <time>2026-09-03T13:41:49.850Z</time>
      </trkpt>
      <trkpt lat="45.374198" lon="6.314560">
        <ele>593.871918</ele>
        <time>2026-09-03T13:41:51.814Z</time>
      </trkpt>
      <trkpt lat="45.374057" lon="6.314472">
        <ele>592.435651</ele>
        <time>2026-09-03T13:41:53.812Z</time>
      </trkpt>
      <trkpt lat="45.373920" lon="6.314392">
        <ele>591.054215</ele>
        <time>2026-09-03T13:41:55.840Z</time>
      </trkpt>
      <trkpt lat="45.373772" lon="6.314310">
        <ele>589.572619</ele>
        <time>2026-09-03T13:41:57.849Z</time>
      </trkpt>
      <trkpt lat="45.373607" lon="6.314232">
        <ele>587.950664</ele>
        <time>2026-09-03T13:41:59.810Z</time>
      </trkpt>
      <trkpt lat="45.373438" lon="6.314158">
        <ele>586.301149</ele>
        <time>2026-09-03T13:42:01.838Z</time>
      </trkpt>
      <trkpt lat="45.373352" lon="6.314120">
        <ele>585.442250</ele>
        <time>2026-09-03T13:42:02.841Z</time>
      </trkpt>
      <trkpt lat="45.373265" lon="6.314080">
        <ele>584.536134</ele>
        <time>2026-09-03T13:42:03.841Z</time>
      </trkpt>
      <trkpt lat="45.373175" lon="6.314043">
        <ele>583.607690</ele>
        <time>2026-09-03T13:42:04.849Z</time>
      </trkpt>
      <trkpt lat="45.373082" lon="6.314013">
        <ele>582.662597</ele>
        <time>2026-09-03T13:42:05.839Z</time>
      </trkpt>
      <trkpt lat="45.372988" lon="6.313990">
        <ele>581.717300</ele>
        <time>2026-09-03T13:42:06.837Z</time>
      </trkpt>
      <trkpt lat="45.372897" lon="6.313963">
        <ele>580.796016</ele>
        <time>2026-09-03T13:42:07.835Z</time>
      </trkpt>
      <trkpt lat="45.372808" lon="6.313932">
        <ele>579.887914</ele>
        <time>2026-09-03T13:42:08.835Z</time>
      </trkpt>
      <trkpt lat="45.372718" lon="6.313895">
        <ele>578.959469</ele>
        <time>2026-09-03T13:42:09.845Z</time>
      </trkpt>
      <trkpt lat="45.372627" lon="6.313852">
        <ele>578.009176</ele>
        <time>2026-09-03T13:42:10.834Z</time>
      </trkpt>
      <trkpt lat="45.372540" lon="6.313800">
        <ele>577.073994</ele>
        <time>2026-09-03T13:42:11.843Z</time>
      </trkpt>
      <trkpt lat="45.372457" lon="6.313745">
        <ele>576.166618</ele>
        <time>2026-09-03T13:42:12.835Z</time>
      </trkpt>
      <trkpt lat="45.372368" lon="6.313693">
        <ele>575.213129</ele>
        <time>2026-09-03T13:42:13.833Z</time>
      </trkpt>
      <trkpt lat="45.372280" lon="6.313638">
        <ele>574.260597</ele>
        <time>2026-09-03T13:42:14.842Z</time>
      </trkpt>
      <trkpt lat="45.372195" lon="6.313577">
        <ele>573.317158</ele>
        <time>2026-09-03T13:42:15.839Z</time>
      </trkpt>
      <trkpt lat="45.372112" lon="6.313513">
        <ele>572.381610</ele>
        <time>2026-09-03T13:42:16.835Z</time>
      </trkpt>
      <trkpt lat="45.372033" lon="6.313450">
        <ele>571.484145</ele>
        <time>2026-09-03T13:42:17.842Z</time>
      </trkpt>
      <trkpt lat="45.371892" lon="6.313327">
        <ele>569.845160</ele>
        <time>2026-09-03T13:42:19.847Z</time>
      </trkpt>
      <trkpt lat="45.371760" lon="6.313200">
        <ele>568.266109</ele>
        <time>2026-09-03T13:42:21.842Z</time>
      </trkpt>
      <trkpt lat="45.371623" lon="6.313070">
        <ele>566.897505</ele>
        <time>2026-09-03T13:42:23.815Z</time>
      </trkpt>
      <trkpt lat="45.371478" lon="6.312937">
        <ele>565.533433</ele>
        <time>2026-09-03T13:42:25.845Z</time>
      </trkpt>
      <trkpt lat="45.371335" lon="6.312790">
        <ele>564.138566</ele>
        <time>2026-09-03T13:42:27.814Z</time>
      </trkpt>
      <trkpt lat="45.371228" lon="6.312608">
        <ele>562.820148</ele>
        <time>2026-09-03T13:42:29.840Z</time>
      </trkpt>
      <trkpt lat="45.371180" lon="6.312392">
        <ele>561.561588</ele>
        <time>2026-09-03T13:42:31.812Z</time>
      </trkpt>
      <trkpt lat="45.371128" lon="6.312165">
        <ele>560.235170</ele>
        <time>2026-09-03T13:42:33.851Z</time>
      </trkpt>
      <trkpt lat="45.371007" lon="6.311983">
        <ele>558.843107</ele>
        <time>2026-09-03T13:42:35.816Z</time>
      </trkpt>
      <trkpt lat="45.370930" lon="6.311910">
        <ele>558.111513</ele>
        <time>2026-09-03T13:42:36.849Z</time>
      </trkpt>
      <trkpt lat="45.370852" lon="6.311835">
        <ele>557.367161</ele>
        <time>2026-09-03T13:42:37.839Z</time>
      </trkpt>
      <trkpt lat="45.370778" lon="6.311748">
        <ele>556.608192</ele>
        <time>2026-09-03T13:42:38.837Z</time>
      </trkpt>
      <trkpt lat="45.370712" lon="6.311655">
        <ele>555.873802</ele>
        <time>2026-09-03T13:42:39.840Z</time>
      </trkpt>
      <trkpt lat="45.370653" lon="6.311557">
        <ele>555.156804</ele>
        <time>2026-09-03T13:42:40.846Z</time>
      </trkpt>
      <trkpt lat="45.370543" lon="6.311367">
        <ele>553.789030</ele>
        <time>2026-09-03T13:42:42.813Z</time>
      </trkpt>
      <trkpt lat="45.370423" lon="6.311208">
        <ele>552.535443</ele>
        <time>2026-09-03T13:42:44.848Z</time>
      </trkpt>
      <trkpt lat="45.370287" lon="6.311078">
        <ele>551.285453</ele>
        <time>2026-09-03T13:42:46.808Z</time>
      </trkpt>
      <trkpt lat="45.370160" lon="6.310958">
        <ele>550.122340</ele>
        <time>2026-09-03T13:42:48.845Z</time>
      </trkpt>
      <trkpt lat="45.370045" lon="6.310847">
        <ele>549.062142</ele>
        <time>2026-09-03T13:42:50.823Z</time>
      </trkpt>
      <trkpt lat="45.369922" lon="6.310722">
        <ele>547.908966</ele>
        <time>2026-09-03T13:42:52.842Z</time>
      </trkpt>
      <trkpt lat="45.369787" lon="6.310612">
        <ele>546.722046</ele>
        <time>2026-09-03T13:42:54.813Z</time>
      </trkpt>
      <trkpt lat="45.369647" lon="6.310547">
        <ele>545.598415</ele>
        <time>2026-09-03T13:42:56.847Z</time>
      </trkpt>
      <trkpt lat="45.369493" lon="6.310492">
        <ele>544.386927</ele>
        <time>2026-09-03T13:42:58.813Z</time>
      </trkpt>
      <trkpt lat="45.369350" lon="6.310423">
        <ele>543.234807</ele>
        <time>2026-09-03T13:43:00.837Z</time>
      </trkpt>
      <trkpt lat="45.369227" lon="6.310297">
        <ele>542.078503</ele>
        <time>2026-09-03T13:43:02.843Z</time>
      </trkpt>
      <trkpt lat="45.369145" lon="6.310093">
        <ele>540.818606</ele>
        <time>2026-09-03T13:43:04.814Z</time>
      </trkpt>
      <trkpt lat="45.369108" lon="6.309850">
        <ele>539.518120</ele>
        <time>2026-09-03T13:43:06.843Z</time>
      </trkpt>
      <trkpt lat="45.369040" lon="6.309618">
        <ele>538.257245</ele>
        <time>2026-09-03T13:43:08.819Z</time>
      </trkpt>
      <trkpt lat="45.368987" lon="6.309508">
        <ele>537.588219</ele>
        <time>2026-09-03T13:43:09.833Z</time>
      </trkpt>
      <trkpt lat="45.368923" lon="6.309407">
        <ele>536.906000</ele>
        <time>2026-09-03T13:43:10.837Z</time>
      </trkpt>
      <trkpt lat="45.368858" lon="6.309305">
        <ele>536.215272</ele>
        <time>2026-09-03T13:43:11.842Z</time>
      </trkpt>
      <trkpt lat="45.368793" lon="6.309207">
        <ele>535.539269</ele>
        <time>2026-09-03T13:43:12.838Z</time>
      </trkpt>
      <trkpt lat="45.368727" lon="6.309112">
        <ele>534.869126</ele>
        <time>2026-09-03T13:43:13.840Z</time>
      </trkpt>
      <trkpt lat="45.368662" lon="6.309022">
        <ele>534.221714</ele>
        <time>2026-09-03T13:43:14.839Z</time>
      </trkpt>
      <trkpt lat="45.368528" lon="6.308847">
        <ele>532.923351</ele>
        <time>2026-09-03T13:43:16.812Z</time>
      </trkpt>
      <trkpt lat="45.368462" lon="6.308758">
        <ele>532.274261</ele>
        <time>2026-09-03T13:43:17.838Z</time>
      </trkpt>
      <trkpt lat="45.368395" lon="6.308660">
        <ele>531.588375</ele>
        <time>2026-09-03T13:43:18.846Z</time>
      </trkpt>
      <trkpt lat="45.368325" lon="6.308560">
        <ele>530.880312</ele>
        <time>2026-09-03T13:43:19.846Z</time>
      </trkpt>
      <trkpt lat="45.368252" lon="6.308463">
        <ele>530.167323</ele>
        <time>2026-09-03T13:43:20.842Z</time>
      </trkpt>
      <trkpt lat="45.368173" lon="6.308370">
        <ele>529.435395</ele>
        <time>2026-09-03T13:43:21.845Z</time>
      </trkpt>
      <trkpt lat="45.368090" lon="6.308287">
        <ele>528.711191</ele>
        <time>2026-09-03T13:43:22.843Z</time>
      </trkpt>
      <trkpt lat="45.368002" lon="6.308215">
        <ele>527.986514</ele>
        <time>2026-09-03T13:43:23.817Z</time>
      </trkpt>
      <trkpt lat="45.367915" lon="6.308143">
        <ele>527.268017</ele>
        <time>2026-09-03T13:43:24.796Z</time>
      </trkpt>
      <trkpt lat="45.367832" lon="6.308073">
        <ele>526.603031</ele>
        <time>2026-09-03T13:43:25.840Z</time>
      </trkpt>
      <trkpt lat="45.367753" lon="6.308000">
        <ele>525.958737</ele>
        <time>2026-09-03T13:43:26.808Z</time>
      </trkpt>
      <trkpt lat="45.367615" lon="6.307875">
        <ele>524.839807</ele>
        <time>2026-09-03T13:43:28.835Z</time>
      </trkpt>
      <trkpt lat="45.367490" lon="6.307728">
        <ele>523.730650</ele>
        <time>2026-09-03T13:43:30.807Z</time>
      </trkpt>
      <trkpt lat="45.367363" lon="6.307582">
        <ele>522.613937</ele>
        <time>2026-09-03T13:43:32.814Z</time>
      </trkpt>
      <trkpt lat="45.367248" lon="6.307412">
        <ele>521.479773</ele>
        <time>2026-09-03T13:43:34.831Z</time>
      </trkpt>
      <trkpt lat="45.367137" lon="6.307245">
        <ele>520.374930</ele>
        <time>2026-09-03T13:43:36.804Z</time>
      </trkpt>
      <trkpt lat="45.367012" lon="6.307093">
        <ele>519.250311</ele>
        <time>2026-09-03T13:43:38.852Z</time>
      </trkpt>
      <trkpt lat="45.366877" lon="6.306942">
        <ele>518.075818</ele>
        <time>2026-09-03T13:43:40.809Z</time>
      </trkpt>
      <trkpt lat="45.366752" lon="6.306772">
        <ele>516.893176</ele>
        <time>2026-09-03T13:43:42.838Z</time>
      </trkpt>
      <trkpt lat="45.366673" lon="6.306690">
        <ele>516.224342</ele>
        <time>2026-09-03T13:43:43.845Z</time>
      </trkpt>
      <trkpt lat="45.366595" lon="6.306605">
        <ele>515.552356</ele>
        <time>2026-09-03T13:43:44.833Z</time>
      </trkpt>
      <trkpt lat="45.366515" lon="6.306523">
        <ele>514.877982</ele>
        <time>2026-09-03T13:43:45.835Z</time>
      </trkpt>
      <trkpt lat="45.366440" lon="6.306443">
        <ele>514.259112</ele>
        <time>2026-09-03T13:43:46.836Z</time>
      </trkpt>
      <trkpt lat="45.366302" lon="6.306295">
        <ele>513.120462</ele>
        <time>2026-09-03T13:43:48.802Z</time>
      </trkpt>
      <trkpt lat="45.366162" lon="6.306165">
        <ele>512.018914</ele>
        <time>2026-09-03T13:43:50.841Z</time>
      </trkpt>
      <trkpt lat="45.366015" lon="6.306023">
        <ele>510.848180</ele>
        <time>2026-09-03T13:43:52.811Z</time>
      </trkpt>
      <trkpt lat="45.365942" lon="6.305940">
        <ele>510.232479</ele>
        <time>2026-09-03T13:43:53.837Z</time>
      </trkpt>
      <trkpt lat="45.365863" lon="6.305853">
        <ele>509.574248</ele>
        <time>2026-09-03T13:43:54.845Z</time>
      </trkpt>
      <trkpt lat="45.365783" lon="6.305768">
        <ele>508.916373</ele>
        <time>2026-09-03T13:43:55.832Z</time>
      </trkpt>
      <trkpt lat="45.365703" lon="6.305680">
        <ele>508.250096</ele>
        <time>2026-09-03T13:43:56.845Z</time>
      </trkpt>
      <trkpt lat="45.365625" lon="6.305587">
        <ele>507.579572</ele>
        <time>2026-09-03T13:43:57.839Z</time>
      </trkpt>
      <trkpt lat="45.365552" lon="6.305487">
        <ele>506.911907</ele>
        <time>2026-09-03T13:43:58.859Z</time>
      </trkpt>
      <trkpt lat="45.365490" lon="6.305383">
        <ele>506.280416</ele>
        <time>2026-09-03T13:43:59.792Z</time>
      </trkpt>
      <trkpt lat="45.365402" lon="6.305293">
        <ele>505.566328</ele>
        <time>2026-09-03T13:44:00.803Z</time>
      </trkpt>
      <trkpt lat="45.365333" lon="6.305103">
        <ele>504.576078</ele>
        <time>2026-09-03T13:44:02.825Z</time>
      </trkpt>
      <trkpt lat="45.365260" lon="6.304868">
        <ele>503.386445</ele>
        <time>2026-09-03T13:44:04.802Z</time>
      </trkpt>
      <trkpt lat="45.365193" lon="6.304645">
        <ele>502.678663</ele>
        <time>2026-09-03T13:44:06.833Z</time>
      </trkpt>
      <trkpt lat="45.365125" lon="6.304450">
        <ele>502.245781</ele>
        <time>2026-09-03T13:44:08.807Z</time>
      </trkpt>
      <trkpt lat="45.365098" lon="6.304255">
        <ele>501.850575</ele>
        <time>2026-09-03T13:44:10.836Z</time>
      </trkpt>
      <trkpt lat="45.365080" lon="6.304060">
        <ele>501.459495</ele>
        <time>2026-09-03T13:44:12.800Z</time>
      </trkpt>
      <trkpt lat="45.365075" lon="6.303862">
        <ele>501.065527</ele>
        <time>2026-09-03T13:44:14.834Z</time>
      </trkpt>
      <trkpt lat="45.365098" lon="6.303692">
        <ele>500.721279</ele>
        <time>2026-09-03T13:44:16.811Z</time>
      </trkpt>
      <trkpt lat="45.365125" lon="6.303510">
        <ele>500.351402</ele>
        <time>2026-09-03T13:44:18.801Z</time>
      </trkpt>
      <trkpt lat="45.365173" lon="6.303348">
        <ele>500.001799</ele>
        <time>2026-09-03T13:44:20.836Z</time>
      </trkpt>
      <trkpt lat="45.365210" lon="6.303165">
        <ele>499.623145</ele>
        <time>2026-09-03T13:44:22.840Z</time>
      </trkpt>
      <trkpt lat="45.365242" lon="6.302942">
        <ele>499.170567</ele>
        <time>2026-09-03T13:44:24.811Z</time>
      </trkpt>
      <trkpt lat="45.365272" lon="6.302748">
        <ele>498.775575</ele>
        <time>2026-09-03T13:44:26.798Z</time>
      </trkpt>
      <trkpt lat="45.365303" lon="6.302537">
        <ele>498.346938</ele>
        <time>2026-09-03T13:44:28.814Z</time>
      </trkpt>
      <trkpt lat="45.365342" lon="6.302340">
        <ele>497.939961</ele>
        <time>2026-09-03T13:44:30.802Z</time>
      </trkpt>
      <trkpt lat="45.365388" lon="6.302132">
        <ele>496.996693</ele>
        <time>2026-09-03T13:44:32.813Z</time>
      </trkpt>
      <trkpt lat="45.365437" lon="6.301910">
        <ele>495.935919</ele>
        <time>2026-09-03T13:44:34.805Z</time>
      </trkpt>
      <trkpt lat="45.365485" lon="6.301682">
        <ele>494.850900</ele>
        <time>2026-09-03T13:44:36.808Z</time>
      </trkpt>
      <trkpt lat="45.365548" lon="6.301452">
        <ele>493.725559</ele>
        <time>2026-09-03T13:44:38.813Z</time>
      </trkpt>
      <trkpt lat="45.365627" lon="6.301227">
        <ele>492.578928</ele>
        <time>2026-09-03T13:44:40.812Z</time>
      </trkpt>
      <trkpt lat="45.365710" lon="6.300998">
        <ele>491.404290</ele>
        <time>2026-09-03T13:44:42.803Z</time>
      </trkpt>
      <trkpt lat="45.365753" lon="6.300883">
        <ele>490.810434</ele>
        <time>2026-09-03T13:44:43.801Z</time>
      </trkpt>
      <trkpt lat="45.365798" lon="6.300770">
        <ele>490.218322</ele>
        <time>2026-09-03T13:44:44.812Z</time>
      </trkpt>
      <trkpt lat="45.365843" lon="6.300658">
        <ele>489.630171</ele>
        <time>2026-09-03T13:44:45.812Z</time>
      </trkpt>
      <trkpt lat="45.365890" lon="6.300548">
        <ele>489.043281</ele>
        <time>2026-09-03T13:44:46.802Z</time>
      </trkpt>
      <trkpt lat="45.365938" lon="6.300440">
        <ele>488.460719</ele>
        <time>2026-09-03T13:44:47.828Z</time>
      </trkpt>
      <trkpt lat="45.365982" lon="6.300323">
        <ele>487.855767</ele>
        <time>2026-09-03T13:44:48.801Z</time>
      </trkpt>
      <trkpt lat="45.366028" lon="6.300208">
        <ele>487.252524</ele>
        <time>2026-09-03T13:44:49.819Z</time>
      </trkpt>
      <trkpt lat="45.366068" lon="6.300092">
        <ele>486.663475</ele>
        <time>2026-09-03T13:44:50.811Z</time>
      </trkpt>
      <trkpt lat="45.366113" lon="6.299975">
        <ele>486.073831</ele>
        <time>2026-09-03T13:44:51.800Z</time>
      </trkpt>
      <trkpt lat="45.366158" lon="6.299858">
        <ele>485.529700</ele>
        <time>2026-09-03T13:44:52.860Z</time>
      </trkpt>
      <trkpt lat="45.366240" lon="6.299635">
        <ele>484.502928</ele>
        <time>2026-09-03T13:44:54.811Z</time>
      </trkpt>
      <trkpt lat="45.366303" lon="6.299528">
        <ele>483.933420</ele>
        <time>2026-09-03T13:44:55.829Z</time>
      </trkpt>
      <trkpt lat="45.366340" lon="6.299405">
        <ele>483.387596</ele>
        <time>2026-09-03T13:44:56.822Z</time>
      </trkpt>
      <trkpt lat="45.366387" lon="6.299277">
        <ele>482.798420</ele>
        <time>2026-09-03T13:44:57.836Z</time>
      </trkpt>
      <trkpt lat="45.366433" lon="6.299152">
        <ele>482.222780</ele>
        <time>2026-09-03T13:44:58.833Z</time>
      </trkpt>
      <trkpt lat="45.366488" lon="6.299028">
        <ele>481.624564</ele>
        <time>2026-09-03T13:44:59.802Z</time>
      </trkpt>
      <trkpt lat="45.366568" lon="6.298812">
        <ele>480.628477</ele>
        <time>2026-09-03T13:45:01.834Z</time>
      </trkpt>
      <trkpt lat="45.366628" lon="6.298613">
        <ele>479.745083</ele>
        <time>2026-09-03T13:45:03.812Z</time>
      </trkpt>
      <trkpt lat="45.366683" lon="6.298393">
        <ele>478.792496</ele>
        <time>2026-09-03T13:45:05.829Z</time>
      </trkpt>
      <trkpt lat="45.366637" lon="6.298168">
        <ele>477.836565</ele>
        <time>2026-09-03T13:45:07.802Z</time>
      </trkpt>
      <trkpt lat="45.366567" lon="6.298083">
        <ele>477.302306</ele>
        <time>2026-09-03T13:45:08.820Z</time>
      </trkpt>
      <trkpt lat="45.366422" lon="6.297978">
        <ele>476.357685</ele>
        <time>2026-09-03T13:45:10.807Z</time>
      </trkpt>
      <trkpt lat="45.366283" lon="6.297878">
        <ele>475.653256</ele>
        <time>2026-09-03T13:45:12.840Z</time>
      </trkpt>
      <trkpt lat="45.366152" lon="6.297782">
        <ele>475.310555</ele>
        <time>2026-09-03T13:45:14.813Z</time>
      </trkpt>
      <trkpt lat="45.366020" lon="6.297700">
        <ele>474.975573</ele>
        <time>2026-09-03T13:45:16.832Z</time>
      </trkpt>
      <trkpt lat="45.365887" lon="6.297627">
        <ele>474.644030</ele>
        <time>2026-09-03T13:45:18.836Z</time>
      </trkpt>
      <trkpt lat="45.365755" lon="6.297558">
        <ele>474.316966</ele>
        <time>2026-09-03T13:45:20.812Z</time>
      </trkpt>
      <trkpt lat="45.365618" lon="6.297505">
        <ele>473.986762</ele>
        <time>2026-09-03T13:45:22.815Z</time>
      </trkpt>
      <trkpt lat="45.365477" lon="6.297460">
        <ele>473.650671</ele>
        <time>2026-09-03T13:45:24.818Z</time>
      </trkpt>
      <trkpt lat="45.365348" lon="6.297400">
        <ele>473.335021</ele>
        <time>2026-09-03T13:45:26.798Z</time>
      </trkpt>
      <trkpt lat="45.365223" lon="6.297347">
        <ele>473.031662</ele>
        <time>2026-09-03T13:45:28.812Z</time>
      </trkpt>
      <trkpt lat="45.365095" lon="6.297265">
        <ele>472.705185</ele>
        <time>2026-09-03T13:45:30.813Z</time>
      </trkpt>
      <trkpt lat="45.364968" lon="6.297172">
        <ele>472.372998</ele>
        <time>2026-09-03T13:45:32.817Z</time>
      </trkpt>
      <trkpt lat="45.364840" lon="6.297098">
        <ele>472.051665</ele>
        <time>2026-09-03T13:45:34.817Z</time>
      </trkpt>
      <trkpt lat="45.364718" lon="6.297017">
        <ele>471.738556</ele>
        <time>2026-09-03T13:45:36.814Z</time>
      </trkpt>
      <trkpt lat="45.364592" lon="6.296932">
        <ele>471.413413</ele>
        <time>2026-09-03T13:45:38.813Z</time>
      </trkpt>
      <trkpt lat="45.364457" lon="6.296852">
        <ele>471.071798</ele>
        <time>2026-09-03T13:45:40.813Z</time>
      </trkpt>
      <trkpt lat="45.364312" lon="6.296828">
        <ele>470.730781</ele>
        <time>2026-09-03T13:45:42.802Z</time>
      </trkpt>
      <trkpt lat="45.364167" lon="6.296835">
        <ele>470.391852</ele>
        <time>2026-09-03T13:45:44.804Z</time>
      </trkpt>
      <trkpt lat="45.364022" lon="6.296838">
        <ele>470.053083</ele>
        <time>2026-09-03T13:45:46.816Z</time>
      </trkpt>
      <trkpt lat="45.363868" lon="6.296848">
        <ele>469.692950</ele>
        <time>2026-09-03T13:45:48.805Z</time>
      </trkpt>
      <trkpt lat="45.363713" lon="6.296858">
        <ele>469.330483</ele>
        <time>2026-09-03T13:45:50.807Z</time>
      </trkpt>
      <trkpt lat="45.363557" lon="6.296858">
        <ele>468.966052</ele>
        <time>2026-09-03T13:45:52.801Z</time>
      </trkpt>
      <trkpt lat="45.363413" lon="6.296860">
        <ele>468.629639</ele>
        <time>2026-09-03T13:45:54.817Z</time>
      </trkpt>
      <trkpt lat="45.363295" lon="6.296868">
        <ele>468.353667</ele>
        <time>2026-09-03T13:45:56.803Z</time>
      </trkpt>
      <trkpt lat="45.363207" lon="6.296833">
        <ele>468.140215</ele>
        <time>2026-09-03T13:45:58.814Z</time>
      </trkpt>
      <trkpt lat="45.363150" lon="6.296717">
        <ele>467.907873</ele>
        <time>2026-09-03T13:46:01.805Z</time>
      </trkpt>
      <trkpt lat="45.363080" lon="6.296578">
        <ele>467.627172</ele>
        <time>2026-09-03T13:46:04.825Z</time>
      </trkpt>
      <trkpt lat="45.362980" lon="6.296508">
        <ele>467.383386</ele>
        <time>2026-09-03T13:46:07.802Z</time>
      </trkpt>
      <trkpt lat="45.362902" lon="6.296587">
        <ele>467.266113</ele>
        <time>2026-09-03T13:46:10.811Z</time>
      </trkpt>
      <trkpt lat="45.362888" lon="6.296717">
        <ele>467.152915</ele>
        <time>2026-09-03T13:46:13.806Z</time>
      </trkpt>
      <trkpt lat="45.362948" lon="6.296847">
        <ele>467.019042</ele>
        <time>2026-09-03T13:46:17.804Z</time>
      </trkpt>
      <trkpt lat="45.363050" lon="6.296865">
        <ele>466.893136</ele>
        <time>2026-09-03T13:46:20.815Z</time>
      </trkpt>
      <trkpt lat="45.363178" lon="6.296862">
        <ele>466.736315</ele>
        <time>2026-09-03T13:46:23.815Z</time>
      </trkpt>
      <trkpt lat="45.363288" lon="6.296897">
        <ele>466.598239</ele>
        <time>2026-09-03T13:46:26.822Z</time>
      </trkpt>
      <trkpt lat="45.363410" lon="6.296908">
        <ele>466.448489</ele>
        <time>2026-09-03T13:46:29.815Z</time>
      </trkpt>
      <trkpt lat="45.363535" lon="6.296942">
        <ele>466.292593</ele>
        <time>2026-09-03T13:46:32.816Z</time>
      </trkpt>
      <trkpt lat="45.363597" lon="6.297037">
        <ele>466.180996</ele>
        <time>2026-09-03T13:46:35.801Z</time>
      </trkpt>
      <trkpt lat="45.363613" lon="6.297200">
        <ele>466.039341</ele>
        <time>2026-09-03T13:46:38.813Z</time>
      </trkpt>
      <trkpt lat="45.363578" lon="6.297353">
        <ele>465.900851</ele>
        <time>2026-09-03T13:46:41.805Z</time>
      </trkpt>
      <trkpt lat="45.363508" lon="6.297478">
        <ele>465.763273</ele>
        <time>2026-09-03T13:46:44.812Z</time>
      </trkpt>
      <trkpt lat="45.363415" lon="6.297580">
        <ele>465.619446</ele>
        <time>2026-09-03T13:46:47.816Z</time>
      </trkpt>
      <trkpt lat="45.363307" lon="6.297640">
        <ele>465.477425</ele>
        <time>2026-09-03T13:46:50.816Z</time>
      </trkpt>
      <trkpt lat="45.363188" lon="6.297578">
        <ele>465.322190</ele>
        <time>2026-09-03T13:46:53.808Z</time>
      </trkpt>
      <trkpt lat="45.363078" lon="6.297475">
        <ele>465.257324</ele>
        <time>2026-09-03T13:46:56.815Z</time>
      </trkpt>
      <trkpt lat="45.362988" lon="6.297393">
        <ele>465.463892</ele>
        <time>2026-09-03T13:46:58.817Z</time>
      </trkpt>
      <trkpt lat="45.362908" lon="6.297322">
        <ele>465.646137</ele>
        <time>2026-09-03T13:47:00.812Z</time>
      </trkpt>
      <trkpt lat="45.362828" lon="6.297260">
        <ele>465.822220</ele>
        <time>2026-09-03T13:47:03.811Z</time>
      </trkpt>
      <trkpt lat="45.362742" lon="6.297170">
        <ele>466.028565</ele>
        <time>2026-09-03T13:47:08.810Z</time>
      </trkpt>
      <trkpt lat="45.362668" lon="6.297087">
        <ele>466.210690</ele>
        <time>2026-09-03T13:47:11.810Z</time>
      </trkpt>
      <trkpt lat="45.362573" lon="6.296992">
        <ele>466.435126</ele>
        <time>2026-09-03T13:47:15.847Z</time>
      </trkpt>
      <trkpt lat="45.362468" lon="6.297057">
        <ele>466.656463</ele>
        <time>2026-09-03T13:47:20.832Z</time>
      </trkpt>
      <trkpt lat="45.362383" lon="6.297140">
        <ele>466.855725</ele>
        <time>2026-09-03T13:47:23.834Z</time>
      </trkpt>
      <trkpt lat="45.362297" lon="6.297212">
        <ele>467.048596</ele>
        <time>2026-09-03T13:47:26.809Z</time>
      </trkpt>
      <trkpt lat="45.362205" lon="6.297322">
        <ele>467.280862</ele>
        <time>2026-09-03T13:47:29.844Z</time>
      </trkpt>
      <trkpt lat="45.362102" lon="6.297418">
        <ele>467.518860</ele>
        <time>2026-09-03T13:47:32.819Z</time>
      </trkpt>
      <trkpt lat="45.362017" lon="6.297488">
        <ele>467.708692</ele>
        <time>2026-09-03T13:47:34.841Z</time>
      </trkpt>
      <trkpt lat="45.361927" lon="6.297560">
        <ele>467.908266</ele>
        <time>2026-09-03T13:47:36.812Z</time>
      </trkpt>
      <trkpt lat="45.361833" lon="6.297625">
        <ele>468.110283</ele>
        <time>2026-09-03T13:47:38.802Z</time>
      </trkpt>
      <trkpt lat="45.361747" lon="6.297672">
        <ele>468.288360</ele>
        <time>2026-09-03T13:47:40.808Z</time>
      </trkpt>
      <trkpt lat="45.361640" lon="6.297778">
        <ele>468.540368</ele>
        <time>2026-09-03T13:47:43.802Z</time>
      </trkpt>
      <trkpt lat="45.361557" lon="6.297835">
        <ele>468.672810</ele>
        <time>2026-09-03T13:47:45.805Z</time>
      </trkpt>
      <trkpt lat="45.361475" lon="6.297912">
        <ele>468.662581</ele>
        <time>2026-09-03T13:47:47.801Z</time>
      </trkpt>
      <trkpt lat="45.361380" lon="6.297983">
        <ele>468.651408</ele>
        <time>2026-09-03T13:47:49.812Z</time>
      </trkpt>
      <trkpt lat="45.361290" lon="6.298078">
        <ele>468.639740</ele>
        <time>2026-09-03T13:47:51.808Z</time>
      </trkpt>
      <trkpt lat="45.361213" lon="6.298148">
        <ele>468.630226</ele>
        <time>2026-09-03T13:47:53.801Z</time>
      </trkpt>
      <trkpt lat="45.361127" lon="6.298207">
        <ele>468.620284</ele>
        <time>2026-09-03T13:47:55.814Z</time>
      </trkpt>
      <trkpt lat="45.361040" lon="6.298275">
        <ele>468.609949</ele>
        <time>2026-09-03T13:47:57.811Z</time>
      </trkpt>
      <trkpt lat="45.360960" lon="6.298365">
        <ele>468.599330</ele>
        <time>2026-09-03T13:47:59.810Z</time>
      </trkpt>
      <trkpt lat="45.360880" lon="6.298445">
        <ele>468.589149</ele>
        <time>2026-09-03T13:48:01.814Z</time>
      </trkpt>
      <trkpt lat="45.360765" lon="6.298538">
        <ele>468.575376</ele>
        <time>2026-09-03T13:48:04.796Z</time>
      </trkpt>
      <trkpt lat="45.360677" lon="6.298613">
        <ele>468.564695</ele>
        <time>2026-09-03T13:48:07.799Z</time>
      </trkpt>
      <trkpt lat="45.360593" lon="6.298685">
        <ele>468.554485</ele>
        <time>2026-09-03T13:48:10.810Z</time>
      </trkpt>
      <trkpt lat="45.360490" lon="6.298750">
        <ele>468.542752</ele>
        <time>2026-09-03T13:48:13.792Z</time>
      </trkpt>
      <trkpt lat="45.360402" lon="6.298807">
        <ele>468.532685</ele>
        <time>2026-09-03T13:48:16.816Z</time>
      </trkpt>
      <trkpt lat="45.360307" lon="6.298878">
        <ele>468.521511</ele>
        <time>2026-09-03T13:48:19.816Z</time>
      </trkpt>
      <trkpt lat="45.360185" lon="6.298932">
        <ele>468.508207</ele>
        <time>2026-09-03T13:48:22.815Z</time>
      </trkpt>
      <trkpt lat="45.360098" lon="6.298992">
        <ele>468.498140</ele>
        <time>2026-09-03T13:48:24.837Z</time>
      </trkpt>
      <trkpt lat="45.360008" lon="6.299053">
        <ele>468.489154</ele>
        <time>2026-09-03T13:48:26.809Z</time>
      </trkpt>
      <trkpt lat="45.359925" lon="6.299110">
        <ele>468.620337</ele>
        <time>2026-09-03T13:48:28.827Z</time>
      </trkpt>
      <trkpt lat="45.359808" lon="6.299192">
        <ele>468.805981</ele>
        <time>2026-09-03T13:48:31.810Z</time>
      </trkpt>
      <trkpt lat="45.359693" lon="6.299278">
        <ele>468.990902</ele>
        <time>2026-09-03T13:48:34.814Z</time>
      </trkpt>
      <trkpt lat="45.359585" lon="6.299383">
        <ele>469.177083</ele>
        <time>2026-09-03T13:48:37.818Z</time>
      </trkpt>
      <trkpt lat="45.359488" lon="6.299455">
        <ele>469.332810</ele>
        <time>2026-09-03T13:48:40.831Z</time>
      </trkpt>
      <trkpt lat="45.359393" lon="6.299527">
        <ele>469.486019</ele>
        <time>2026-09-03T13:48:43.804Z</time>
      </trkpt>
      <trkpt lat="45.359283" lon="6.299618">
        <ele>469.667131</ele>
        <time>2026-09-03T13:48:46.830Z</time>
      </trkpt>
      <trkpt lat="45.359197" lon="6.299693">
        <ele>469.810705</ele>
        <time>2026-09-03T13:48:48.817Z</time>
      </trkpt>
      <trkpt lat="45.359107" lon="6.299753">
        <ele>469.952175</ele>
        <time>2026-09-03T13:48:50.813Z</time>
      </trkpt>
      <trkpt lat="45.359015" lon="6.299815">
        <ele>470.097074</ele>
        <time>2026-09-03T13:48:52.808Z</time>
      </trkpt>
      <trkpt lat="45.358905" lon="6.299825">
        <ele>470.253974</ele>
        <time>2026-09-03T13:48:54.813Z</time>
      </trkpt>
      <trkpt lat="45.358803" lon="6.299822">
        <ele>470.399197</ele>
        <time>2026-09-03T13:48:56.816Z</time>
      </trkpt>
      <trkpt lat="45.358712" lon="6.299868">
        <ele>470.536661</ele>
        <time>2026-09-03T13:48:58.813Z</time>
      </trkpt>
      <trkpt lat="45.358617" lon="6.299932">
        <ele>470.686275</ele>
        <time>2026-09-03T13:49:01.820Z</time>
      </trkpt>
      <trkpt lat="45.358520" lon="6.300098">
        <ele>470.902222</ele>
        <time>2026-09-03T13:49:36.815Z</time>
      </trkpt>
      <trkpt lat="45.358422" lon="6.300180">
        <ele>470.983481</ele>
        <time>2026-09-03T13:49:39.815Z</time>
      </trkpt>
      <trkpt lat="45.358315" lon="6.300300">
        <ele>470.194643</ele>
        <time>2026-09-03T13:49:42.810Z</time>
      </trkpt>
      <trkpt lat="45.358232" lon="6.300378">
        <ele>469.618707</ele>
        <time>2026-09-03T13:49:44.804Z</time>
      </trkpt>
      <trkpt lat="45.358142" lon="6.300465">
        <ele>468.988714</ele>
        <time>2026-09-03T13:49:46.812Z</time>
      </trkpt>
      <trkpt lat="45.358048" lon="6.300560">
        <ele>468.321126</ele>
        <time>2026-09-03T13:49:48.816Z</time>
      </trkpt>
      <trkpt lat="45.357953" lon="6.300650">
        <ele>467.660296</ele>
        <time>2026-09-03T13:49:50.801Z</time>
      </trkpt>
      <trkpt lat="45.357848" lon="6.300740">
        <ele>466.950538</ele>
        <time>2026-09-03T13:49:52.804Z</time>
      </trkpt>
      <trkpt lat="45.357743" lon="6.300837">
        <ele>466.225675</ele>
        <time>2026-09-03T13:49:54.822Z</time>
      </trkpt>
      <trkpt lat="45.357637" lon="6.300948">
        <ele>465.463631</ele>
        <time>2026-09-03T13:49:56.814Z</time>
      </trkpt>
      <trkpt lat="45.357527" lon="6.301040">
        <ele>464.724829</ele>
        <time>2026-09-03T13:49:58.806Z</time>
      </trkpt>
      <trkpt lat="45.357410" lon="6.301113">
        <ele>463.985097</ele>
        <time>2026-09-03T13:50:00.822Z</time>
      </trkpt>
      <trkpt lat="45.357283" lon="6.301163">
        <ele>463.222089</ele>
        <time>2026-09-03T13:50:02.836Z</time>
      </trkpt>
      <trkpt lat="45.357147" lon="6.301253">
        <ele>462.353610</ele>
        <time>2026-09-03T13:50:04.838Z</time>
      </trkpt>
      <trkpt lat="45.357025" lon="6.301375">
        <ele>461.490209</ele>
        <time>2026-09-03T13:50:06.805Z</time>
      </trkpt>
      <trkpt lat="45.356915" lon="6.301537">
        <ele>460.583915</ele>
        <time>2026-09-03T13:50:08.821Z</time>
      </trkpt>
      <trkpt lat="45.356825" lon="6.301690">
        <ele>459.912627</ele>
        <time>2026-09-03T13:50:10.800Z</time>
      </trkpt>
      <trkpt lat="45.356743" lon="6.301843">
        <ele>459.265258</ele>
        <time>2026-09-03T13:50:12.808Z</time>
      </trkpt>
      <trkpt lat="45.356653" lon="6.302000">
        <ele>458.583596</ele>
        <time>2026-09-03T13:50:14.819Z</time>
      </trkpt>
      <trkpt lat="45.356537" lon="6.302127">
        <ele>457.882880</ele>
        <time>2026-09-03T13:50:16.821Z</time>
      </trkpt>
      <trkpt lat="45.356408" lon="6.302242">
        <ele>457.154084</ele>
        <time>2026-09-03T13:50:18.820Z</time>
      </trkpt>
      <trkpt lat="45.356245" lon="6.302307">
        <ele>456.343621</ele>
        <time>2026-09-03T13:50:20.820Z</time>
      </trkpt>
      <trkpt lat="45.356080" lon="6.302345">
        <ele>455.543365</ele>
        <time>2026-09-03T13:50:22.805Z</time>
      </trkpt>
      <trkpt lat="45.355912" lon="6.302382">
        <ele>454.729448</ele>
        <time>2026-09-03T13:50:24.804Z</time>
      </trkpt>
      <trkpt lat="45.355735" lon="6.302427">
        <ele>453.868599</ele>
        <time>2026-09-03T13:50:26.807Z</time>
      </trkpt>
      <trkpt lat="45.355555" lon="6.302435">
        <ele>453.006385</ele>
        <time>2026-09-03T13:50:28.805Z</time>
      </trkpt>
      <trkpt lat="45.355377" lon="6.302470">
        <ele>452.146069</ele>
        <time>2026-09-03T13:50:30.822Z</time>
      </trkpt>
      <trkpt lat="45.355288" lon="6.302498">
        <ele>451.727722</ele>
        <time>2026-09-03T13:50:31.808Z</time>
      </trkpt>
      <trkpt lat="45.355117" lon="6.302545">
        <ele>450.942116</ele>
        <time>2026-09-03T13:50:33.798Z</time>
      </trkpt>
      <trkpt lat="45.354947" lon="6.302573">
        <ele>450.170157</ele>
        <time>2026-09-03T13:50:35.840Z</time>
      </trkpt>
      <trkpt lat="45.354775" lon="6.302590">
        <ele>449.392427</ele>
        <time>2026-09-03T13:50:37.819Z</time>
      </trkpt>
      <trkpt lat="45.354680" lon="6.302605">
        <ele>448.961269</ele>
        <time>2026-09-03T13:50:38.833Z</time>
      </trkpt>
      <trkpt lat="45.354588" lon="6.302612">
        <ele>448.545681</ele>
        <time>2026-09-03T13:50:39.835Z</time>
      </trkpt>
      <trkpt lat="45.354410" lon="6.302652">
        <ele>447.732805</ele>
        <time>2026-09-03T13:50:41.824Z</time>
      </trkpt>
      <trkpt lat="45.354320" lon="6.302672">
        <ele>447.321911</ele>
        <time>2026-09-03T13:50:42.844Z</time>
      </trkpt>
      <trkpt lat="45.354147" lon="6.302715">
        <ele>446.529724</ele>
        <time>2026-09-03T13:50:44.797Z</time>
      </trkpt>
      <trkpt lat="45.353993" lon="6.302720">
        <ele>445.834877</ele>
        <time>2026-09-03T13:50:46.808Z</time>
      </trkpt>
      <trkpt lat="45.353860" lon="6.302753">
        <ele>445.225886</ele>
        <time>2026-09-03T13:50:48.797Z</time>
      </trkpt>
      <trkpt lat="45.353728" lon="6.302787">
        <ele>444.620782</ele>
        <time>2026-09-03T13:50:50.809Z</time>
      </trkpt>
      <trkpt lat="45.353602" lon="6.302808">
        <ele>444.048534</ele>
        <time>2026-09-03T13:50:52.806Z</time>
      </trkpt>
      <trkpt lat="45.353463" lon="6.302830">
        <ele>443.922323</ele>
        <time>2026-09-03T13:50:54.810Z</time>
      </trkpt>
      <trkpt lat="45.353333" lon="6.302925">
        <ele>443.941015</ele>
        <time>2026-09-03T13:50:56.794Z</time>
      </trkpt>
      <trkpt lat="45.353198" lon="6.303035">
        <ele>443.960913</ele>
        <time>2026-09-03T13:50:58.810Z</time>
      </trkpt>
      <trkpt lat="45.353065" lon="6.303170">
        <ele>443.981809</ele>
        <time>2026-09-03T13:51:00.808Z</time>
      </trkpt>
      <trkpt lat="45.352962" lon="6.303353">
        <ele>444.002883</ele>
        <time>2026-09-03T13:51:02.812Z</time>
      </trkpt>
      <trkpt lat="45.352885" lon="6.303548">
        <ele>444.022988</ele>
        <time>2026-09-03T13:51:04.799Z</time>
      </trkpt>
      <trkpt lat="45.352805" lon="6.303747">
        <ele>444.043595</ele>
        <time>2026-09-03T13:51:06.812Z</time>
      </trkpt>
      <trkpt lat="45.352700" lon="6.303903">
        <ele>444.063011</ele>
        <time>2026-09-03T13:51:08.800Z</time>
      </trkpt>
      <trkpt lat="45.352572" lon="6.304008">
        <ele>444.081909</ele>
        <time>2026-09-03T13:51:10.811Z</time>
      </trkpt>
      <trkpt lat="45.352438" lon="6.304077">
        <ele>444.100136</ele>
        <time>2026-09-03T13:51:12.846Z</time>
      </trkpt>
      <trkpt lat="45.352293" lon="6.304140">
        <ele>444.119527</ele>
        <time>2026-09-03T13:51:14.822Z</time>
      </trkpt>
      <trkpt lat="45.352168" lon="6.304233">
        <ele>444.137569</ele>
        <time>2026-09-03T13:51:16.802Z</time>
      </trkpt>
      <trkpt lat="45.352063" lon="6.304353">
        <ele>444.388332</ele>
        <time>2026-09-03T13:51:18.808Z</time>
      </trkpt>
      <trkpt lat="45.351965" lon="6.304480">
        <ele>444.647758</ele>
        <time>2026-09-03T13:51:20.797Z</time>
      </trkpt>
      <trkpt lat="45.351867" lon="6.304603">
        <ele>444.903512</ele>
        <time>2026-09-03T13:51:22.809Z</time>
      </trkpt>
      <trkpt lat="45.351783" lon="6.304747">
        <ele>445.160917</ele>
        <time>2026-09-03T13:51:24.801Z</time>
      </trkpt>
      <trkpt lat="45.351708" lon="6.304875">
        <ele>445.390139</ele>
        <time>2026-09-03T13:51:26.795Z</time>
      </trkpt>
      <trkpt lat="45.351620" lon="6.304962">
        <ele>445.599861</ele>
        <time>2026-09-03T13:51:28.811Z</time>
      </trkpt>
      <trkpt lat="45.351533" lon="6.305053">
        <ele>445.811190</ele>
        <time>2026-09-03T13:51:30.810Z</time>
      </trkpt>
      <trkpt lat="45.351443" lon="6.305155">
        <ele>446.036381</ele>
        <time>2026-09-03T13:51:32.798Z</time>
      </trkpt>
      <trkpt lat="45.351347" lon="6.305252">
        <ele>446.266822</ele>
        <time>2026-09-03T13:51:34.798Z</time>
      </trkpt>
      <trkpt lat="45.351248" lon="6.305347">
        <ele>446.500527</ele>
        <time>2026-09-03T13:51:36.806Z</time>
      </trkpt>
      <trkpt lat="45.351148" lon="6.305443">
        <ele>446.736623</ele>
        <time>2026-09-03T13:51:38.800Z</time>
      </trkpt>
      <trkpt lat="45.351063" lon="6.305540">
        <ele>446.949875</ele>
        <time>2026-09-03T13:51:40.800Z</time>
      </trkpt>
      <trkpt lat="45.350983" lon="6.305633">
        <ele>447.152060</ele>
        <time>2026-09-03T13:51:42.811Z</time>
      </trkpt>
      <trkpt lat="45.350908" lon="6.305725">
        <ele>447.345864</ele>
        <time>2026-09-03T13:51:44.824Z</time>
      </trkpt>
      <trkpt lat="45.350832" lon="6.305813">
        <ele>447.537635</ele>
        <time>2026-09-03T13:51:46.841Z</time>
      </trkpt>
      <trkpt lat="45.350763" lon="6.305900">
        <ele>447.748563</ele>
        <time>2026-09-03T13:51:48.817Z</time>
      </trkpt>
      <trkpt lat="45.350667" lon="6.306038">
        <ele>448.152968</ele>
        <time>2026-09-03T13:51:51.835Z</time>
      </trkpt>
      <trkpt lat="45.350568" lon="6.306177">
        <ele>448.565136</ele>
        <time>2026-09-03T13:51:54.814Z</time>
      </trkpt>
      <trkpt lat="45.350497" lon="6.306278">
        <ele>448.862659</ele>
        <time>2026-09-03T13:51:56.838Z</time>
      </trkpt>
      <trkpt lat="45.350432" lon="6.306375">
        <ele>449.141798</ele>
        <time>2026-09-03T13:51:58.808Z</time>
      </trkpt>
      <trkpt lat="45.350363" lon="6.306458">
        <ele>449.409557</ele>
        <time>2026-09-03T13:52:00.833Z</time>
      </trkpt>
      <trkpt lat="45.350250" lon="6.306528">
        <ele>449.774795</ele>
        <time>2026-09-03T13:52:03.834Z</time>
      </trkpt>
      <trkpt lat="45.350123" lon="6.306557">
        <ele>450.155979</ele>
        <time>2026-09-03T13:52:06.809Z</time>
      </trkpt>
      <trkpt lat="45.349998" lon="6.306552">
        <ele>450.526567</ele>
        <time>2026-09-03T13:52:09.805Z</time>
      </trkpt>
      <trkpt lat="45.349880" lon="6.306510">
        <ele>450.887038</ele>
        <time>2026-09-03T13:52:12.820Z</time>
      </trkpt>
      <trkpt lat="45.349762" lon="6.306433">
        <ele>451.271754</ele>
        <time>2026-09-03T13:52:15.802Z</time>
      </trkpt>
      <trkpt lat="45.349660" lon="6.306320">
        <ele>451.654848</ele>
        <time>2026-09-03T13:52:18.809Z</time>
      </trkpt>
      <trkpt lat="45.349552" lon="6.306200">
        <ele>452.060930</ele>
        <time>2026-09-03T13:52:21.805Z</time>
      </trkpt>
      <trkpt lat="45.349473" lon="6.306122">
        <ele>452.345890</ele>
        <time>2026-09-03T13:52:23.809Z</time>
      </trkpt>
      <trkpt lat="45.349375" lon="6.306058">
        <ele>452.665444</ele>
        <time>2026-09-03T13:52:25.807Z</time>
      </trkpt>
      <trkpt lat="45.349257" lon="6.306040">
        <ele>452.975394</ele>
        <time>2026-09-03T13:52:27.810Z</time>
      </trkpt>
      <trkpt lat="45.349137" lon="6.306085">
        <ele>452.795445</ele>
        <time>2026-09-03T13:52:29.811Z</time>
      </trkpt>
      <trkpt lat="45.349017" lon="6.306163">
        <ele>452.604141</ele>
        <time>2026-09-03T13:52:31.814Z</time>
      </trkpt>
      <trkpt lat="45.348885" lon="6.306233">
        <ele>452.399872</ele>
        <time>2026-09-03T13:52:33.812Z</time>
      </trkpt>
      <trkpt lat="45.348747" lon="6.306307">
        <ele>452.186025</ele>
        <time>2026-09-03T13:52:35.818Z</time>
      </trkpt>
      <trkpt lat="45.348615" lon="6.306390">
        <ele>451.976760</ele>
        <time>2026-09-03T13:52:37.811Z</time>
      </trkpt>
      <trkpt lat="45.348482" lon="6.306477">
        <ele>451.764498</ele>
        <time>2026-09-03T13:52:39.829Z</time>
      </trkpt>
      <trkpt lat="45.348360" lon="6.306487">
        <ele>451.587297</ele>
        <time>2026-09-03T13:52:41.827Z</time>
      </trkpt>
      <trkpt lat="45.348285" lon="6.306412">
        <ele>451.454370</ele>
        <time>2026-09-03T13:52:43.832Z</time>
      </trkpt>
      <trkpt lat="45.348210" lon="6.306265">
        <ele>451.269249</ele>
        <time>2026-09-03T13:52:46.818Z</time>
      </trkpt>
      <trkpt lat="45.348143" lon="6.306165">
        <ele>451.128449</ele>
        <time>2026-09-03T13:52:48.813Z</time>
      </trkpt>
      <trkpt lat="45.348057" lon="6.306093">
        <ele>450.983758</ele>
        <time>2026-09-03T13:52:50.814Z</time>
      </trkpt>
      <trkpt lat="45.347960" lon="6.306018">
        <ele>450.823676</ele>
        <time>2026-09-03T13:52:52.815Z</time>
      </trkpt>
      <trkpt lat="45.347893" lon="6.305895">
        <ele>450.665084</ele>
        <time>2026-09-03T13:52:54.814Z</time>
      </trkpt>
      <trkpt lat="45.347852" lon="6.305765">
        <ele>450.519872</ele>
        <time>2026-09-03T13:52:56.817Z</time>
      </trkpt>
      <trkpt lat="45.347812" lon="6.305628">
        <ele>450.385985</ele>
        <time>2026-09-03T13:52:58.800Z</time>
      </trkpt>
      <trkpt lat="45.347768" lon="6.305477">
        <ele>450.454128</ele>
        <time>2026-09-03T13:53:00.812Z</time>
      </trkpt>
      <trkpt lat="45.347727" lon="6.305330">
        <ele>450.520057</ele>
        <time>2026-09-03T13:53:02.814Z</time>
      </trkpt>
      <trkpt lat="45.347683" lon="6.305185">
        <ele>450.585897</ele>
        <time>2026-09-03T13:53:04.800Z</time>
      </trkpt>
      <trkpt lat="45.347647" lon="6.305025">
        <ele>450.655931</ele>
        <time>2026-09-03T13:53:06.803Z</time>
      </trkpt>
      <trkpt lat="45.347623" lon="6.304863">
        <ele>450.724947</ele>
        <time>2026-09-03T13:53:08.820Z</time>
      </trkpt>
      <trkpt lat="45.347590" lon="6.304705">
        <ele>450.793660</ele>
        <time>2026-09-03T13:53:10.812Z</time>
      </trkpt>
      <trkpt lat="45.347573" lon="6.304535">
        <ele>450.865241</ele>
        <time>2026-09-03T13:53:12.813Z</time>
      </trkpt>
      <trkpt lat="45.347588" lon="6.304387">
        <ele>450.927576</ele>
        <time>2026-09-03T13:53:14.816Z</time>
      </trkpt>
      <trkpt lat="45.347577" lon="6.304242">
        <ele>450.988373</ele>
        <time>2026-09-03T13:53:16.817Z</time>
      </trkpt>
      <trkpt lat="45.347527" lon="6.304097">
        <ele>451.055703</ele>
        <time>2026-09-03T13:53:18.815Z</time>
      </trkpt>
      <trkpt lat="45.347448" lon="6.303985">
        <ele>451.121852</ele>
        <time>2026-09-03T13:53:20.800Z</time>
      </trkpt>
      <trkpt lat="45.347360" lon="6.303887">
        <ele>451.188136</ele>
        <time>2026-09-03T13:53:22.813Z</time>
      </trkpt>
      <trkpt lat="45.347285" lon="6.303780">
        <ele>451.251133</ele>
        <time>2026-09-03T13:53:24.817Z</time>
      </trkpt>
      <trkpt lat="45.347220" lon="6.303660">
        <ele>451.314291</ele>
        <time>2026-09-03T13:53:26.805Z</time>
      </trkpt>
      <trkpt lat="45.347162" lon="6.303538">
        <ele>451.375693</ele>
        <time>2026-09-03T13:53:28.815Z</time>
      </trkpt>
      <trkpt lat="45.347102" lon="6.303422">
        <ele>451.435735</ele>
        <time>2026-09-03T13:53:30.819Z</time>
      </trkpt>
      <trkpt lat="45.347052" lon="6.303312">
        <ele>451.612293</ele>
        <time>2026-09-03T13:53:32.815Z</time>
      </trkpt>
      <trkpt lat="45.347002" lon="6.303203">
        <ele>451.822196</ele>
        <time>2026-09-03T13:53:34.814Z</time>
      </trkpt>
      <trkpt lat="45.346952" lon="6.303093">
        <ele>452.033452</ele>
        <time>2026-09-03T13:53:36.815Z</time>
      </trkpt>
      <trkpt lat="45.346853" lon="6.302962">
        <ele>452.343661</ele>
        <time>2026-09-03T13:53:39.820Z</time>
      </trkpt>
      <trkpt lat="45.346758" lon="6.302828">
        <ele>452.650601</ele>
        <time>2026-09-03T13:53:42.837Z</time>
      </trkpt>
      <trkpt lat="45.346663" lon="6.302708">
        <ele>452.942087</ele>
        <time>2026-09-03T13:53:45.839Z</time>
      </trkpt>
      <trkpt lat="45.346595" lon="6.302623">
        <ele>453.149774</ele>
        <time>2026-09-03T13:53:47.816Z</time>
      </trkpt>
      <trkpt lat="45.346487" lon="6.302520">
        <ele>453.448102</ele>
        <time>2026-09-03T13:53:50.839Z</time>
      </trkpt>
      <trkpt lat="45.346372" lon="6.302437">
        <ele>453.743981</ele>
        <time>2026-09-03T13:53:53.813Z</time>
      </trkpt>
      <trkpt lat="45.346262" lon="6.302347">
        <ele>454.035134</ele>
        <time>2026-09-03T13:53:56.840Z</time>
      </trkpt>
      <trkpt lat="45.346153" lon="6.302273">
        <ele>454.312250</ele>
        <time>2026-09-03T13:53:59.818Z</time>
      </trkpt>
      <trkpt lat="45.346050" lon="6.302203">
        <ele>454.574163</ele>
        <time>2026-09-03T13:54:02.844Z</time>
      </trkpt>
      <trkpt lat="45.345937" lon="6.302152">
        <ele>454.846178</ele>
        <time>2026-09-03T13:54:05.799Z</time>
      </trkpt>
      <trkpt lat="45.345845" lon="6.302113">
        <ele>455.066445</ele>
        <time>2026-09-03T13:54:07.803Z</time>
      </trkpt>
      <trkpt lat="45.345758" lon="6.302073">
        <ele>455.276233</ele>
        <time>2026-09-03T13:54:09.804Z</time>
      </trkpt>
      <trkpt lat="45.345715" lon="6.302230">
        <ele>455.547966</ele>
        <time>2026-09-03T13:54:34.809Z</time>
      </trkpt>
      <trkpt lat="45.345642" lon="6.302375">
        <ele>455.585129</ele>
        <time>2026-09-03T13:54:37.811Z</time>
      </trkpt>
      <trkpt lat="45.345583" lon="6.302495">
        <ele>455.594410</ele>
        <time>2026-09-03T13:54:39.811Z</time>
      </trkpt>
      <trkpt lat="45.345522" lon="6.302608">
        <ele>455.603440</ele>
        <time>2026-09-03T13:54:41.813Z</time>
      </trkpt>
      <trkpt lat="45.345453" lon="6.302713">
        <ele>455.612550</ele>
        <time>2026-09-03T13:54:43.813Z</time>
      </trkpt>
      <trkpt lat="45.345375" lon="6.302820">
        <ele>455.622319</ele>
        <time>2026-09-03T13:54:45.822Z</time>
      </trkpt>
      <trkpt lat="45.345302" lon="6.302928">
        <ele>455.631815</ele>
        <time>2026-09-03T13:54:47.819Z</time>
      </trkpt>
      <trkpt lat="45.345223" lon="6.303033">
        <ele>455.641563</ele>
        <time>2026-09-03T13:54:49.826Z</time>
      </trkpt>
      <trkpt lat="45.345145" lon="6.303128">
        <ele>455.650821</ele>
        <time>2026-09-03T13:54:51.851Z</time>
      </trkpt>
      <trkpt lat="45.345067" lon="6.303248">
        <ele>455.661180</ele>
        <time>2026-09-03T13:54:53.814Z</time>
      </trkpt>
      <trkpt lat="45.344980" lon="6.303358">
        <ele>455.671675</ele>
        <time>2026-09-03T13:54:55.803Z</time>
      </trkpt>
      <trkpt lat="45.344895" lon="6.303463">
        <ele>455.681825</ele>
        <time>2026-09-03T13:54:57.818Z</time>
      </trkpt>
      <trkpt lat="45.344812" lon="6.303575">
        <ele>455.692139</ele>
        <time>2026-09-03T13:54:59.818Z</time>
      </trkpt>
      <trkpt lat="45.344735" lon="6.303692">
        <ele>455.702297</ele>
        <time>2026-09-03T13:55:01.816Z</time>
      </trkpt>
      <trkpt lat="45.344652" lon="6.303810">
        <ele>455.712877</ele>
        <time>2026-09-03T13:55:03.810Z</time>
      </trkpt>
      <trkpt lat="45.344557" lon="6.303932">
        <ele>455.724417</ele>
        <time>2026-09-03T13:55:05.817Z</time>
      </trkpt>
      <trkpt lat="45.344467" lon="6.304050">
        <ele>455.735452</ele>
        <time>2026-09-03T13:55:07.817Z</time>
      </trkpt>
      <trkpt lat="45.344367" lon="6.304163">
        <ele>455.810338</ele>
        <time>2026-09-03T13:55:09.819Z</time>
      </trkpt>
      <trkpt lat="45.344268" lon="6.304275">
        <ele>455.894740</ele>
        <time>2026-09-03T13:55:11.809Z</time>
      </trkpt>
      <trkpt lat="45.344170" lon="6.304395">
        <ele>455.981020</ele>
        <time>2026-09-03T13:55:13.809Z</time>
      </trkpt>
      <trkpt lat="45.344073" lon="6.304513">
        <ele>456.066182</ele>
        <time>2026-09-03T13:55:15.804Z</time>
      </trkpt>
      <trkpt lat="45.343973" lon="6.304623">
        <ele>456.150530</ele>
        <time>2026-09-03T13:55:17.820Z</time>
      </trkpt>
      <trkpt lat="45.343872" lon="6.304737">
        <ele>456.236561</ele>
        <time>2026-09-03T13:55:19.818Z</time>
      </trkpt>
      <trkpt lat="45.343775" lon="6.304850">
        <ele>456.320219</ele>
        <time>2026-09-03T13:55:21.820Z</time>
      </trkpt>
      <trkpt lat="45.343680" lon="6.304932">
        <ele>456.394367</ele>
        <time>2026-09-03T13:55:23.841Z</time>
      </trkpt>
      <trkpt lat="45.343573" lon="6.305027">
        <ele>456.478530</ele>
        <time>2026-09-03T13:55:25.840Z</time>
      </trkpt>
      <trkpt lat="45.343448" lon="6.305047">
        <ele>456.562469</ele>
        <time>2026-09-03T13:55:27.846Z</time>
      </trkpt>
      <trkpt lat="45.343338" lon="6.304968">
        <ele>456.644694</ele>
        <time>2026-09-03T13:55:29.849Z</time>
      </trkpt>
      <trkpt lat="45.343242" lon="6.304888">
        <ele>456.718935</ele>
        <time>2026-09-03T13:55:31.830Z</time>
      </trkpt>
      <trkpt lat="45.343138" lon="6.304813">
        <ele>456.796740</ele>
        <time>2026-09-03T13:55:33.818Z</time>
      </trkpt>
      <trkpt lat="45.343040" lon="6.304748">
        <ele>456.868893</ele>
        <time>2026-09-03T13:55:35.814Z</time>
      </trkpt>
      <trkpt lat="45.342942" lon="6.304697">
        <ele>456.936279</ele>
        <time>2026-09-03T13:55:37.815Z</time>
      </trkpt>
      <trkpt lat="45.342837" lon="6.304660">
        <ele>456.875323</ele>
        <time>2026-09-03T13:55:39.815Z</time>
      </trkpt>
      <trkpt lat="45.342728" lon="6.304657">
        <ele>456.813890</ele>
        <time>2026-09-03T13:55:41.813Z</time>
      </trkpt>
      <trkpt lat="45.342635" lon="6.304672">
        <ele>456.761149</ele>
        <time>2026-09-03T13:55:43.816Z</time>
      </trkpt>
      <trkpt lat="45.342533" lon="6.304705">
        <ele>456.702204</ele>
        <time>2026-09-03T13:55:45.812Z</time>
      </trkpt>
      <trkpt lat="45.342428" lon="6.304760">
        <ele>456.639153</ele>
        <time>2026-09-03T13:55:47.816Z</time>
      </trkpt>
      <trkpt lat="45.342318" lon="6.304823">
        <ele>456.572334</ele>
        <time>2026-09-03T13:55:49.814Z</time>
      </trkpt>
      <trkpt lat="45.342220" lon="6.304897">
        <ele>456.509815</ele>
        <time>2026-09-03T13:55:51.820Z</time>
      </trkpt>
      <trkpt lat="45.342117" lon="6.304982">
        <ele>456.442717</ele>
        <time>2026-09-03T13:55:53.821Z</time>
      </trkpt>
      <trkpt lat="45.342018" lon="6.305068">
        <ele>456.377353</ele>
        <time>2026-09-03T13:55:55.815Z</time>
      </trkpt>
      <trkpt lat="45.341918" lon="6.305160">
        <ele>456.310248</ele>
        <time>2026-09-03T13:55:57.819Z</time>
      </trkpt>
      <trkpt lat="45.341813" lon="6.305250">
        <ele>456.241172</ele>
        <time>2026-09-03T13:55:59.822Z</time>
      </trkpt>
      <trkpt lat="45.341712" lon="6.305340">
        <ele>456.174016</ele>
        <time>2026-09-03T13:56:01.867Z</time>
      </trkpt>
      <trkpt lat="45.341607" lon="6.305438">
        <ele>456.103253</ele>
        <time>2026-09-03T13:56:03.831Z</time>
      </trkpt>
      <trkpt lat="45.341500" lon="6.305545">
        <ele>456.029554</ele>
        <time>2026-09-03T13:56:05.839Z</time>
      </trkpt>
      <trkpt lat="45.341387" lon="6.305670">
        <ele>455.948895</ele>
        <time>2026-09-03T13:56:07.841Z</time>
      </trkpt>
      <trkpt lat="45.341267" lon="6.305795">
        <ele>455.726371</ele>
        <time>2026-09-03T13:56:09.844Z</time>
      </trkpt>
      <trkpt lat="45.341145" lon="6.305930">
        <ele>455.433386</ele>
        <time>2026-09-03T13:56:11.833Z</time>
      </trkpt>
      <trkpt lat="45.341015" lon="6.306037">
        <ele>455.148684</ele>
        <time>2026-09-03T13:56:13.837Z</time>
      </trkpt>
      <trkpt lat="45.340888" lon="6.306147">
        <ele>454.866832</ele>
        <time>2026-09-03T13:56:15.836Z</time>
      </trkpt>
      <trkpt lat="45.340760" lon="6.306280">
        <ele>454.566367</ele>
        <time>2026-09-03T13:56:17.847Z</time>
      </trkpt>
      <trkpt lat="45.340633" lon="6.306413">
        <ele>454.267430</ele>
        <time>2026-09-03T13:56:19.810Z</time>
      </trkpt>
      <trkpt lat="45.340480" lon="6.306557">
        <ele>453.919676</ele>
        <time>2026-09-03T13:56:21.822Z</time>
      </trkpt>
      <trkpt lat="45.340395" lon="6.306637">
        <ele>453.726478</ele>
        <time>2026-09-03T13:56:22.835Z</time>
      </trkpt>
      <trkpt lat="45.340243" lon="6.306768">
        <ele>453.389595</ele>
        <time>2026-09-03T13:56:24.814Z</time>
      </trkpt>
      <trkpt lat="45.340168" lon="6.306842">
        <ele>453.216577</ele>
        <time>2026-09-03T13:56:25.849Z</time>
      </trkpt>
      <trkpt lat="45.340028" lon="6.306993">
        <ele>452.883542</ele>
        <time>2026-09-03T13:56:27.814Z</time>
      </trkpt>
      <trkpt lat="45.339900" lon="6.307160">
        <ele>452.554316</ele>
        <time>2026-09-03T13:56:29.810Z</time>
      </trkpt>
      <trkpt lat="45.339792" lon="6.307345">
        <ele>452.544239</ele>
        <time>2026-09-03T13:56:31.831Z</time>
      </trkpt>
      <trkpt lat="45.339703" lon="6.307532">
        <ele>452.576503</ele>
        <time>2026-09-03T13:56:33.813Z</time>
      </trkpt>
      <trkpt lat="45.339628" lon="6.307730">
        <ele>452.608637</ele>
        <time>2026-09-03T13:56:35.859Z</time>
      </trkpt>
      <trkpt lat="45.339545" lon="6.307913">
        <ele>452.639752</ele>
        <time>2026-09-03T13:56:37.815Z</time>
      </trkpt>
      <trkpt lat="45.339443" lon="6.308080">
        <ele>452.671359</ele>
        <time>2026-09-03T13:56:39.841Z</time>
      </trkpt>
      <trkpt lat="45.339337" lon="6.308215">
        <ele>452.700276</ele>
        <time>2026-09-03T13:56:41.843Z</time>
      </trkpt>
      <trkpt lat="45.339227" lon="6.308342">
        <ele>452.729069</ele>
        <time>2026-09-03T13:56:43.842Z</time>
      </trkpt>
      <trkpt lat="45.339115" lon="6.308472">
        <ele>452.758449</ele>
        <time>2026-09-03T13:56:45.843Z</time>
      </trkpt>
      <trkpt lat="45.339000" lon="6.308598">
        <ele>452.787951</ele>
        <time>2026-09-03T13:56:47.813Z</time>
      </trkpt>
      <trkpt lat="45.338885" lon="6.308713">
        <ele>452.816522</ele>
        <time>2026-09-03T13:56:49.848Z</time>
      </trkpt>
      <trkpt lat="45.338770" lon="6.308828">
        <ele>452.845092</ele>
        <time>2026-09-03T13:56:51.816Z</time>
      </trkpt>
      <trkpt lat="45.338650" lon="6.308940">
        <ele>452.874263</ele>
        <time>2026-09-03T13:56:53.857Z</time>
      </trkpt>
      <trkpt lat="45.338525" lon="6.309045">
        <ele>452.981122</ele>
        <time>2026-09-03T13:56:55.821Z</time>
      </trkpt>
      <trkpt lat="45.338400" lon="6.309145">
        <ele>453.104197</ele>
        <time>2026-09-03T13:56:57.860Z</time>
      </trkpt>
      <trkpt lat="45.338272" lon="6.309247">
        <ele>453.230107</ele>
        <time>2026-09-03T13:56:59.816Z</time>
      </trkpt>
      <trkpt lat="45.338143" lon="6.309342">
        <ele>453.354770</ele>
        <time>2026-09-03T13:57:01.848Z</time>
      </trkpt>
      <trkpt lat="45.338013" lon="6.309435">
        <ele>453.479649</ele>
        <time>2026-09-03T13:57:03.853Z</time>
      </trkpt>
      <trkpt lat="45.337883" lon="6.309525">
        <ele>453.603725</ele>
        <time>2026-09-03T13:57:05.850Z</time>
      </trkpt>
      <trkpt lat="45.337750" lon="6.309615">
        <ele>453.730122</ele>
        <time>2026-09-03T13:57:07.841Z</time>
      </trkpt>
      <trkpt lat="45.337620" lon="6.309712">
        <ele>453.856104</ele>
        <time>2026-09-03T13:57:09.846Z</time>
      </trkpt>
      <trkpt lat="45.337495" lon="6.309800">
        <ele>453.975797</ele>
        <time>2026-09-03T13:57:11.849Z</time>
      </trkpt>
      <trkpt lat="45.337377" lon="6.309893">
        <ele>454.091568</ele>
        <time>2026-09-03T13:57:13.850Z</time>
      </trkpt>
      <trkpt lat="45.337260" lon="6.309987">
        <ele>454.206885</ele>
        <time>2026-09-03T13:57:15.810Z</time>
      </trkpt>
      <trkpt lat="45.337140" lon="6.310080">
        <ele>454.324160</ele>
        <time>2026-09-03T13:57:17.853Z</time>
      </trkpt>
      <trkpt lat="45.337018" lon="6.310172">
        <ele>454.456295</ele>
        <time>2026-09-03T13:57:19.817Z</time>
      </trkpt>
      <trkpt lat="45.336898" lon="6.310257">
        <ele>454.652663</ele>
        <time>2026-09-03T13:57:21.844Z</time>
      </trkpt>
      <trkpt lat="45.336777" lon="6.310340">
        <ele>454.849440</ele>
        <time>2026-09-03T13:57:23.850Z</time>
      </trkpt>
      <trkpt lat="45.336655" lon="6.310435">
        <ele>455.053175</ele>
        <time>2026-09-03T13:57:25.843Z</time>
      </trkpt>
      <trkpt lat="45.336535" lon="6.310530">
        <ele>455.254344</ele>
        <time>2026-09-03T13:57:27.856Z</time>
      </trkpt>
      <trkpt lat="45.336418" lon="6.310622">
        <ele>455.450172</ele>
        <time>2026-09-03T13:57:29.812Z</time>
      </trkpt>
      <trkpt lat="45.336298" lon="6.310700">
        <ele>455.643435</ele>
        <time>2026-09-03T13:57:31.844Z</time>
      </trkpt>
      <trkpt lat="45.336178" lon="6.310780">
        <ele>455.837563</ele>
        <time>2026-09-03T13:57:33.810Z</time>
      </trkpt>
      <trkpt lat="45.336058" lon="6.310868">
        <ele>456.035328</ele>
        <time>2026-09-03T13:57:35.837Z</time>
      </trkpt>
      <trkpt lat="45.335940" lon="6.310963">
        <ele>456.233943</ele>
        <time>2026-09-03T13:57:37.847Z</time>
      </trkpt>
      <trkpt lat="45.335818" lon="6.311057">
        <ele>456.437185</ele>
        <time>2026-09-03T13:57:39.838Z</time>
      </trkpt>
      <trkpt lat="45.335697" lon="6.311150">
        <ele>456.638649</ele>
        <time>2026-09-03T13:57:41.847Z</time>
      </trkpt>
      <trkpt lat="45.335577" lon="6.311247">
        <ele>456.840829</ele>
        <time>2026-09-03T13:57:43.817Z</time>
      </trkpt>
      <trkpt lat="45.335457" lon="6.311337">
        <ele>457.039546</ele>
        <time>2026-09-03T13:57:45.854Z</time>
      </trkpt>
      <trkpt lat="45.335332" lon="6.311415">
        <ele>457.095819</ele>
        <time>2026-09-03T13:57:47.815Z</time>
      </trkpt>
      <trkpt lat="45.335208" lon="6.311505">
        <ele>457.138187</ele>
        <time>2026-09-03T13:57:49.840Z</time>
      </trkpt>
      <trkpt lat="45.335088" lon="6.311593">
        <ele>457.179276</ele>
        <time>2026-09-03T13:57:51.846Z</time>
      </trkpt>
      <trkpt lat="45.334970" lon="6.311682">
        <ele>457.219925</ele>
        <time>2026-09-03T13:57:53.850Z</time>
      </trkpt>
      <trkpt lat="45.334853" lon="6.311765">
        <ele>457.259716</ele>
        <time>2026-09-03T13:57:55.852Z</time>
      </trkpt>
      <trkpt lat="45.334735" lon="6.311852">
        <ele>457.300166</ele>
        <time>2026-09-03T13:57:57.866Z</time>
      </trkpt>
      <trkpt lat="45.334610" lon="6.311933">
        <ele>457.341971</ele>
        <time>2026-09-03T13:57:59.812Z</time>
      </trkpt>
      <trkpt lat="45.334493" lon="6.312022">
        <ele>457.382352</ele>
        <time>2026-09-03T13:58:01.805Z</time>
      </trkpt>
      <trkpt lat="45.334367" lon="6.312098">
        <ele>457.424005</ele>
        <time>2026-09-03T13:58:03.814Z</time>
      </trkpt>
      <trkpt lat="45.334262" lon="6.312202">
        <ele>457.462945</ele>
        <time>2026-09-03T13:58:05.819Z</time>
      </trkpt>
      <trkpt lat="45.334147" lon="6.312300">
        <ele>457.503745</ele>
        <time>2026-09-03T13:58:07.805Z</time>
      </trkpt>
      <trkpt lat="45.334020" lon="6.312382">
        <ele>457.546193</ele>
        <time>2026-09-03T13:58:09.806Z</time>
      </trkpt>
      <trkpt lat="45.333897" lon="6.312472">
        <ele>457.588290</ele>
        <time>2026-09-03T13:58:11.822Z</time>
      </trkpt>
      <trkpt lat="45.333778" lon="6.312557">
        <ele>457.667772</ele>
        <time>2026-09-03T13:58:13.808Z</time>
      </trkpt>
      <trkpt lat="45.333668" lon="6.312660">
        <ele>457.774980</ele>
        <time>2026-09-03T13:58:15.802Z</time>
      </trkpt>
      <trkpt lat="45.333558" lon="6.312773">
        <ele>457.885438</ele>
        <time>2026-09-03T13:58:17.806Z</time>
      </trkpt>
      <trkpt lat="45.333448" lon="6.312880">
        <ele>457.993922</ele>
        <time>2026-09-03T13:58:19.824Z</time>
      </trkpt>
      <trkpt lat="45.333330" lon="6.312972">
        <ele>458.103466</ele>
        <time>2026-09-03T13:58:21.810Z</time>
      </trkpt>
      <trkpt lat="45.333208" lon="6.313058">
        <ele>458.214310</ele>
        <time>2026-09-03T13:58:23.821Z</time>
      </trkpt>
      <trkpt lat="45.333087" lon="6.313147">
        <ele>458.325203</ele>
        <time>2026-09-03T13:58:25.817Z</time>
      </trkpt>
      <trkpt lat="45.332972" lon="6.313240">
        <ele>458.432894</ele>
        <time>2026-09-03T13:58:27.811Z</time>
      </trkpt>
      <trkpt lat="45.332857" lon="6.313332">
        <ele>458.540303</ele>
        <time>2026-09-03T13:58:29.810Z</time>
      </trkpt>
      <trkpt lat="45.332738" lon="6.313417">
        <ele>458.648706</ele>
        <time>2026-09-03T13:58:31.819Z</time>
      </trkpt>
      <trkpt lat="45.332623" lon="6.313497">
        <ele>458.752921</ele>
        <time>2026-09-03T13:58:33.803Z</time>
      </trkpt>
      <trkpt lat="45.332500" lon="6.313565">
        <ele>458.860350</ele>
        <time>2026-09-03T13:58:35.820Z</time>
      </trkpt>
      <trkpt lat="45.332373" lon="6.313612">
        <ele>458.967180</ele>
        <time>2026-09-03T13:58:37.819Z</time>
      </trkpt>
      <trkpt lat="45.332253" lon="6.313602">
        <ele>459.065037</ele>
        <time>2026-09-03T13:58:39.804Z</time>
      </trkpt>
      <trkpt lat="45.332158" lon="6.313533">
        <ele>459.186387</ele>
        <time>2026-09-03T13:58:41.818Z</time>
      </trkpt>
      <trkpt lat="45.332073" lon="6.313465">
        <ele>459.299163</ele>
        <time>2026-09-03T13:58:43.810Z</time>
      </trkpt>
      <trkpt lat="45.331973" lon="6.313470">
        <ele>459.414877</ele>
        <time>2026-09-03T13:58:45.818Z</time>
      </trkpt>
      <trkpt lat="45.331872" lon="6.313528">
        <ele>459.540836</ele>
        <time>2026-09-03T13:58:47.815Z</time>
      </trkpt>
      <trkpt lat="45.331778" lon="6.313612">
        <ele>459.669211</ele>
        <time>2026-09-03T13:58:49.809Z</time>
      </trkpt>
      <trkpt lat="45.331687" lon="6.313698">
        <ele>459.795555</ele>
        <time>2026-09-03T13:58:51.842Z</time>
      </trkpt>
      <trkpt lat="45.331567" lon="6.313762">
        <ele>459.943760</ele>
        <time>2026-09-03T13:58:53.836Z</time>
      </trkpt>
      <trkpt lat="45.331455" lon="6.313830">
        <ele>460.084585</ele>
        <time>2026-09-03T13:58:55.847Z</time>
      </trkpt>
      <trkpt lat="45.331343" lon="6.313905">
        <ele>460.227740</ele>
        <time>2026-09-03T13:58:57.835Z</time>
      </trkpt>
      <trkpt lat="45.331225" lon="6.313983">
        <ele>460.378213</ele>
        <time>2026-09-03T13:58:59.837Z</time>
      </trkpt>
      <trkpt lat="45.331120" lon="6.314070">
        <ele>460.518737</ele>
        <time>2026-09-03T13:59:01.837Z</time>
      </trkpt>
      <trkpt lat="45.331005" lon="6.314148">
        <ele>460.666071</ele>
        <time>2026-09-03T13:59:03.840Z</time>
      </trkpt>
      <trkpt lat="45.330895" lon="6.314213">
        <ele>460.803818</ele>
        <time>2026-09-03T13:59:05.850Z</time>
      </trkpt>
      <trkpt lat="45.330770" lon="6.314277">
        <ele>460.957451</ele>
        <time>2026-09-03T13:59:07.812Z</time>
      </trkpt>
      <trkpt lat="45.330650" lon="6.314348">
        <ele>461.107749</ele>
        <time>2026-09-03T13:59:09.847Z</time>
      </trkpt>
      <trkpt lat="45.330530" lon="6.314423">
        <ele>461.072040</ele>
        <time>2026-09-03T13:59:11.845Z</time>
      </trkpt>
      <trkpt lat="45.330422" lon="6.314490">
        <ele>460.975273</ele>
        <time>2026-09-03T13:59:13.836Z</time>
      </trkpt>
      <trkpt lat="45.330315" lon="6.314553">
        <ele>460.880166</ele>
        <time>2026-09-03T13:59:15.850Z</time>
      </trkpt>
      <trkpt lat="45.330202" lon="6.314620">
        <ele>460.779621</ele>
        <time>2026-09-03T13:59:17.814Z</time>
      </trkpt>
      <trkpt lat="45.330092" lon="6.314690">
        <ele>460.680652</ele>
        <time>2026-09-03T13:59:19.834Z</time>
      </trkpt>
      <trkpt lat="45.329985" lon="6.314762">
        <ele>460.583438</ele>
        <time>2026-09-03T13:59:21.850Z</time>
      </trkpt>
      <trkpt lat="45.329878" lon="6.314835">
        <ele>460.485976</ele>
        <time>2026-09-03T13:59:23.807Z</time>
      </trkpt>
      <trkpt lat="45.329763" lon="6.314907">
        <ele>460.382785</ele>
        <time>2026-09-03T13:59:25.852Z</time>
      </trkpt>
      <trkpt lat="45.329660" lon="6.314975">
        <ele>460.289526</ele>
        <time>2026-09-03T13:59:27.814Z</time>
      </trkpt>
      <trkpt lat="45.329555" lon="6.315053">
        <ele>460.192240</ele>
        <time>2026-09-03T13:59:29.851Z</time>
      </trkpt>
      <trkpt lat="45.329453" lon="6.315132">
        <ele>460.096856</ele>
        <time>2026-09-03T13:59:31.816Z</time>
      </trkpt>
      <trkpt lat="45.329345" lon="6.315215">
        <ele>459.996040</ele>
        <time>2026-09-03T13:59:33.862Z</time>
      </trkpt>
      <trkpt lat="45.329235" lon="6.315283">
        <ele>459.897536</ele>
        <time>2026-09-03T13:59:35.816Z</time>
      </trkpt>
      <trkpt lat="45.329117" lon="6.315345">
        <ele>459.794225</ele>
        <time>2026-09-03T13:59:37.848Z</time>
      </trkpt>
      <trkpt lat="45.329003" lon="6.315402">
        <ele>459.694983</ele>
        <time>2026-09-03T13:59:39.813Z</time>
      </trkpt>
      <trkpt lat="45.328883" lon="6.315445">
        <ele>459.981335</ele>
        <time>2026-09-03T13:59:41.851Z</time>
      </trkpt>
      <trkpt lat="45.328762" lon="6.315490">
        <ele>460.381322</ele>
        <time>2026-09-03T13:59:43.843Z</time>
      </trkpt>
      <trkpt lat="45.328637" lon="6.315535">
        <ele>460.793699</ele>
        <time>2026-09-03T13:59:45.847Z</time>
      </trkpt>
      <trkpt lat="45.328512" lon="6.315585">
        <ele>461.208977</ele>
        <time>2026-09-03T13:59:47.805Z</time>
      </trkpt>
      <trkpt lat="45.328390" lon="6.315637">
        <ele>461.616295</ele>
        <time>2026-09-03T13:59:49.847Z</time>
      </trkpt>
      <trkpt lat="45.328267" lon="6.315682">
        <ele>462.022474</ele>
        <time>2026-09-03T13:59:51.814Z</time>
      </trkpt>
      <trkpt lat="45.328138" lon="6.315718">
        <ele>462.442904</ele>
        <time>2026-09-03T13:59:53.868Z</time>
      </trkpt>
      <trkpt lat="45.328022" lon="6.315750">
        <ele>462.820804</ele>
        <time>2026-09-03T13:59:55.797Z</time>
      </trkpt>
      <trkpt lat="45.327897" lon="6.315748">
        <ele>463.220601</ele>
        <time>2026-09-03T13:59:57.818Z</time>
      </trkpt>
      <trkpt lat="45.327775" lon="6.315718">
        <ele>463.616566</ele>
        <time>2026-09-03T13:59:59.816Z</time>
      </trkpt>
      <trkpt lat="45.327672" lon="6.315673">
        <ele>463.961166</ele>
        <time>2026-09-03T14:00:01.819Z</time>
      </trkpt>
      <trkpt lat="45.327555" lon="6.315673">
        <ele>464.335352</ele>
        <time>2026-09-03T14:00:03.801Z</time>
      </trkpt>
      <trkpt lat="45.327435" lon="6.315740">
        <ele>464.747642</ele>
        <time>2026-09-03T14:00:05.810Z</time>
      </trkpt>
      <trkpt lat="45.327317" lon="6.315802">
        <ele>465.149951</ele>
        <time>2026-09-03T14:00:07.804Z</time>
      </trkpt>
      <trkpt lat="45.327180" lon="6.315865">
        <ele>465.356219</ele>
        <time>2026-09-03T14:00:09.814Z</time>
      </trkpt>
      <trkpt lat="45.327035" lon="6.315982">
        <ele>465.158480</ele>
        <time>2026-09-03T14:00:11.816Z</time>
      </trkpt>
      <trkpt lat="45.326957" lon="6.316045">
        <ele>465.052085</ele>
        <time>2026-09-03T14:00:12.804Z</time>
      </trkpt>
      <trkpt lat="45.326822" lon="6.316193">
        <ele>464.849911</ele>
        <time>2026-09-03T14:00:14.814Z</time>
      </trkpt>
      <trkpt lat="45.326697" lon="6.316372">
        <ele>464.639515</ele>
        <time>2026-09-03T14:00:16.805Z</time>
      </trkpt>
      <trkpt lat="45.326575" lon="6.316528">
        <ele>464.444925</ele>
        <time>2026-09-03T14:00:18.809Z</time>
      </trkpt>
      <trkpt lat="45.326470" lon="6.316690">
        <ele>464.261179</ele>
        <time>2026-09-03T14:00:20.804Z</time>
      </trkpt>
      <trkpt lat="45.326373" lon="6.316833">
        <ele>464.095470</ele>
        <time>2026-09-03T14:00:22.802Z</time>
      </trkpt>
      <trkpt lat="45.326273" lon="6.316970">
        <ele>463.930782</ele>
        <time>2026-09-03T14:00:24.812Z</time>
      </trkpt>
      <trkpt lat="45.326168" lon="6.317093">
        <ele>463.769434</ele>
        <time>2026-09-03T14:00:26.805Z</time>
      </trkpt>
      <trkpt lat="45.326050" lon="6.317215">
        <ele>463.596398</ele>
        <time>2026-09-03T14:00:28.801Z</time>
      </trkpt>
      <trkpt lat="45.325943" lon="6.317320">
        <ele>463.442205</ele>
        <time>2026-09-03T14:00:30.826Z</time>
      </trkpt>
      <trkpt lat="45.325832" lon="6.317383">
        <ele>463.300448</ele>
        <time>2026-09-03T14:00:32.834Z</time>
      </trkpt>
      <trkpt lat="45.325718" lon="6.317437">
        <ele>463.517731</ele>
        <time>2026-09-03T14:00:34.829Z</time>
      </trkpt>
      <trkpt lat="45.325595" lon="6.317480">
        <ele>463.772050</ele>
        <time>2026-09-03T14:00:36.831Z</time>
      </trkpt>
      <trkpt lat="45.325463" lon="6.317533">
        <ele>464.047447</ele>
        <time>2026-09-03T14:00:38.824Z</time>
      </trkpt>
      <trkpt lat="45.325340" lon="6.317577">
        <ele>464.302107</ele>
        <time>2026-09-03T14:00:40.813Z</time>
      </trkpt>
      <trkpt lat="45.325227" lon="6.317608">
        <ele>464.533178</ele>
        <time>2026-09-03T14:00:42.845Z</time>
      </trkpt>
      <trkpt lat="45.325120" lon="6.317648">
        <ele>464.755317</ele>
        <time>2026-09-03T14:00:44.816Z</time>
      </trkpt>
      <trkpt lat="45.325010" lon="6.317683">
        <ele>464.981642</ele>
        <time>2026-09-03T14:00:46.844Z</time>
      </trkpt>
      <trkpt lat="45.324898" lon="6.317717">
        <ele>465.211589</ele>
        <time>2026-09-03T14:00:48.810Z</time>
      </trkpt>
      <trkpt lat="45.324797" lon="6.317748">
        <ele>465.419052</ele>
        <time>2026-09-03T14:00:50.845Z</time>
      </trkpt>
      <trkpt lat="45.324697" lon="6.317775">
        <ele>465.623425</ele>
        <time>2026-09-03T14:00:52.808Z</time>
      </trkpt>
      <trkpt lat="45.324605" lon="6.317800">
        <ele>465.811490</ele>
        <time>2026-09-03T14:00:54.839Z</time>
      </trkpt>
      <trkpt lat="45.324477" lon="6.317832">
        <ele>466.072437</ele>
        <time>2026-09-03T14:00:57.813Z</time>
      </trkpt>
      <trkpt lat="45.324365" lon="6.317867">
        <ele>466.302683</ele>
        <time>2026-09-03T14:01:00.831Z</time>
      </trkpt>
      <trkpt lat="45.324273" lon="6.317888">
        <ele>466.489771</ele>
        <time>2026-09-03T14:01:03.845Z</time>
      </trkpt>
      <trkpt lat="45.324155" lon="6.317918">
        <ele>466.730455</ele>
        <time>2026-09-03T14:01:07.818Z</time>
      </trkpt>
      <trkpt lat="45.324058" lon="6.317945">
        <ele>466.988284</ele>
        <time>2026-09-03T14:01:11.843Z</time>
      </trkpt>
      <trkpt lat="45.323953" lon="6.317957">
        <ele>467.684139</ele>
        <time>2026-09-03T14:01:16.816Z</time>
      </trkpt>
      <trkpt lat="45.323852" lon="6.317972">
        <ele>468.354962</ele>
        <time>2026-09-03T14:01:21.842Z</time>
      </trkpt>
      <trkpt lat="45.323758" lon="6.317988">
        <ele>468.980347</ele>
        <time>2026-09-03T14:01:26.841Z</time>
      </trkpt>
      <trkpt lat="45.323652" lon="6.318008">
        <ele>469.686706</ele>
        <time>2026-09-03T14:01:31.811Z</time>
      </trkpt>
      <trkpt lat="45.323548" lon="6.318045">
        <ele>470.394887</ele>
        <time>2026-09-03T14:01:36.844Z</time>
      </trkpt>
      <trkpt lat="45.323450" lon="6.318072">
        <ele>471.054299</ele>
        <time>2026-09-03T14:01:41.807Z</time>
      </trkpt>
      <trkpt lat="45.323357" lon="6.318080">
        <ele>471.669769</ele>
        <time>2026-09-03T14:01:46.845Z</time>
      </trkpt>
      <trkpt lat="45.323247" lon="6.318095">
        <ele>472.399750</ele>
        <time>2026-09-03T14:01:52.809Z</time>
      </trkpt>
      <trkpt lat="45.323137" lon="6.318105">
        <ele>473.127881</ele>
        <time>2026-09-03T14:01:57.840Z</time>
      </trkpt>
      <trkpt lat="45.323037" lon="6.318105">
        <ele>473.788471</ele>
        <time>2026-09-03T14:02:01.843Z</time>
      </trkpt>
      <trkpt lat="45.322930" lon="6.318108">
        <ele>474.495439</ele>
        <time>2026-09-03T14:02:06.813Z</time>
      </trkpt>
      <trkpt lat="45.322835" lon="6.318117">
        <ele>475.124389</ele>
        <time>2026-09-03T14:02:11.825Z</time>
      </trkpt>
      <trkpt lat="45.322733" lon="6.318107">
        <ele>475.799789</ele>
        <time>2026-09-03T14:02:16.841Z</time>
      </trkpt>
      <trkpt lat="45.322630" lon="6.318113">
        <ele>476.480767</ele>
        <time>2026-09-03T14:02:21.810Z</time>
      </trkpt>
      <trkpt lat="45.322528" lon="6.318123">
        <ele>477.156167</ele>
        <time>2026-09-03T14:02:26.842Z</time>
      </trkpt>
      <trkpt lat="45.322425" lon="6.318128">
        <ele>477.836970</ele>
        <time>2026-09-03T14:02:31.805Z</time>
      </trkpt>
      <trkpt lat="45.322317" lon="6.318137">
        <ele>478.551631</ele>
        <time>2026-09-03T14:02:36.847Z</time>
      </trkpt>
      <trkpt lat="45.322222" lon="6.318152">
        <ele>479.159265</ele>
        <time>2026-09-03T14:02:41.810Z</time>
      </trkpt>
      <trkpt lat="45.322110" lon="6.318182">
        <ele>479.867193</ele>
        <time>2026-09-03T14:02:47.847Z</time>
      </trkpt>
      <trkpt lat="45.322010" lon="6.318212">
        <ele>480.502020</ele>
        <time>2026-09-03T14:02:52.805Z</time>
      </trkpt>
      <trkpt lat="45.321908" lon="6.318250">
        <ele>481.156979</ele>
        <time>2026-09-03T14:02:57.841Z</time>
      </trkpt>
      <trkpt lat="45.321812" lon="6.318285">
        <ele>481.772572</ele>
        <time>2026-09-03T14:03:02.811Z</time>
      </trkpt>
      <trkpt lat="45.321715" lon="6.318328">
        <ele>482.403687</ele>
        <time>2026-09-03T14:03:07.839Z</time>
      </trkpt>
      <trkpt lat="45.321618" lon="6.318352">
        <ele>483.015260</ele>
        <time>2026-09-03T14:03:12.842Z</time>
      </trkpt>
      <trkpt lat="45.321518" lon="6.318400">
        <ele>483.670842</ele>
        <time>2026-09-03T14:03:17.806Z</time>
      </trkpt>
      <trkpt lat="45.321432" lon="6.318435">
        <ele>484.226480</ele>
        <time>2026-09-03T14:03:21.838Z</time>
      </trkpt>
      <trkpt lat="45.321343" lon="6.318482">
        <ele>484.816192</ele>
        <time>2026-09-03T14:03:25.834Z</time>
      </trkpt>
      <trkpt lat="45.321235" lon="6.318535">
        <ele>485.525857</ele>
        <time>2026-09-03T14:03:30.811Z</time>
      </trkpt>
      <trkpt lat="45.321150" lon="6.318582">
        <ele>486.092343</ele>
        <time>2026-09-03T14:03:34.836Z</time>
      </trkpt>
      <trkpt lat="45.321055" lon="6.318647">
        <ele>486.747182</ele>
        <time>2026-09-03T14:03:38.838Z</time>
      </trkpt>
      <trkpt lat="45.320953" lon="6.318740">
        <ele>487.499785</ele>
        <time>2026-09-03T14:03:42.841Z</time>
      </trkpt>
      <trkpt lat="45.320853" lon="6.318822">
        <ele>488.216795</ele>
        <time>2026-09-03T14:03:46.818Z</time>
      </trkpt>
      <trkpt lat="45.320758" lon="6.318912">
        <ele>488.925832</ele>
        <time>2026-09-03T14:03:50.848Z</time>
      </trkpt>
      <trkpt lat="45.320662" lon="6.318998">
        <ele>489.630584</ele>
        <time>2026-09-03T14:03:54.810Z</time>
      </trkpt>
      <trkpt lat="45.320585" lon="6.319077">
        <ele>490.218650</ele>
        <time>2026-09-03T14:03:57.848Z</time>
      </trkpt>
      <trkpt lat="45.320505" lon="6.319163">
        <ele>490.837559</ele>
        <time>2026-09-03T14:04:00.814Z</time>
      </trkpt>
      <trkpt lat="45.320425" lon="6.319255">
        <ele>491.472507</ele>
        <time>2026-09-03T14:04:03.841Z</time>
      </trkpt>
      <trkpt lat="45.320328" lon="6.319363">
        <ele>492.232791</ele>
        <time>2026-09-03T14:04:06.820Z</time>
      </trkpt>
      <trkpt lat="45.320260" lon="6.319447">
        <ele>492.788669</ele>
        <time>2026-09-03T14:04:08.834Z</time>
      </trkpt>
      <trkpt lat="45.320190" lon="6.319535">
        <ele>493.365270</ele>
        <time>2026-09-03T14:04:10.842Z</time>
      </trkpt>
      <trkpt lat="45.320120" lon="6.319630">
        <ele>493.962424</ele>
        <time>2026-09-03T14:04:12.820Z</time>
      </trkpt>
      <trkpt lat="45.320045" lon="6.319742">
        <ele>494.633600</ele>
        <time>2026-09-03T14:04:14.839Z</time>
      </trkpt>
      <trkpt lat="45.319972" lon="6.319848">
        <ele>495.277472</ele>
        <time>2026-09-03T14:04:16.844Z</time>
      </trkpt>
      <trkpt lat="45.319902" lon="6.319965">
        <ele>495.944125</ele>
        <time>2026-09-03T14:04:18.817Z</time>
      </trkpt>
      <trkpt lat="45.319833" lon="6.320085">
        <ele>496.616822</ele>
        <time>2026-09-03T14:04:20.843Z</time>
      </trkpt>
      <trkpt lat="45.319760" lon="6.320220">
        <ele>497.355868</ele>
        <time>2026-09-03T14:04:22.814Z</time>
      </trkpt>
      <trkpt lat="45.319688" lon="6.320357">
        <ele>498.098103</ele>
        <time>2026-09-03T14:04:24.842Z</time>
      </trkpt>
      <trkpt lat="45.319615" lon="6.320495">
        <ele>498.847512</ele>
        <time>2026-09-03T14:04:26.820Z</time>
      </trkpt>
      <trkpt lat="45.319540" lon="6.320640">
        <ele>499.628662</ele>
        <time>2026-09-03T14:04:28.847Z</time>
      </trkpt>
      <trkpt lat="45.319458" lon="6.320787">
        <ele>500.442944</ele>
        <time>2026-09-03T14:04:30.814Z</time>
      </trkpt>
      <trkpt lat="45.319382" lon="6.320922">
        <ele>501.018786</ele>
        <time>2026-09-03T14:04:32.845Z</time>
      </trkpt>
      <trkpt lat="45.319300" lon="6.321058">
        <ele>500.796369</ele>
        <time>2026-09-03T14:04:34.845Z</time>
      </trkpt>
      <trkpt lat="45.319225" lon="6.321197">
        <ele>500.578848</ele>
        <time>2026-09-03T14:04:36.813Z</time>
      </trkpt>
      <trkpt lat="45.319147" lon="6.321340">
        <ele>500.354160</ele>
        <time>2026-09-03T14:04:38.842Z</time>
      </trkpt>
      <trkpt lat="45.319072" lon="6.321488">
        <ele>500.127672</ele>
        <time>2026-09-03T14:04:40.841Z</time>
      </trkpt>
      <trkpt lat="45.318992" lon="6.321642">
        <ele>499.889963</ele>
        <time>2026-09-03T14:04:42.810Z</time>
      </trkpt>
      <trkpt lat="45.318910" lon="6.321808">
        <ele>499.638101</ele>
        <time>2026-09-03T14:04:44.840Z</time>
      </trkpt>
      <trkpt lat="45.318823" lon="6.321980">
        <ele>499.375053</ele>
        <time>2026-09-03T14:04:46.847Z</time>
      </trkpt>
      <trkpt lat="45.318733" lon="6.322155">
        <ele>499.105879</ele>
        <time>2026-09-03T14:04:48.813Z</time>
      </trkpt>
      <trkpt lat="45.318638" lon="6.322327">
        <ele>498.834339</ele>
        <time>2026-09-03T14:04:50.843Z</time>
      </trkpt>
      <trkpt lat="45.318520" lon="6.322530">
        <ele>498.507346</ele>
        <time>2026-09-03T14:04:52.838Z</time>
      </trkpt>
      <trkpt lat="45.318453" lon="6.322637">
        <ele>498.329467</ele>
        <time>2026-09-03T14:04:53.836Z</time>
      </trkpt>
      <trkpt lat="45.318385" lon="6.322745">
        <ele>498.149485</ele>
        <time>2026-09-03T14:04:54.842Z</time>
      </trkpt>
      <trkpt lat="45.318312" lon="6.322850">
        <ele>497.966165</ele>
        <time>2026-09-03T14:04:55.846Z</time>
      </trkpt>
      <trkpt lat="45.318230" lon="6.322948">
        <ele>497.655754</ele>
        <time>2026-09-03T14:04:56.838Z</time>
      </trkpt>
      <trkpt lat="45.318142" lon="6.323048">
        <ele>497.226853</ele>
        <time>2026-09-03T14:04:57.845Z</time>
      </trkpt>
      <trkpt lat="45.318053" lon="6.323153">
        <ele>496.786545</ele>
        <time>2026-09-03T14:04:58.838Z</time>
      </trkpt>
      <trkpt lat="45.317958" lon="6.323255">
        <ele>496.333307</ele>
        <time>2026-09-03T14:04:59.840Z</time>
      </trkpt>
      <trkpt lat="45.317860" lon="6.323357">
        <ele>495.870900</ele>
        <time>2026-09-03T14:05:00.845Z</time>
      </trkpt>
      <trkpt lat="45.317757" lon="6.323455">
        <ele>495.399037</ele>
        <time>2026-09-03T14:05:01.840Z</time>
      </trkpt>
      <trkpt lat="45.317652" lon="6.323553">
        <ele>494.920824</ele>
        <time>2026-09-03T14:05:02.842Z</time>
      </trkpt>
      <trkpt lat="45.317547" lon="6.323645">
        <ele>494.451234</ele>
        <time>2026-09-03T14:05:03.816Z</time>
      </trkpt>
      <trkpt lat="45.317440" lon="6.323738">
        <ele>493.973753</ele>
        <time>2026-09-03T14:05:04.807Z</time>
      </trkpt>
      <trkpt lat="45.317328" lon="6.323838">
        <ele>493.470217</ele>
        <time>2026-09-03T14:05:05.793Z</time>
      </trkpt>
      <trkpt lat="45.317223" lon="6.323920">
        <ele>493.014100</ele>
        <time>2026-09-03T14:05:06.795Z</time>
      </trkpt>
      <trkpt lat="45.317143" lon="6.323980">
        <ele>492.669725</ele>
        <time>2026-09-03T14:05:07.802Z</time>
      </trkpt>
      <trkpt lat="45.317042" lon="6.324033">
        <ele>492.259810</ele>
        <time>2026-09-03T14:05:08.833Z</time>
      </trkpt>
      <trkpt lat="45.316937" lon="6.324085">
        <ele>491.836461</ele>
        <time>2026-09-03T14:05:09.832Z</time>
      </trkpt>
      <trkpt lat="45.316833" lon="6.324135">
        <ele>491.418452</ele>
        <time>2026-09-03T14:05:10.834Z</time>
      </trkpt>
      <trkpt lat="45.316733" lon="6.324178">
        <ele>491.007075</ele>
        <time>2026-09-03T14:05:11.828Z</time>
      </trkpt>
      <trkpt lat="45.316630" lon="6.324213">
        <ele>490.173013</ele>
        <time>2026-09-03T14:05:12.852Z</time>
      </trkpt>
      <trkpt lat="45.316525" lon="6.324242">
        <ele>489.330584</ele>
        <time>2026-09-03T14:05:13.830Z</time>
      </trkpt>
      <trkpt lat="45.316422" lon="6.324273">
        <ele>488.501390</ele>
        <time>2026-09-03T14:05:14.836Z</time>
      </trkpt>
      <trkpt lat="45.316320" lon="6.324305">
        <ele>487.678725</ele>
        <time>2026-09-03T14:05:15.846Z</time>
      </trkpt>
      <trkpt lat="45.316225" lon="6.324352">
        <ele>486.886522</ele>
        <time>2026-09-03T14:05:16.848Z</time>
      </trkpt>
      <trkpt lat="45.316140" lon="6.324400">
        <ele>486.166213</ele>
        <time>2026-09-03T14:05:17.811Z</time>
      </trkpt>
      <trkpt lat="45.316053" lon="6.324450">
        <ele>485.427164</ele>
        <time>2026-09-03T14:05:18.819Z</time>
      </trkpt>
      <trkpt lat="45.315965" lon="6.324512">
        <ele>484.653681</ele>
        <time>2026-09-03T14:05:19.813Z</time>
      </trkpt>
      <trkpt lat="45.315798" lon="6.324653">
        <ele>483.124041</ele>
        <time>2026-09-03T14:05:21.796Z</time>
      </trkpt>
      <trkpt lat="45.315660" lon="6.324790">
        <ele>481.798511</ele>
        <time>2026-09-03T14:05:23.798Z</time>
      </trkpt>
      <trkpt lat="45.315528" lon="6.324942">
        <ele>480.460784</ele>
        <time>2026-09-03T14:05:25.799Z</time>
      </trkpt>
      <trkpt lat="45.315400" lon="6.325112">
        <ele>479.081368</ele>
        <time>2026-09-03T14:05:27.911Z</time>
      </trkpt>
      <trkpt lat="45.315295" lon="6.325272">
        <ele>477.869284</ele>
        <time>2026-09-03T14:05:29.802Z</time>
      </trkpt>
      <trkpt lat="45.315192" lon="6.325453">
        <ele>476.754212</ele>
        <time>2026-09-03T14:05:31.801Z</time>
      </trkpt>
      <trkpt lat="45.315123" lon="6.325612">
        <ele>476.347246</ele>
        <time>2026-09-03T14:05:33.804Z</time>
      </trkpt>
      <trkpt lat="45.315082" lon="6.325823">
        <ele>475.870431</ele>
        <time>2026-09-03T14:05:35.806Z</time>
      </trkpt>
      <trkpt lat="45.315065" lon="6.326007">
        <ele>475.466205</ele>
        <time>2026-09-03T14:05:37.802Z</time>
      </trkpt>
      <trkpt lat="45.315058" lon="6.326177">
        <ele>475.095282</ele>
        <time>2026-09-03T14:05:39.800Z</time>
      </trkpt>
      <trkpt lat="45.315083" lon="6.326373">
        <ele>474.661396</ele>
        <time>2026-09-03T14:05:41.802Z</time>
      </trkpt>
      <trkpt lat="45.315132" lon="6.326540">
        <ele>474.267249</ele>
        <time>2026-09-03T14:05:43.798Z</time>
      </trkpt>
      <trkpt lat="45.315173" lon="6.326720">
        <ele>473.855125</ele>
        <time>2026-09-03T14:05:45.803Z</time>
      </trkpt>
      <trkpt lat="45.315225" lon="6.326887">
        <ele>473.457308</ele>
        <time>2026-09-03T14:05:47.816Z</time>
      </trkpt>
      <trkpt lat="45.315285" lon="6.327053">
        <ele>473.050767</ele>
        <time>2026-09-03T14:05:49.823Z</time>
      </trkpt>
      <trkpt lat="45.315333" lon="6.327240">
        <ele>472.617165</ele>
        <time>2026-09-03T14:05:51.832Z</time>
      </trkpt>
      <trkpt lat="45.315383" lon="6.327445">
        <ele>472.144548</ele>
        <time>2026-09-03T14:05:53.830Z</time>
      </trkpt>
      <trkpt lat="45.315433" lon="6.327647">
        <ele>471.678100</ele>
        <time>2026-09-03T14:05:55.813Z</time>
      </trkpt>
      <trkpt lat="45.315450" lon="6.327818">
        <ele>471.301933</ele>
        <time>2026-09-03T14:05:57.813Z</time>
      </trkpt>
      <trkpt lat="45.315460" lon="6.328000">
        <ele>471.748609</ele>
        <time>2026-09-03T14:05:59.836Z</time>
      </trkpt>
      <trkpt lat="45.315452" lon="6.328207">
        <ele>472.270169</ele>
        <time>2026-09-03T14:06:01.804Z</time>
      </trkpt>
      <trkpt lat="45.315422" lon="6.328392">
        <ele>472.747811</ele>
        <time>2026-09-03T14:06:03.839Z</time>
      </trkpt>
      <trkpt lat="45.315358" lon="6.328568">
        <ele>473.246294</ele>
        <time>2026-09-03T14:06:05.812Z</time>
      </trkpt>
      <trkpt lat="45.315253" lon="6.328748">
        <ele>473.834671</ele>
        <time>2026-09-03T14:06:07.839Z</time>
      </trkpt>
      <trkpt lat="45.315138" lon="6.328938">
        <ele>474.465358</ele>
        <time>2026-09-03T14:06:09.815Z</time>
      </trkpt>
      <trkpt lat="45.315037" lon="6.329123">
        <ele>475.054589</ele>
        <time>2026-09-03T14:06:11.843Z</time>
      </trkpt>
      <trkpt lat="45.314938" lon="6.329268">
        <ele>475.563044</ele>
        <time>2026-09-03T14:06:13.813Z</time>
      </trkpt>
      <trkpt lat="45.314842" lon="6.329423">
        <ele>476.082685</ele>
        <time>2026-09-03T14:06:15.849Z</time>
      </trkpt>
      <trkpt lat="45.314753" lon="6.329573">
        <ele>476.576445</ele>
        <time>2026-09-03T14:06:17.814Z</time>
      </trkpt>
      <trkpt lat="45.314658" lon="6.329723">
        <ele>477.084313</ele>
        <time>2026-09-03T14:06:19.842Z</time>
      </trkpt>
      <trkpt lat="45.314575" lon="6.329872">
        <ele>477.562538</ele>
        <time>2026-09-03T14:06:21.820Z</time>
      </trkpt>
      <trkpt lat="45.314500" lon="6.330037">
        <ele>477.768015</ele>
        <time>2026-09-03T14:06:23.847Z</time>
      </trkpt>
      <trkpt lat="45.314433" lon="6.330193">
        <ele>477.820244</ele>
        <time>2026-09-03T14:06:25.815Z</time>
      </trkpt>
      <trkpt lat="45.314365" lon="6.330340">
        <ele>477.870519</ele>
        <time>2026-09-03T14:06:27.841Z</time>
      </trkpt>
      <trkpt lat="45.314298" lon="6.330500">
        <ele>477.923727</ele>
        <time>2026-09-03T14:06:29.805Z</time>
      </trkpt>
      <trkpt lat="45.314250" lon="6.330652">
        <ele>477.971335</ele>
        <time>2026-09-03T14:06:31.838Z</time>
      </trkpt>
      <trkpt lat="45.314197" lon="6.330805">
        <ele>478.020068</ele>
        <time>2026-09-03T14:06:33.835Z</time>
      </trkpt>
      <trkpt lat="45.314145" lon="6.330962">
        <ele>478.069653</ele>
        <time>2026-09-03T14:06:35.842Z</time>
      </trkpt>
      <trkpt lat="45.314107" lon="6.331115">
        <ele>478.116016</ele>
        <time>2026-09-03T14:06:37.815Z</time>
      </trkpt>
      <trkpt lat="45.314073" lon="6.331263">
        <ele>478.160503</ele>
        <time>2026-09-03T14:06:39.837Z</time>
      </trkpt>
      <trkpt lat="45.314033" lon="6.331413">
        <ele>478.206340</ele>
        <time>2026-09-03T14:06:41.839Z</time>
      </trkpt>
      <trkpt lat="45.313988" lon="6.331553">
        <ele>478.250323</ele>
        <time>2026-09-03T14:06:43.848Z</time>
      </trkpt>
      <trkpt lat="45.313942" lon="6.331693">
        <ele>478.294476</ele>
        <time>2026-09-03T14:06:45.821Z</time>
      </trkpt>
      <trkpt lat="45.313888" lon="6.331828">
        <ele>478.338853</ele>
        <time>2026-09-03T14:06:47.835Z</time>
      </trkpt>
      <trkpt lat="45.313833" lon="6.331953">
        <ele>478.380984</ele>
        <time>2026-09-03T14:06:49.844Z</time>
      </trkpt>
      <trkpt lat="45.313768" lon="6.332075">
        <ele>478.424718</ele>
        <time>2026-09-03T14:06:51.811Z</time>
      </trkpt>
      <trkpt lat="45.313717" lon="6.332200">
        <ele>478.496385</ele>
        <time>2026-09-03T14:06:53.844Z</time>
      </trkpt>
      <trkpt lat="45.313658" lon="6.332322">
        <ele>478.845817</ele>
        <time>2026-09-03T14:06:55.814Z</time>
      </trkpt>
      <trkpt lat="45.313603" lon="6.332443">
        <ele>479.185836</ele>
        <time>2026-09-03T14:06:57.843Z</time>
      </trkpt>
      <trkpt lat="45.313545" lon="6.332567">
        <ele>479.537298</ele>
        <time>2026-09-03T14:06:59.815Z</time>
      </trkpt>
      <trkpt lat="45.313480" lon="6.332690">
        <ele>479.900405</ele>
        <time>2026-09-03T14:07:01.844Z</time>
      </trkpt>
      <trkpt lat="45.313418" lon="6.332815">
        <ele>480.261401</ele>
        <time>2026-09-03T14:07:03.813Z</time>
      </trkpt>
      <trkpt lat="45.313357" lon="6.332932">
        <ele>480.605131</ele>
        <time>2026-09-03T14:07:05.845Z</time>
      </trkpt>
      <trkpt lat="45.313282" lon="6.333042">
        <ele>480.966717</ele>
        <time>2026-09-03T14:07:07.807Z</time>
      </trkpt>
      <trkpt lat="45.313200" lon="6.333160">
        <ele>481.358228</ele>
        <time>2026-09-03T14:07:09.842Z</time>
      </trkpt>
      <trkpt lat="45.313122" lon="6.333282">
        <ele>481.747356</ele>
        <time>2026-09-03T14:07:11.839Z</time>
      </trkpt>
      <trkpt lat="45.313050" lon="6.333398">
        <ele>482.112500</ele>
        <time>2026-09-03T14:07:13.842Z</time>
      </trkpt>
      <trkpt lat="45.312975" lon="6.333502">
        <ele>482.464059</ele>
        <time>2026-09-03T14:07:15.811Z</time>
      </trkpt>
      <trkpt lat="45.312905" lon="6.333605">
        <ele>482.802105</ele>
        <time>2026-09-03T14:07:17.840Z</time>
      </trkpt>
      <trkpt lat="45.312830" lon="6.333705">
        <ele>483.147140</ele>
        <time>2026-09-03T14:07:19.839Z</time>
      </trkpt>
      <trkpt lat="45.312763" lon="6.333810">
        <ele>483.481750</ele>
        <time>2026-09-03T14:07:21.844Z</time>
      </trkpt>
      <trkpt lat="45.312712" lon="6.333930">
        <ele>483.812655</ele>
        <time>2026-09-03T14:07:23.818Z</time>
      </trkpt>
      <trkpt lat="45.312672" lon="6.334057">
        <ele>484.141068</ele>
        <time>2026-09-03T14:07:25.813Z</time>
      </trkpt>
      <trkpt lat="45.312655" lon="6.334205">
        <ele>484.494982</ele>
        <time>2026-09-03T14:07:27.816Z</time>
      </trkpt>
      <trkpt lat="45.312675" lon="6.334353">
        <ele>484.717865</ele>
        <time>2026-09-03T14:07:29.797Z</time>
      </trkpt>
      <trkpt lat="45.312705" lon="6.334490">
        <ele>484.928988</ele>
        <time>2026-09-03T14:07:31.800Z</time>
      </trkpt>
      <trkpt lat="45.312765" lon="6.334605">
        <ele>485.139678</ele>
        <time>2026-09-03T14:07:33.812Z</time>
      </trkpt>
      <trkpt lat="45.312883" lon="6.334743">
        <ele>485.459336</ele>
        <time>2026-09-03T14:07:36.802Z</time>
      </trkpt>
      <trkpt lat="45.312958" lon="6.334833">
        <ele>485.664664</ele>
        <time>2026-09-03T14:07:39.802Z</time>
      </trkpt>
      <trkpt lat="45.312995" lon="6.334980">
        <ele>485.894389</ele>
        <time>2026-09-03T14:07:42.816Z</time>
      </trkpt>
      <trkpt lat="45.313088" lon="6.334978">
        <ele>486.088993</ele>
        <time>2026-09-03T14:07:44.803Z</time>
      </trkpt>
      <trkpt lat="45.313190" lon="6.335085">
        <ele>486.354191</ele>
        <time>2026-09-03T14:07:47.820Z</time>
      </trkpt>
      <trkpt lat="45.313283" lon="6.335157">
        <ele>486.575740</ele>
        <time>2026-09-03T14:07:50.807Z</time>
      </trkpt>
      <trkpt lat="45.313377" lon="6.335227">
        <ele>486.797750</ele>
        <time>2026-09-03T14:07:53.807Z</time>
      </trkpt>
      <trkpt lat="45.313472" lon="6.335307">
        <ele>487.028753</ele>
        <time>2026-09-03T14:07:56.817Z</time>
      </trkpt>
      <trkpt lat="45.313568" lon="6.335397">
        <ele>487.269334</ele>
        <time>2026-09-03T14:07:59.842Z</time>
      </trkpt>
      <trkpt lat="45.313660" lon="6.335480">
        <ele>487.497293</ele>
        <time>2026-09-03T14:08:02.809Z</time>
      </trkpt>
      <trkpt lat="45.313765" lon="6.335565">
        <ele>487.750085</ele>
        <time>2026-09-03T14:08:05.812Z</time>
      </trkpt>
      <trkpt lat="45.313862" lon="6.335668">
        <ele>488.003374</ele>
        <time>2026-09-03T14:08:08.858Z</time>
      </trkpt>
      <trkpt lat="45.313965" lon="6.335763">
        <ele>488.260238</ele>
        <time>2026-09-03T14:08:11.864Z</time>
      </trkpt>
      <trkpt lat="45.314048" lon="6.335875">
        <ele>488.279466</ele>
        <time>2026-09-03T14:08:15.342Z</time>
      </trkpt>
      <trkpt lat="45.314083" lon="6.335997">
        <ele>488.294282</ele>
        <time>2026-09-03T14:08:16.899Z</time>
      </trkpt>
      <trkpt lat="45.314045" lon="6.336162">
        <ele>488.313805</ele>
        <time>2026-09-03T14:08:19.811Z</time>
      </trkpt>
      <trkpt lat="45.313938" lon="6.336260">
        <ele>488.334157</ele>
        <time>2026-09-03T14:08:21.795Z</time>
      </trkpt>
      <trkpt lat="45.313840" lon="6.336353">
        <ele>488.352996</ele>
        <time>2026-09-03T14:08:23.815Z</time>
      </trkpt>
      <trkpt lat="45.313757" lon="6.336473">
        <ele>488.371923</ele>
        <time>2026-09-03T14:08:25.803Z</time>
      </trkpt>
      <trkpt lat="45.313685" lon="6.336592">
        <ele>488.389576</ele>
        <time>2026-09-03T14:08:27.800Z</time>
      </trkpt>
      <trkpt lat="45.313620" lon="6.336732">
        <ele>488.408440</ele>
        <time>2026-09-03T14:08:29.804Z</time>
      </trkpt>
      <trkpt lat="45.313587" lon="6.336863">
        <ele>488.424088</ele>
        <time>2026-09-03T14:08:31.805Z</time>
      </trkpt>
      <trkpt lat="45.313560" lon="6.337005">
        <ele>488.440629</ele>
        <time>2026-09-03T14:08:33.802Z</time>
      </trkpt>
      <trkpt lat="45.313520" lon="6.337157">
        <ele>488.458878</ele>
        <time>2026-09-03T14:08:35.836Z</time>
      </trkpt>
      <trkpt lat="45.313482" lon="6.337310">
        <ele>488.477125</ele>
        <time>2026-09-03T14:08:37.821Z</time>
      </trkpt>
      <trkpt lat="45.313443" lon="6.337463">
        <ele>488.495425</ele>
        <time>2026-09-03T14:08:39.806Z</time>
      </trkpt>
      <trkpt lat="45.313395" lon="6.337610">
        <ele>488.513650</ele>
        <time>2026-09-03T14:08:41.807Z</time>
      </trkpt>
      <trkpt lat="45.313345" lon="6.337753">
        <ele>488.531608</ele>
        <time>2026-09-03T14:08:43.804Z</time>
      </trkpt>
      <trkpt lat="45.313280" lon="6.337885">
        <ele>488.555617</ele>
        <time>2026-09-03T14:08:45.840Z</time>
      </trkpt>
      <trkpt lat="45.313203" lon="6.338038">
        <ele>488.719621</ele>
        <time>2026-09-03T14:08:47.817Z</time>
      </trkpt>
      <trkpt lat="45.313115" lon="6.338185">
        <ele>488.887901</ele>
        <time>2026-09-03T14:08:49.822Z</time>
      </trkpt>
      <trkpt lat="45.313033" lon="6.338312">
        <ele>489.038191</ele>
        <time>2026-09-03T14:08:51.823Z</time>
      </trkpt>
      <trkpt lat="45.312948" lon="6.338458">
        <ele>489.203413</ele>
        <time>2026-09-03T14:08:53.839Z</time>
      </trkpt>
      <trkpt lat="45.312875" lon="6.338598">
        <ele>489.355338</ele>
        <time>2026-09-03T14:08:55.840Z</time>
      </trkpt>
      <trkpt lat="45.312868" lon="6.338768">
        <ele>489.503780</ele>
        <time>2026-09-03T14:08:57.806Z</time>
      </trkpt>
      <trkpt lat="45.312953" lon="6.338897">
        <ele>489.657877</ele>
        <time>2026-09-03T14:08:59.840Z</time>
      </trkpt>
      <trkpt lat="45.313067" lon="6.338928">
        <ele>489.801747</ele>
        <time>2026-09-03T14:09:01.814Z</time>
      </trkpt>
      <trkpt lat="45.313135" lon="6.339047">
        <ele>489.935407</ele>
        <time>2026-09-03T14:09:03.840Z</time>
      </trkpt>
      <trkpt lat="45.313200" lon="6.339237">
        <ele>490.119587</ele>
        <time>2026-09-03T14:09:05.814Z</time>
      </trkpt>
      <trkpt lat="45.313257" lon="6.339372">
        <ele>490.256847</ele>
        <time>2026-09-03T14:09:07.840Z</time>
      </trkpt>
      <trkpt lat="45.313308" lon="6.339502">
        <ele>490.386608</ele>
        <time>2026-09-03T14:09:09.842Z</time>
      </trkpt>
      <trkpt lat="45.313293" lon="6.339642">
        <ele>490.510053</ele>
        <time>2026-09-03T14:09:12.813Z</time>
      </trkpt>
      <trkpt lat="45.313265" lon="6.339782">
        <ele>490.636929</ele>
        <time>2026-09-03T14:09:16.837Z</time>
      </trkpt>
      <trkpt lat="45.313225" lon="6.339912">
        <ele>490.760622</ele>
        <time>2026-09-03T14:09:20.805Z</time>
      </trkpt>
      <trkpt lat="45.313170" lon="6.340013">
        <ele>490.832233</ele>
        <time>2026-09-03T14:09:24.839Z</time>
      </trkpt>
      <trkpt lat="45.313100" lon="6.340108">
        <ele>490.901252</ele>
        <time>2026-09-03T14:09:29.809Z</time>
      </trkpt>
      <trkpt lat="45.313022" lon="6.340175">
        <ele>490.966249</ele>
        <time>2026-09-03T14:09:33.856Z</time>
      </trkpt>
      <trkpt lat="45.312943" lon="6.340257">
        <ele>491.036013</ele>
        <time>2026-09-03T14:09:37.806Z</time>
      </trkpt>
      <trkpt lat="45.312877" lon="6.340343">
        <ele>491.099864</ele>
        <time>2026-09-03T14:09:40.838Z</time>
      </trkpt>
      <trkpt lat="45.312795" lon="6.340405">
        <ele>491.166106</ele>
        <time>2026-09-03T14:09:43.814Z</time>
      </trkpt>
      <trkpt lat="45.312693" lon="6.340477">
        <ele>491.247330</ele>
        <time>2026-09-03T14:09:46.844Z</time>
      </trkpt>
      <trkpt lat="45.312583" lon="6.340553">
        <ele>491.334561</ele>
        <time>2026-09-03T14:09:49.813Z</time>
      </trkpt>
      <trkpt lat="45.312470" lon="6.340625">
        <ele>491.422882</ele>
        <time>2026-09-03T14:09:52.843Z</time>
      </trkpt>
      <trkpt lat="45.312355" lon="6.340683">
        <ele>491.509915</ele>
        <time>2026-09-03T14:09:55.807Z</time>
      </trkpt>
      <trkpt lat="45.312240" lon="6.340730">
        <ele>491.595262</ele>
        <time>2026-09-03T14:09:58.837Z</time>
      </trkpt>
      <trkpt lat="45.312122" lon="6.340802">
        <ele>491.686850</ele>
        <time>2026-09-03T14:10:01.852Z</time>
      </trkpt>
      <trkpt lat="45.312020" lon="6.340895">
        <ele>491.773274</ele>
        <time>2026-09-03T14:10:04.806Z</time>
      </trkpt>
      <trkpt lat="45.311938" lon="6.340973">
        <ele>491.843643</ele>
        <time>2026-09-03T14:10:07.842Z</time>
      </trkpt>
      <trkpt lat="45.311825" lon="6.341060">
        <ele>491.935298</ele>
        <time>2026-09-03T14:10:10.809Z</time>
      </trkpt>
      <trkpt lat="45.311773" lon="6.341173">
        <ele>492.003036</ele>
        <time>2026-09-03T14:10:12.842Z</time>
      </trkpt>
      <trkpt lat="45.311727" lon="6.341337">
        <ele>492.157397</ele>
        <time>2026-09-03T14:10:15.814Z</time>
      </trkpt>
      <trkpt lat="45.311662" lon="6.341493">
        <ele>492.445805</ele>
        <time>2026-09-03T14:10:18.836Z</time>
      </trkpt>
      <trkpt lat="45.311590" lon="6.341635">
        <ele>492.724248</ele>
        <time>2026-09-03T14:10:20.841Z</time>
      </trkpt>
      <trkpt lat="45.311538" lon="6.341757">
        <ele>492.951155</ele>
        <time>2026-09-03T14:10:22.836Z</time>
      </trkpt>
      <trkpt lat="45.311482" lon="6.341882">
        <ele>493.186891</ele>
        <time>2026-09-03T14:10:24.808Z</time>
      </trkpt>
      <trkpt lat="45.311422" lon="6.341982">
        <ele>493.395971</ele>
        <time>2026-09-03T14:10:26.832Z</time>
      </trkpt>
      <trkpt lat="45.311350" lon="6.342090">
        <ele>493.632671</ele>
        <time>2026-09-03T14:10:28.842Z</time>
      </trkpt>
      <trkpt lat="45.311272" lon="6.342188">
        <ele>493.868084</ele>
        <time>2026-09-03T14:10:30.814Z</time>
      </trkpt>
      <trkpt lat="45.311193" lon="6.342285">
        <ele>494.104154</ele>
        <time>2026-09-03T14:10:32.846Z</time>
      </trkpt>
      <trkpt lat="45.311120" lon="6.342370">
        <ele>494.317552</ele>
        <time>2026-09-03T14:10:34.812Z</time>
      </trkpt>
      <trkpt lat="45.311048" lon="6.342453">
        <ele>494.527187</ele>
        <time>2026-09-03T14:10:36.843Z</time>
      </trkpt>
      <trkpt lat="45.310978" lon="6.342545">
        <ele>494.742776</ele>
        <time>2026-09-03T14:10:38.820Z</time>
      </trkpt>
      <trkpt lat="45.310903" lon="6.342632">
        <ele>494.961690</ele>
        <time>2026-09-03T14:10:40.830Z</time>
      </trkpt>
      <trkpt lat="45.310828" lon="6.342723">
        <ele>495.184680</ele>
        <time>2026-09-03T14:10:42.843Z</time>
      </trkpt>
      <trkpt lat="45.310758" lon="6.342815">
        <ele>495.400270</ele>
        <time>2026-09-03T14:10:44.812Z</time>
      </trkpt>
      <trkpt lat="45.310683" lon="6.342912">
        <ele>495.629569</ele>
        <time>2026-09-03T14:10:46.828Z</time>
      </trkpt>
      <trkpt lat="45.310610" lon="6.343000">
        <ele>495.846023</ele>
        <time>2026-09-03T14:10:48.836Z</time>
      </trkpt>
      <trkpt lat="45.310532" lon="6.343092">
        <ele>496.075229</ele>
        <time>2026-09-03T14:10:50.836Z</time>
      </trkpt>
      <trkpt lat="45.310467" lon="6.343203">
        <ele>496.027490</ele>
        <time>2026-09-03T14:10:52.844Z</time>
      </trkpt>
      <trkpt lat="45.310402" lon="6.343317">
        <ele>495.892148</ele>
        <time>2026-09-03T14:10:54.809Z</time>
      </trkpt>
      <trkpt lat="45.310347" lon="6.343437">
        <ele>495.760056</ele>
        <time>2026-09-03T14:10:56.842Z</time>
      </trkpt>
      <trkpt lat="45.310282" lon="6.343573">
        <ele>495.608414</ele>
        <time>2026-09-03T14:10:58.807Z</time>
      </trkpt>
      <trkpt lat="45.310218" lon="6.343713">
        <ele>495.454426</ele>
        <time>2026-09-03T14:11:00.835Z</time>
      </trkpt>
      <trkpt lat="45.310145" lon="6.343848">
        <ele>495.297381</ele>
        <time>2026-09-03T14:11:02.837Z</time>
      </trkpt>
      <trkpt lat="45.310062" lon="6.343982">
        <ele>495.132709</ele>
        <time>2026-09-03T14:11:04.852Z</time>
      </trkpt>
      <trkpt lat="45.309965" lon="6.344132">
        <ele>494.944787</ele>
        <time>2026-09-03T14:11:06.814Z</time>
      </trkpt>
      <trkpt lat="45.309867" lon="6.344315">
        <ele>494.732664</ele>
        <time>2026-09-03T14:11:08.841Z</time>
      </trkpt>
      <trkpt lat="45.309768" lon="6.344510">
        <ele>494.510870</ele>
        <time>2026-09-03T14:11:10.848Z</time>
      </trkpt>
      <trkpt lat="45.309682" lon="6.344720">
        <ele>494.286764</ele>
        <time>2026-09-03T14:11:12.816Z</time>
      </trkpt>
      <trkpt lat="45.309638" lon="6.344835">
        <ele>494.166030</ele>
        <time>2026-09-03T14:11:13.845Z</time>
      </trkpt>
      <trkpt lat="45.309562" lon="6.345057">
        <ele>493.938330</ele>
        <time>2026-09-03T14:11:15.817Z</time>
      </trkpt>
      <trkpt lat="45.309470" lon="6.345260">
        <ele>493.822731</ele>
        <time>2026-09-03T14:11:17.838Z</time>
      </trkpt>
      <trkpt lat="45.309383" lon="6.345460">
        <ele>494.027260</ele>
        <time>2026-09-03T14:11:19.848Z</time>
      </trkpt>
      <trkpt lat="45.309297" lon="6.345652">
        <ele>494.225238</ele>
        <time>2026-09-03T14:11:21.810Z</time>
      </trkpt>
      <trkpt lat="45.309207" lon="6.345832">
        <ele>494.417321</ele>
        <time>2026-09-03T14:11:23.842Z</time>
      </trkpt>
      <trkpt lat="45.309123" lon="6.346003">
        <ele>494.598731</ele>
        <time>2026-09-03T14:11:25.832Z</time>
      </trkpt>
      <trkpt lat="45.309040" lon="6.346163">
        <ele>494.771647</ele>
        <time>2026-09-03T14:11:27.809Z</time>
      </trkpt>
      <trkpt lat="45.308953" lon="6.346325">
        <ele>494.948924</ele>
        <time>2026-09-03T14:11:29.843Z</time>
      </trkpt>
      <trkpt lat="45.308870" lon="6.346465">
        <ele>495.108177</ele>
        <time>2026-09-03T14:11:31.847Z</time>
      </trkpt>
      <trkpt lat="45.308790" lon="6.346607">
        <ele>495.266419</ele>
        <time>2026-09-03T14:11:33.808Z</time>
      </trkpt>
      <trkpt lat="45.308710" lon="6.346742">
        <ele>495.419957</ele>
        <time>2026-09-03T14:11:35.841Z</time>
      </trkpt>
      <trkpt lat="45.308630" lon="6.346868">
        <ele>495.567594</ele>
        <time>2026-09-03T14:11:37.838Z</time>
      </trkpt>
      <trkpt lat="45.308540" lon="6.346995">
        <ele>495.724401</ele>
        <time>2026-09-03T14:11:39.808Z</time>
      </trkpt>
      <trkpt lat="45.308445" lon="6.347110">
        <ele>495.878693</ele>
        <time>2026-09-03T14:11:41.842Z</time>
      </trkpt>
      <trkpt lat="45.308347" lon="6.347215">
        <ele>496.096271</ele>
        <time>2026-09-03T14:11:43.840Z</time>
      </trkpt>
      <trkpt lat="45.308248" lon="6.347315">
        <ele>496.525892</ele>
        <time>2026-09-03T14:11:45.839Z</time>
      </trkpt>
      <trkpt lat="45.308145" lon="6.347417">
        <ele>496.969952</ele>
        <time>2026-09-03T14:11:47.813Z</time>
      </trkpt>
      <trkpt lat="45.308037" lon="6.347513">
        <ele>497.420550</ele>
        <time>2026-09-03T14:11:49.809Z</time>
      </trkpt>
      <trkpt lat="45.307942" lon="6.347630">
        <ele>497.865185</ele>
        <time>2026-09-03T14:11:51.853Z</time>
      </trkpt>
      <trkpt lat="45.307853" lon="6.347755">
        <ele>498.307755</ele>
        <time>2026-09-03T14:11:53.818Z</time>
      </trkpt>
      <trkpt lat="45.307750" lon="6.347895">
        <ele>498.811858</ele>
        <time>2026-09-03T14:11:55.846Z</time>
      </trkpt>
      <trkpt lat="45.307650" lon="6.348027">
        <ele>499.294586</ele>
        <time>2026-09-03T14:11:57.812Z</time>
      </trkpt>
      <trkpt lat="45.307543" lon="6.348143">
        <ele>499.770609</ele>
        <time>2026-09-03T14:11:59.800Z</time>
      </trkpt>
      <trkpt lat="45.307425" lon="6.348295">
        <ele>500.333906</ele>
        <time>2026-09-03T14:12:01.806Z</time>
      </trkpt>
      <trkpt lat="45.307317" lon="6.348450">
        <ele>500.876788</ele>
        <time>2026-09-03T14:12:03.816Z</time>
      </trkpt>
      <trkpt lat="45.307203" lon="6.348605">
        <ele>501.434813</ele>
        <time>2026-09-03T14:12:05.816Z</time>
      </trkpt>
      <trkpt lat="45.307083" lon="6.348753">
        <ele>501.996804</ele>
        <time>2026-09-03T14:12:07.807Z</time>
      </trkpt>
      <trkpt lat="45.306963" lon="6.348903">
        <ele>502.300954</ele>
        <time>2026-09-03T14:12:09.806Z</time>
      </trkpt>
      <trkpt lat="45.306837" lon="6.349055">
        <ele>502.136527</ele>
        <time>2026-09-03T14:12:11.813Z</time>
      </trkpt>
      <trkpt lat="45.306712" lon="6.349200">
        <ele>501.975998</ele>
        <time>2026-09-03T14:12:13.806Z</time>
      </trkpt>
      <trkpt lat="45.306583" lon="6.349335">
        <ele>501.816611</ele>
        <time>2026-09-03T14:12:15.819Z</time>
      </trkpt>
      <trkpt lat="45.306455" lon="6.349457">
        <ele>501.663270</ele>
        <time>2026-09-03T14:12:17.815Z</time>
      </trkpt>
      <trkpt lat="45.306330" lon="6.349593">
        <ele>501.506646</ele>
        <time>2026-09-03T14:12:19.815Z</time>
      </trkpt>
      <trkpt lat="45.306210" lon="6.349732">
        <ele>501.352626</ele>
        <time>2026-09-03T14:12:21.815Z</time>
      </trkpt>
      <trkpt lat="45.306098" lon="6.349872">
        <ele>501.204231</ele>
        <time>2026-09-03T14:12:23.812Z</time>
      </trkpt>
      <trkpt lat="45.305988" lon="6.350012">
        <ele>501.057325</ele>
        <time>2026-09-03T14:12:25.813Z</time>
      </trkpt>
      <trkpt lat="45.305877" lon="6.350145">
        <ele>500.912880</ele>
        <time>2026-09-03T14:12:27.842Z</time>
      </trkpt>
      <trkpt lat="45.305757" lon="6.350262">
        <ele>500.768091</ele>
        <time>2026-09-03T14:12:29.832Z</time>
      </trkpt>
      <trkpt lat="45.305648" lon="6.350382">
        <ele>500.630913</ele>
        <time>2026-09-03T14:12:31.836Z</time>
      </trkpt>
      <trkpt lat="45.305540" lon="6.350515">
        <ele>500.398600</ele>
        <time>2026-09-03T14:12:33.836Z</time>
      </trkpt>
      <trkpt lat="45.305438" lon="6.350628">
        <ele>500.124477</ele>
        <time>2026-09-03T14:12:35.809Z</time>
      </trkpt>
      <trkpt lat="45.305315" lon="6.350730">
        <ele>499.822616</ele>
        <time>2026-09-03T14:12:37.831Z</time>
      </trkpt>
      <trkpt lat="45.305215" lon="6.350870">
        <ele>499.525103</ele>
        <time>2026-09-03T14:12:39.839Z</time>
      </trkpt>
      <trkpt lat="45.305115" lon="6.350987">
        <ele>499.250561</ele>
        <time>2026-09-03T14:12:41.840Z</time>
      </trkpt>
      <trkpt lat="45.305017" lon="6.351098">
        <ele>498.984944</ele>
        <time>2026-09-03T14:12:43.855Z</time>
      </trkpt>
      <trkpt lat="45.304910" lon="6.351210">
        <ele>498.703271</ele>
        <time>2026-09-03T14:12:45.807Z</time>
      </trkpt>
      <trkpt lat="45.304807" lon="6.351312">
        <ele>498.437174</ele>
        <time>2026-09-03T14:12:47.838Z</time>
      </trkpt>
      <trkpt lat="45.304693" lon="6.351417">
        <ele>498.149224</ele>
        <time>2026-09-03T14:12:49.843Z</time>
      </trkpt>
      <trkpt lat="45.304582" lon="6.351522">
        <ele>497.866590</ele>
        <time>2026-09-03T14:12:51.808Z</time>
      </trkpt>
      <trkpt lat="45.304472" lon="6.351620">
        <ele>497.591399</ele>
        <time>2026-09-03T14:12:53.837Z</time>
      </trkpt>
      <trkpt lat="45.304367" lon="6.351723">
        <ele>497.320968</ele>
        <time>2026-09-03T14:12:55.837Z</time>
      </trkpt>
      <trkpt lat="45.304262" lon="6.351818">
        <ele>497.057128</ele>
        <time>2026-09-03T14:12:57.809Z</time>
      </trkpt>
      <trkpt lat="45.304153" lon="6.351915">
        <ele>496.784525</ele>
        <time>2026-09-03T14:12:59.807Z</time>
      </trkpt>
      <trkpt lat="45.304037" lon="6.352017">
        <ele>496.998188</ele>
        <time>2026-09-03T14:13:01.840Z</time>
      </trkpt>
      <trkpt lat="45.303940" lon="6.352107">
        <ele>497.227316</ele>
        <time>2026-09-03T14:13:03.805Z</time>
      </trkpt>
      <trkpt lat="45.303822" lon="6.352188">
        <ele>497.486524</ele>
        <time>2026-09-03T14:13:05.843Z</time>
      </trkpt>
      <trkpt lat="45.303708" lon="6.352253">
        <ele>497.729495</ele>
        <time>2026-09-03T14:13:07.840Z</time>
      </trkpt>
      <trkpt lat="45.303593" lon="6.352317">
        <ele>497.973792</ele>
        <time>2026-09-03T14:13:09.812Z</time>
      </trkpt>
      <trkpt lat="45.303482" lon="6.352373">
        <ele>498.206784</ele>
        <time>2026-09-03T14:13:11.838Z</time>
      </trkpt>
      <trkpt lat="45.303368" lon="6.352423">
        <ele>498.442784</ele>
        <time>2026-09-03T14:13:13.818Z</time>
      </trkpt>
      <trkpt lat="45.303252" lon="6.352467">
        <ele>498.680279</ele>
        <time>2026-09-03T14:13:15.839Z</time>
      </trkpt>
      <trkpt lat="45.303130" lon="6.352502">
        <ele>498.926481</ele>
        <time>2026-09-03T14:13:17.838Z</time>
      </trkpt>
      <trkpt lat="45.303008" lon="6.352545">
        <ele>499.175124</ele>
        <time>2026-09-03T14:13:19.843Z</time>
      </trkpt>
      <trkpt lat="45.302893" lon="6.352598">
        <ele>499.414268</ele>
        <time>2026-09-03T14:13:21.814Z</time>
      </trkpt>
      <trkpt lat="45.302788" lon="6.352663">
        <ele>499.640813</ele>
        <time>2026-09-03T14:13:23.847Z</time>
      </trkpt>
      <trkpt lat="45.302688" lon="6.352730">
        <ele>499.859496</ele>
        <time>2026-09-03T14:13:25.809Z</time>
      </trkpt>
      <trkpt lat="45.302578" lon="6.352802">
        <ele>500.099049</ele>
        <time>2026-09-03T14:13:27.842Z</time>
      </trkpt>
      <trkpt lat="45.302483" lon="6.352890">
        <ele>500.324547</ele>
        <time>2026-09-03T14:13:29.814Z</time>
      </trkpt>
      <trkpt lat="45.302388" lon="6.352988">
        <ele>500.585153</ele>
        <time>2026-09-03T14:13:31.843Z</time>
      </trkpt>
      <trkpt lat="45.302297" lon="6.353098">
        <ele>500.850361</ele>
        <time>2026-09-03T14:13:33.839Z</time>
      </trkpt>
      <trkpt lat="45.302222" lon="6.353220">
        <ele>501.103405</ele>
        <time>2026-09-03T14:13:35.837Z</time>
      </trkpt>
      <trkpt lat="45.302162" lon="6.353340">
        <ele>501.333336</ele>
        <time>2026-09-03T14:13:37.841Z</time>
      </trkpt>
      <trkpt lat="45.302090" lon="6.353453">
        <ele>501.571453</ele>
        <time>2026-09-03T14:13:39.843Z</time>
      </trkpt>
      <trkpt lat="45.302023" lon="6.353563">
        <ele>501.798700</ele>
        <time>2026-09-03T14:13:41.815Z</time>
      </trkpt>
      <trkpt lat="45.301965" lon="6.353678">
        <ele>502.019696</ele>
        <time>2026-09-03T14:13:43.837Z</time>
      </trkpt>
      <trkpt lat="45.301907" lon="6.353793">
        <ele>502.240693</ele>
        <time>2026-09-03T14:13:45.844Z</time>
      </trkpt>
      <trkpt lat="45.301843" lon="6.353897">
        <ele>502.456499</ele>
        <time>2026-09-03T14:13:47.816Z</time>
      </trkpt>
      <trkpt lat="45.301783" lon="6.354012">
        <ele>502.680113</ele>
        <time>2026-09-03T14:13:49.841Z</time>
      </trkpt>
      <trkpt lat="45.301718" lon="6.354120">
        <ele>502.902097</ele>
        <time>2026-09-03T14:13:51.840Z</time>
      </trkpt>
      <trkpt lat="45.301653" lon="6.354223">
        <ele>503.118208</ele>
        <time>2026-09-03T14:13:53.808Z</time>
      </trkpt>
      <trkpt lat="45.301588" lon="6.354335">
        <ele>503.344975</ele>
        <time>2026-09-03T14:13:55.846Z</time>
      </trkpt>
      <trkpt lat="45.301518" lon="6.354437">
        <ele>503.567532</ele>
        <time>2026-09-03T14:13:57.815Z</time>
      </trkpt>
      <trkpt lat="45.301448" lon="6.354538">
        <ele>503.788974</ele>
        <time>2026-09-03T14:13:59.819Z</time>
      </trkpt>
      <trkpt lat="45.301382" lon="6.354642">
        <ele>504.007732</ele>
        <time>2026-09-03T14:14:01.843Z</time>
      </trkpt>
      <trkpt lat="45.301318" lon="6.354737">
        <ele>504.213170</ele>
        <time>2026-09-03T14:14:03.847Z</time>
      </trkpt>
      <trkpt lat="45.301247" lon="6.354828">
        <ele>504.661781</ele>
        <time>2026-09-03T14:14:05.812Z</time>
      </trkpt>
      <trkpt lat="45.301180" lon="6.354920">
        <ele>505.281794</ele>
        <time>2026-09-03T14:14:07.845Z</time>
      </trkpt>
      <trkpt lat="45.301092" lon="6.355027">
        <ele>506.052548</ele>
        <time>2026-09-03T14:14:10.811Z</time>
      </trkpt>
      <trkpt lat="45.301000" lon="6.355130">
        <ele>506.832002</ele>
        <time>2026-09-03T14:14:13.842Z</time>
      </trkpt>
      <trkpt lat="45.300908" lon="6.355230">
        <ele>507.602847</ele>
        <time>2026-09-03T14:14:16.807Z</time>
      </trkpt>
      <trkpt lat="45.300815" lon="6.355323">
        <ele>508.359672</ele>
        <time>2026-09-03T14:14:19.850Z</time>
      </trkpt>
      <trkpt lat="45.300728" lon="6.355422">
        <ele>509.101418</ele>
        <time>2026-09-03T14:14:22.813Z</time>
      </trkpt>
      <trkpt lat="45.300635" lon="6.355510">
        <ele>509.845022</ele>
        <time>2026-09-03T14:14:25.844Z</time>
      </trkpt>
      <trkpt lat="45.300547" lon="6.355595">
        <ele>510.553171</ele>
        <time>2026-09-03T14:14:28.807Z</time>
      </trkpt>
      <trkpt lat="45.300460" lon="6.355682">
        <ele>511.261170</ele>
        <time>2026-09-03T14:14:31.842Z</time>
      </trkpt>
      <trkpt lat="45.300378" lon="6.355757">
        <ele>511.910179</ele>
        <time>2026-09-03T14:14:34.850Z</time>
      </trkpt>
      <trkpt lat="45.300300" lon="6.355825">
        <ele>512.519206</ele>
        <time>2026-09-03T14:14:37.817Z</time>
      </trkpt>
      <trkpt lat="45.300220" lon="6.355900">
        <ele>513.157060</ele>
        <time>2026-09-03T14:14:40.838Z</time>
      </trkpt>
      <trkpt lat="45.300143" lon="6.355972">
        <ele>513.770512</ele>
        <time>2026-09-03T14:14:43.847Z</time>
      </trkpt>
      <trkpt lat="45.300042" lon="6.356070">
        <ele>514.584444</ele>
        <time>2026-09-03T14:14:47.809Z</time>
      </trkpt>
      <trkpt lat="45.299945" lon="6.356165">
        <ele>515.368475</ele>
        <time>2026-09-03T14:14:51.841Z</time>
      </trkpt>
      <trkpt lat="45.299870" lon="6.356237">
        <ele>515.970850</ele>
        <time>2026-09-03T14:14:54.838Z</time>
      </trkpt>
      <trkpt lat="45.299788" lon="6.356313">
        <ele>516.509079</ele>
        <time>2026-09-03T14:14:57.809Z</time>
      </trkpt>
      <trkpt lat="45.299705" lon="6.356383">
        <ele>516.939275</ele>
        <time>2026-09-03T14:15:00.847Z</time>
      </trkpt>
      <trkpt lat="45.299613" lon="6.356455">
        <ele>517.407419</ele>
        <time>2026-09-03T14:15:03.814Z</time>
      </trkpt>
      <trkpt lat="45.299520" lon="6.356515">
        <ele>517.862679</ele>
        <time>2026-09-03T14:15:06.845Z</time>
      </trkpt>
      <trkpt lat="45.299430" lon="6.356555">
        <ele>518.283023</ele>
        <time>2026-09-03T14:15:09.814Z</time>
      </trkpt>
      <trkpt lat="45.299338" lon="6.356582">
        <ele>518.701781</ele>
        <time>2026-09-03T14:15:12.843Z</time>
      </trkpt>
      <trkpt lat="45.299245" lon="6.356583">
        <ele>519.116362</ele>
        <time>2026-09-03T14:15:15.814Z</time>
      </trkpt>
      <trkpt lat="45.299142" lon="6.356575">
        <ele>519.576192</ele>
        <time>2026-09-03T14:15:18.835Z</time>
      </trkpt>
      <trkpt lat="45.299048" lon="6.356540">
        <ele>520.009352</ele>
        <time>2026-09-03T14:15:21.844Z</time>
      </trkpt>
      <trkpt lat="45.298950" lon="6.356498">
        <ele>520.465628</ele>
        <time>2026-09-03T14:15:24.811Z</time>
      </trkpt>
      <trkpt lat="45.298853" lon="6.356448">
        <ele>520.925574</ele>
        <time>2026-09-03T14:15:27.844Z</time>
      </trkpt>
      <trkpt lat="45.298747" lon="6.356390">
        <ele>521.431883</ele>
        <time>2026-09-03T14:15:30.813Z</time>
      </trkpt>
      <trkpt lat="45.298630" lon="6.356325">
        <ele>521.991847</ele>
        <time>2026-09-03T14:15:33.838Z</time>
      </trkpt>
      <trkpt lat="45.298537" lon="6.356297">
        <ele>522.415611</ele>
        <time>2026-09-03T14:15:35.844Z</time>
      </trkpt>
      <trkpt lat="45.298412" lon="6.356257">
        <ele>522.986768</ele>
        <time>2026-09-03T14:15:38.823Z</time>
      </trkpt>
      <trkpt lat="45.298320" lon="6.356235">
        <ele>523.402641</ele>
        <time>2026-09-03T14:15:40.844Z</time>
      </trkpt>
      <trkpt lat="45.298217" lon="6.356208">
        <ele>523.869527</ele>
        <time>2026-09-03T14:15:42.808Z</time>
      </trkpt>
      <trkpt lat="45.298097" lon="6.356185">
        <ele>524.296438</ele>
        <time>2026-09-03T14:15:44.842Z</time>
      </trkpt>
      <trkpt lat="45.297965" lon="6.356158">
        <ele>524.292619</ele>
        <time>2026-09-03T14:15:46.813Z</time>
      </trkpt>
      <trkpt lat="45.297828" lon="6.356135">
        <ele>524.288669</ele>
        <time>2026-09-03T14:15:48.838Z</time>
      </trkpt>
      <trkpt lat="45.297690" lon="6.356100">
        <ele>524.284655</ele>
        <time>2026-09-03T14:15:50.842Z</time>
      </trkpt>
      <trkpt lat="45.297545" lon="6.356062">
        <ele>524.280433</ele>
        <time>2026-09-03T14:15:52.840Z</time>
      </trkpt>
      <trkpt lat="45.297392" lon="6.356022">
        <ele>524.275978</ele>
        <time>2026-09-03T14:15:54.846Z</time>
      </trkpt>
      <trkpt lat="45.297230" lon="6.355988">
        <ele>524.271289</ele>
        <time>2026-09-03T14:15:56.844Z</time>
      </trkpt>
      <trkpt lat="45.297070" lon="6.355968">
        <ele>524.266690</ele>
        <time>2026-09-03T14:15:58.813Z</time>
      </trkpt>
      <trkpt lat="45.296905" lon="6.355968">
        <ele>524.261966</ele>
        <time>2026-09-03T14:16:00.802Z</time>
      </trkpt>
      <trkpt lat="45.296747" lon="6.355972">
        <ele>524.257441</ele>
        <time>2026-09-03T14:16:02.813Z</time>
      </trkpt>
      <trkpt lat="45.296598" lon="6.356022">
        <ele>524.253057</ele>
        <time>2026-09-03T14:16:04.815Z</time>
      </trkpt>
      <trkpt lat="45.296455" lon="6.356083">
        <ele>524.248782</ele>
        <time>2026-09-03T14:16:06.815Z</time>
      </trkpt>
      <trkpt lat="45.296323" lon="6.356180">
        <ele>524.210505</ele>
        <time>2026-09-03T14:16:08.803Z</time>
      </trkpt>
      <trkpt lat="45.296200" lon="6.356292">
        <ele>524.080183</ele>
        <time>2026-09-03T14:16:10.815Z</time>
      </trkpt>
      <trkpt lat="45.296095" lon="6.356408">
        <ele>523.961538</ele>
        <time>2026-09-03T14:16:12.798Z</time>
      </trkpt>
      <trkpt lat="45.295985" lon="6.356477">
        <ele>523.854267</ele>
        <time>2026-09-03T14:16:14.812Z</time>
      </trkpt>
      <trkpt lat="45.295850" lon="6.356545">
        <ele>523.726482</ele>
        <time>2026-09-03T14:16:16.811Z</time>
      </trkpt>
      <trkpt lat="45.295752" lon="6.356692">
        <ele>523.599373</ele>
        <time>2026-09-03T14:16:18.808Z</time>
      </trkpt>
      <trkpt lat="45.295687" lon="6.356868">
        <ele>523.474614</ele>
        <time>2026-09-03T14:16:20.814Z</time>
      </trkpt>
      <trkpt lat="45.295603" lon="6.356993">
        <ele>523.366118</ele>
        <time>2026-09-03T14:16:22.805Z</time>
      </trkpt>
      <trkpt lat="45.295485" lon="6.357077">
        <ele>523.248375</ele>
        <time>2026-09-03T14:16:24.804Z</time>
      </trkpt>
      <trkpt lat="45.295345" lon="6.357133">
        <ele>523.118617</ele>
        <time>2026-09-03T14:16:26.811Z</time>
      </trkpt>
      <trkpt lat="45.295197" lon="6.357153">
        <ele>522.985976</ele>
        <time>2026-09-03T14:16:28.804Z</time>
      </trkpt>
      <trkpt lat="45.295048" lon="6.357153">
        <ele>522.853038</ele>
        <time>2026-09-03T14:16:30.832Z</time>
      </trkpt>
      <trkpt lat="45.294912" lon="6.357125">
        <ele>522.730433</ele>
        <time>2026-09-03T14:16:32.818Z</time>
      </trkpt>
      <trkpt lat="45.294797" lon="6.357072">
        <ele>522.618193</ele>
        <time>2026-09-03T14:16:34.832Z</time>
      </trkpt>
      <trkpt lat="45.294682" lon="6.356940">
        <ele>522.454814</ele>
        <time>2026-09-03T14:16:36.842Z</time>
      </trkpt>
      <trkpt lat="45.294587" lon="6.356802">
        <ele>522.304679</ele>
        <time>2026-09-03T14:16:38.878Z</time>
      </trkpt>
      <trkpt lat="45.294527" lon="6.356643">
        <ele>522.164381</ele>
        <time>2026-09-03T14:16:40.807Z</time>
      </trkpt>
      <trkpt lat="45.294478" lon="6.356467">
        <ele>522.017201</ele>
        <time>2026-09-03T14:16:42.835Z</time>
      </trkpt>
      <trkpt lat="45.294448" lon="6.356285">
        <ele>521.871851</ele>
        <time>2026-09-03T14:16:44.822Z</time>
      </trkpt>
      <trkpt lat="45.294418" lon="6.356100">
        <ele>521.724229</ele>
        <time>2026-09-03T14:16:46.811Z</time>
      </trkpt>
      <trkpt lat="45.294378" lon="6.355908">
        <ele>521.568527</ele>
        <time>2026-09-03T14:16:48.836Z</time>
      </trkpt>
      <trkpt lat="45.294345" lon="6.355718">
        <ele>521.416352</ele>
        <time>2026-09-03T14:16:50.802Z</time>
      </trkpt>
      <trkpt lat="45.294302" lon="6.355517">
        <ele>521.252994</ele>
        <time>2026-09-03T14:16:52.808Z</time>
      </trkpt>
      <trkpt lat="45.294262" lon="6.355300">
        <ele>521.078565</ele>
        <time>2026-09-03T14:16:54.797Z</time>
      </trkpt>
      <trkpt lat="45.294232" lon="6.355095">
        <ele>520.915751</ele>
        <time>2026-09-03T14:16:56.796Z</time>
      </trkpt>
      <trkpt lat="45.294228" lon="6.354918">
        <ele>520.778050</ele>
        <time>2026-09-03T14:16:58.804Z</time>
      </trkpt>
      <trkpt lat="45.294220" lon="6.354708">
        <ele>520.552188</ele>
        <time>2026-09-03T14:17:00.807Z</time>
      </trkpt>
      <trkpt lat="45.294168" lon="6.354510">
        <ele>520.120190</ele>
        <time>2026-09-03T14:17:02.809Z</time>
      </trkpt>
      <trkpt lat="45.294117" lon="6.354302">
        <ele>519.669951</ele>
        <time>2026-09-03T14:17:04.807Z</time>
      </trkpt>
      <trkpt lat="45.294073" lon="6.354080">
        <ele>519.198514</ele>
        <time>2026-09-03T14:17:06.808Z</time>
      </trkpt>
      <trkpt lat="45.294030" lon="6.353847">
        <ele>518.706143</ele>
        <time>2026-09-03T14:17:08.807Z</time>
      </trkpt>
      <trkpt lat="45.293985" lon="6.353603">
        <ele>518.190548</ele>
        <time>2026-09-03T14:17:10.807Z</time>
      </trkpt>
      <trkpt lat="45.293960" lon="6.353480">
        <ele>517.928851</ele>
        <time>2026-09-03T14:17:11.819Z</time>
      </trkpt>
      <trkpt lat="45.293935" lon="6.353357">
        <ele>517.667153</ele>
        <time>2026-09-03T14:17:12.810Z</time>
      </trkpt>
      <trkpt lat="45.293907" lon="6.353230">
        <ele>517.395112</ele>
        <time>2026-09-03T14:17:13.804Z</time>
      </trkpt>
      <trkpt lat="45.293867" lon="6.353107">
        <ele>517.118133</ele>
        <time>2026-09-03T14:17:14.806Z</time>
      </trkpt>
      <trkpt lat="45.293823" lon="6.352990">
        <ele>516.846954</ele>
        <time>2026-09-03T14:17:15.818Z</time>
      </trkpt>
      <trkpt lat="45.293775" lon="6.352878">
        <ele>516.578885</ele>
        <time>2026-09-03T14:17:16.807Z</time>
      </trkpt>
      <trkpt lat="45.293668" lon="6.352675">
        <ele>516.060394</ele>
        <time>2026-09-03T14:17:18.819Z</time>
      </trkpt>
      <trkpt lat="45.293542" lon="6.352512">
        <ele>515.565377</ele>
        <time>2026-09-03T14:17:20.830Z</time>
      </trkpt>
      <trkpt lat="45.293403" lon="6.352382">
        <ele>515.043193</ele>
        <time>2026-09-03T14:17:22.833Z</time>
      </trkpt>
      <trkpt lat="45.293250" lon="6.352297">
        <ele>514.512261</ele>
        <time>2026-09-03T14:17:24.828Z</time>
      </trkpt>
      <trkpt lat="45.293092" lon="6.352232">
        <ele>513.980636</ele>
        <time>2026-09-03T14:17:26.833Z</time>
      </trkpt>
      <trkpt lat="45.292928" lon="6.352242">
        <ele>513.450088</ele>
        <time>2026-09-03T14:17:28.840Z</time>
      </trkpt>
      <trkpt lat="45.292775" lon="6.352292">
        <ele>512.942680</ele>
        <time>2026-09-03T14:17:30.815Z</time>
      </trkpt>
      <trkpt lat="45.292610" lon="6.352367">
        <ele>512.382786</ele>
        <time>2026-09-03T14:17:32.832Z</time>
      </trkpt>
      <trkpt lat="45.292483" lon="6.352462">
        <ele>511.918947</ele>
        <time>2026-09-03T14:17:34.839Z</time>
      </trkpt>
      <trkpt lat="45.292360" lon="6.352548">
        <ele>511.475913</ele>
        <time>2026-09-03T14:17:36.810Z</time>
      </trkpt>
      <trkpt lat="45.292237" lon="6.352618">
        <ele>511.047690</ele>
        <time>2026-09-03T14:17:38.834Z</time>
      </trkpt>
      <trkpt lat="45.292112" lon="6.352685">
        <ele>510.615913</ele>
        <time>2026-09-03T14:17:40.808Z</time>
      </trkpt>
      <trkpt lat="45.291990" lon="6.352767">
        <ele>510.179741</ele>
        <time>2026-09-03T14:17:42.840Z</time>
      </trkpt>
      <trkpt lat="45.291878" lon="6.352862">
        <ele>509.758199</ele>
        <time>2026-09-03T14:17:44.809Z</time>
      </trkpt>
      <trkpt lat="45.291753" lon="6.352952">
        <ele>509.981610</ele>
        <time>2026-09-03T14:17:46.832Z</time>
      </trkpt>
      <trkpt lat="45.291615" lon="6.353002">
        <ele>510.532201</ele>
        <time>2026-09-03T14:17:48.834Z</time>
      </trkpt>
      <trkpt lat="45.291487" lon="6.353047">
        <ele>511.041983</ele>
        <time>2026-09-03T14:17:50.845Z</time>
      </trkpt>
      <trkpt lat="45.291353" lon="6.353060">
        <ele>511.561256</ele>
        <time>2026-09-03T14:17:52.817Z</time>
      </trkpt>
      <trkpt lat="45.291223" lon="6.353077">
        <ele>512.065981</ele>
        <time>2026-09-03T14:17:54.842Z</time>
      </trkpt>
      <trkpt lat="45.291087" lon="6.353065">
        <ele>512.592793</ele>
        <time>2026-09-03T14:17:56.818Z</time>
      </trkpt>
      <trkpt lat="45.290948" lon="6.353063">
        <ele>513.130219</ele>
        <time>2026-09-03T14:17:58.848Z</time>
      </trkpt>
      <trkpt lat="45.290825" lon="6.353058">
        <ele>513.605954</ele>
        <time>2026-09-03T14:18:00.814Z</time>
      </trkpt>
      <trkpt lat="45.290698" lon="6.353035">
        <ele>514.100927</ele>
        <time>2026-09-03T14:18:02.837Z</time>
      </trkpt>
      <trkpt lat="45.290582" lon="6.353012">
        <ele>514.553746</ele>
        <time>2026-09-03T14:18:04.839Z</time>
      </trkpt>
      <trkpt lat="45.290465" lon="6.353005">
        <ele>515.006489</ele>
        <time>2026-09-03T14:18:06.840Z</time>
      </trkpt>
      <trkpt lat="45.290345" lon="6.352997">
        <ele>515.470940</ele>
        <time>2026-09-03T14:18:08.843Z</time>
      </trkpt>
      <trkpt lat="45.290223" lon="6.352973">
        <ele>515.947109</ele>
        <time>2026-09-03T14:18:10.839Z</time>
      </trkpt>
      <trkpt lat="45.290088" lon="6.352978">
        <ele>516.469220</ele>
        <time>2026-09-03T14:18:12.851Z</time>
      </trkpt>
      <trkpt lat="45.289957" lon="6.352992">
        <ele>516.548506</ele>
        <time>2026-09-03T14:18:14.814Z</time>
      </trkpt>
      <trkpt lat="45.289830" lon="6.352983">
        <ele>516.526174</ele>
        <time>2026-09-03T14:18:16.843Z</time>
      </trkpt>
      <trkpt lat="45.289702" lon="6.352985">
        <ele>516.503692</ele>
        <time>2026-09-03T14:18:18.812Z</time>
      </trkpt>
      <trkpt lat="45.289572" lon="6.352978">
        <ele>516.480844</ele>
        <time>2026-09-03T14:18:20.838Z</time>
      </trkpt>
      <trkpt lat="45.289442" lon="6.352970">
        <ele>516.457992</ele>
        <time>2026-09-03T14:18:22.847Z</time>
      </trkpt>
      <trkpt lat="45.289315" lon="6.352965">
        <ele>516.435678</ele>
        <time>2026-09-03T14:18:24.809Z</time>
      </trkpt>
      <trkpt lat="45.289183" lon="6.352965">
        <ele>516.412496</ele>
        <time>2026-09-03T14:18:26.845Z</time>
      </trkpt>
      <trkpt lat="45.289052" lon="6.352955">
        <ele>516.389456</ele>
        <time>2026-09-03T14:18:28.821Z</time>
      </trkpt>
      <trkpt lat="45.288918" lon="6.352945">
        <ele>516.365889</ele>
        <time>2026-09-03T14:18:30.839Z</time>
      </trkpt>
      <trkpt lat="45.288792" lon="6.352933">
        <ele>516.343711</ele>
        <time>2026-09-03T14:18:32.841Z</time>
      </trkpt>
      <trkpt lat="45.288665" lon="6.352927">
        <ele>516.321394</ele>
        <time>2026-09-03T14:18:34.841Z</time>
      </trkpt>
      <trkpt lat="45.288545" lon="6.352923">
        <ele>516.300313</ele>
        <time>2026-09-03T14:18:36.849Z</time>
      </trkpt>
      <trkpt lat="45.288423" lon="6.352907">
        <ele>516.278795</ele>
        <time>2026-09-03T14:18:38.811Z</time>
      </trkpt>
      <trkpt lat="45.288298" lon="6.352895">
        <ele>516.256792</ele>
        <time>2026-09-03T14:18:40.839Z</time>
      </trkpt>
      <trkpt lat="45.288162" lon="6.352902">
        <ele>516.186140</ele>
        <time>2026-09-03T14:18:42.843Z</time>
      </trkpt>
      <trkpt lat="45.288015" lon="6.352900">
        <ele>516.094542</ele>
        <time>2026-09-03T14:18:44.819Z</time>
      </trkpt>
      <trkpt lat="45.287865" lon="6.352912">
        <ele>516.000931</ele>
        <time>2026-09-03T14:18:46.835Z</time>
      </trkpt>
      <trkpt lat="45.287732" lon="6.352918">
        <ele>515.918019</ele>
        <time>2026-09-03T14:18:48.843Z</time>
      </trkpt>
      <trkpt lat="45.287597" lon="6.352915">
        <ele>515.833892</ele>
        <time>2026-09-03T14:18:50.811Z</time>
      </trkpt>
      <trkpt lat="45.287457" lon="6.352902">
        <ele>515.746474</ele>
        <time>2026-09-03T14:18:52.848Z</time>
      </trkpt>
      <trkpt lat="45.287325" lon="6.352883">
        <ele>515.663806</ele>
        <time>2026-09-03T14:18:54.810Z</time>
      </trkpt>
      <trkpt lat="45.287192" lon="6.352843">
        <ele>515.579101</ele>
        <time>2026-09-03T14:18:56.830Z</time>
      </trkpt>
      <trkpt lat="45.287062" lon="6.352773">
        <ele>515.492482</ele>
        <time>2026-09-03T14:18:58.805Z</time>
      </trkpt>
      <trkpt lat="45.286937" lon="6.352695">
        <ele>515.407421</ele>
        <time>2026-09-03T14:19:00.829Z</time>
      </trkpt>
      <trkpt lat="45.286823" lon="6.352595">
        <ele>515.323951</ele>
        <time>2026-09-03T14:19:02.840Z</time>
      </trkpt>
      <trkpt lat="45.286718" lon="6.352490">
        <ele>515.243957</ele>
        <time>2026-09-03T14:19:04.809Z</time>
      </trkpt>
      <trkpt lat="45.286615" lon="6.352388">
        <ele>515.165738</ele>
        <time>2026-09-03T14:19:06.843Z</time>
      </trkpt>
      <trkpt lat="45.286517" lon="6.352282">
        <ele>515.176643</ele>
        <time>2026-09-03T14:19:08.807Z</time>
      </trkpt>
      <trkpt lat="45.286417" lon="6.352180">
        <ele>515.261803</ele>
        <time>2026-09-03T14:19:10.837Z</time>
      </trkpt>
      <trkpt lat="45.286320" lon="6.352085">
        <ele>515.343304</ele>
        <time>2026-09-03T14:19:12.841Z</time>
      </trkpt>
      <trkpt lat="45.286220" lon="6.351985">
        <ele>515.427900</ele>
        <time>2026-09-03T14:19:14.848Z</time>
      </trkpt>
      <trkpt lat="45.286118" lon="6.351892">
        <ele>515.511744</ele>
        <time>2026-09-03T14:19:16.815Z</time>
      </trkpt>
      <trkpt lat="45.286020" lon="6.351797">
        <ele>515.593817</ele>
        <time>2026-09-03T14:19:18.844Z</time>
      </trkpt>
      <trkpt lat="45.285923" lon="6.351692">
        <ele>515.678176</ele>
        <time>2026-09-03T14:19:20.808Z</time>
      </trkpt>
      <trkpt lat="45.285835" lon="6.351593">
        <ele>515.755825</ele>
        <time>2026-09-03T14:19:22.846Z</time>
      </trkpt>
      <trkpt lat="45.285743" lon="6.351495">
        <ele>515.835371</ele>
        <time>2026-09-03T14:19:24.814Z</time>
      </trkpt>
      <trkpt lat="45.285645" lon="6.351403">
        <ele>515.916629</ele>
        <time>2026-09-03T14:19:26.849Z</time>
      </trkpt>
      <trkpt lat="45.285545" lon="6.351302">
        <ele>516.001507</ele>
        <time>2026-09-03T14:19:28.813Z</time>
      </trkpt>
      <trkpt lat="45.285445" lon="6.351205">
        <ele>516.085272</ele>
        <time>2026-09-03T14:19:30.846Z</time>
      </trkpt>
      <trkpt lat="45.285345" lon="6.351115">
        <ele>516.167164</ele>
        <time>2026-09-03T14:19:32.814Z</time>
      </trkpt>
      <trkpt lat="45.285247" lon="6.351025">
        <ele>516.247890</ele>
        <time>2026-09-03T14:19:34.843Z</time>
      </trkpt>
      <trkpt lat="45.285145" lon="6.350937">
        <ele>516.330446</ele>
        <time>2026-09-03T14:19:36.810Z</time>
      </trkpt>
      <trkpt lat="45.285047" lon="6.350840">
        <ele>516.703016</ele>
        <time>2026-09-03T14:19:38.844Z</time>
      </trkpt>
      <trkpt lat="45.284953" lon="6.350742">
        <ele>517.397486</ele>
        <time>2026-09-03T14:19:40.823Z</time>
      </trkpt>
      <trkpt lat="45.284858" lon="6.350652">
        <ele>518.077615</ele>
        <time>2026-09-03T14:19:42.842Z</time>
      </trkpt>
      <trkpt lat="45.284768" lon="6.350570">
        <ele>518.714464</ele>
        <time>2026-09-03T14:19:44.813Z</time>
      </trkpt>
      <trkpt lat="45.284675" lon="6.350483">
        <ele>519.377717</ele>
        <time>2026-09-03T14:19:46.837Z</time>
      </trkpt>
      <trkpt lat="45.284590" lon="6.350400">
        <ele>519.992065</ele>
        <time>2026-09-03T14:19:48.844Z</time>
      </trkpt>
      <trkpt lat="45.284508" lon="6.350318">
        <ele>520.589348</ele>
        <time>2026-09-03T14:19:50.816Z</time>
      </trkpt>
      <trkpt lat="45.284423" lon="6.350235">
        <ele>521.203697</ele>
        <time>2026-09-03T14:19:52.839Z</time>
      </trkpt>
      <trkpt lat="45.284338" lon="6.350157">
        <ele>521.806427</ele>
        <time>2026-09-03T14:19:54.825Z</time>
      </trkpt>
      <trkpt lat="45.284243" lon="6.350080">
        <ele>522.457916</ele>
        <time>2026-09-03T14:19:56.828Z</time>
      </trkpt>
      <trkpt lat="45.284158" lon="6.350017">
        <ele>523.028992</ele>
        <time>2026-09-03T14:19:58.807Z</time>
      </trkpt>
      <trkpt lat="45.284065" lon="6.349937">
        <ele>523.676580</ele>
        <time>2026-09-03T14:20:00.807Z</time>
      </trkpt>
      <trkpt lat="45.283988" lon="6.349858">
        <ele>524.242310</ele>
        <time>2026-09-03T14:20:02.807Z</time>
      </trkpt>
      <trkpt lat="45.283882" lon="6.349737">
        <ele>525.052221</ele>
        <time>2026-09-03T14:20:05.807Z</time>
      </trkpt>
      <trkpt lat="45.283777" lon="6.349628">
        <ele>525.826806</ele>
        <time>2026-09-03T14:20:08.810Z</time>
      </trkpt>
      <trkpt lat="45.283670" lon="6.349513">
        <ele>526.625957</ele>
        <time>2026-09-03T14:20:11.807Z</time>
      </trkpt>
      <trkpt lat="45.283590" lon="6.349435">
        <ele>527.175923</ele>
        <time>2026-09-03T14:20:13.809Z</time>
      </trkpt>
      <trkpt lat="45.283513" lon="6.349367">
        <ele>527.583573</ele>
        <time>2026-09-03T14:20:15.810Z</time>
      </trkpt>
      <trkpt lat="45.283408" lon="6.349247">
        <ele>528.189450</ele>
        <time>2026-09-03T14:20:18.810Z</time>
      </trkpt>
      <trkpt lat="45.283315" lon="6.349140">
        <ele>528.727503</ele>
        <time>2026-09-03T14:20:21.803Z</time>
      </trkpt>
      <trkpt lat="45.283205" lon="6.349042">
        <ele>529.311297</ele>
        <time>2026-09-03T14:20:24.812Z</time>
      </trkpt>
      <trkpt lat="45.283102" lon="6.348940">
        <ele>529.875810</ele>
        <time>2026-09-03T14:20:27.820Z</time>
      </trkpt>
      <trkpt lat="45.283005" lon="6.348837">
        <ele>530.420293</ele>
        <time>2026-09-03T14:20:30.829Z</time>
      </trkpt>
      <trkpt lat="45.282928" lon="6.348745">
        <ele>530.872643</ele>
        <time>2026-09-03T14:20:33.836Z</time>
      </trkpt>
      <trkpt lat="45.282848" lon="6.348678">
        <ele>531.290198</ele>
        <time>2026-09-03T14:20:35.821Z</time>
      </trkpt>
      <trkpt lat="45.282740" lon="6.348595">
        <ele>531.842304</ele>
        <time>2026-09-03T14:20:38.832Z</time>
      </trkpt>
      <trkpt lat="45.282650" lon="6.348505">
        <ele>532.337155</ele>
        <time>2026-09-03T14:20:41.863Z</time>
      </trkpt>
      <trkpt lat="45.282567" lon="6.348400">
        <ele>532.836826</ele>
        <time>2026-09-03T14:20:44.806Z</time>
      </trkpt>
      <trkpt lat="45.282502" lon="6.348303">
        <ele>533.260648</ele>
        <time>2026-09-03T14:20:47.807Z</time>
      </trkpt>
      <trkpt lat="45.282418" lon="6.348218">
        <ele>533.724337</ele>
        <time>2026-09-03T14:20:50.820Z</time>
      </trkpt>
      <trkpt lat="45.282323" lon="6.348148">
        <ele>534.205531</ele>
        <time>2026-09-03T14:20:53.808Z</time>
      </trkpt>
      <trkpt lat="45.282222" lon="6.348105">
        <ele>534.679645</ele>
        <time>2026-09-03T14:20:56.821Z</time>
      </trkpt>
      <trkpt lat="45.282128" lon="6.348048">
        <ele>535.139208</ele>
        <time>2026-09-03T14:20:59.805Z</time>
      </trkpt>
      <trkpt lat="45.282033" lon="6.347962">
        <ele>535.455658</ele>
        <time>2026-09-03T14:21:02.825Z</time>
      </trkpt>
      <trkpt lat="45.281957" lon="6.347893">
        <ele>535.696446</ele>
        <time>2026-09-03T14:21:04.812Z</time>
      </trkpt>
      <trkpt lat="45.281857" lon="6.347808">
        <ele>536.007551</ele>
        <time>2026-09-03T14:21:07.809Z</time>
      </trkpt>
      <trkpt lat="45.281768" lon="6.347685">
        <ele>536.339005</ele>
        <time>2026-09-03T14:21:10.807Z</time>
      </trkpt>
      <trkpt lat="45.281680" lon="6.347580">
        <ele>536.645788</ele>
        <time>2026-09-03T14:21:13.839Z</time>
      </trkpt>
      <trkpt lat="45.281583" lon="6.347502">
        <ele>536.943357</ele>
        <time>2026-09-03T14:21:16.835Z</time>
      </trkpt>
      <trkpt lat="45.281503" lon="6.347388">
        <ele>537.245832</ele>
        <time>2026-09-03T14:21:19.839Z</time>
      </trkpt>
      <trkpt lat="45.281425" lon="6.347297">
        <ele>537.515272</ele>
        <time>2026-09-03T14:21:22.811Z</time>
      </trkpt>
      <trkpt lat="45.281347" lon="6.347208">
        <ele>537.782344</ele>
        <time>2026-09-03T14:21:25.840Z</time>
      </trkpt>
      <trkpt lat="45.281265" lon="6.347123">
        <ele>538.053330</ele>
        <time>2026-09-03T14:21:28.803Z</time>
      </trkpt>
      <trkpt lat="45.281182" lon="6.347033">
        <ele>538.332073</ele>
        <time>2026-09-03T14:21:31.845Z</time>
      </trkpt>
      <trkpt lat="45.281097" lon="6.346958">
        <ele>538.599203</ele>
        <time>2026-09-03T14:21:34.819Z</time>
      </trkpt>
      <trkpt lat="45.281018" lon="6.346875">
        <ele>538.861509</ele>
        <time>2026-09-03T14:21:37.841Z</time>
      </trkpt>
      <trkpt lat="45.280933" lon="6.346807">
        <ele>539.121942</ele>
        <time>2026-09-03T14:21:40.811Z</time>
      </trkpt>
      <trkpt lat="45.280857" lon="6.346737">
        <ele>539.363747</ele>
        <time>2026-09-03T14:21:43.848Z</time>
      </trkpt>
      <trkpt lat="45.280777" lon="6.346662">
        <ele>539.619632</ele>
        <time>2026-09-03T14:21:46.804Z</time>
      </trkpt>
      <trkpt lat="45.280697" lon="6.346590">
        <ele>539.872457</ele>
        <time>2026-09-03T14:21:49.842Z</time>
      </trkpt>
      <trkpt lat="45.280620" lon="6.346515">
        <ele>540.141493</ele>
        <time>2026-09-03T14:21:52.808Z</time>
      </trkpt>
      <trkpt lat="45.280540" lon="6.346433">
        <ele>540.441704</ele>
        <time>2026-09-03T14:21:55.839Z</time>
      </trkpt>
      <trkpt lat="45.280450" lon="6.346335">
        <ele>540.786789</ele>
        <time>2026-09-03T14:21:59.812Z</time>
      </trkpt>
      <trkpt lat="45.280357" lon="6.346238">
        <ele>541.137895</ele>
        <time>2026-09-03T14:22:03.841Z</time>
      </trkpt>
      <trkpt lat="45.280268" lon="6.346128">
        <ele>541.496885</ele>
        <time>2026-09-03T14:22:07.801Z</time>
      </trkpt>
      <trkpt lat="45.280147" lon="6.346058">
        <ele>541.894506</ele>
        <time>2026-09-03T14:22:11.803Z</time>
      </trkpt>
      <trkpt lat="45.280065" lon="6.345977">
        <ele>542.198448</ele>
        <time>2026-09-03T14:22:14.807Z</time>
      </trkpt>
      <trkpt lat="45.279990" lon="6.345893">
        <ele>542.489087</ele>
        <time>2026-09-03T14:22:17.808Z</time>
      </trkpt>
      <trkpt lat="45.279917" lon="6.345810">
        <ele>542.773626</ele>
        <time>2026-09-03T14:22:20.791Z</time>
      </trkpt>
      <trkpt lat="45.279825" lon="6.345735">
        <ele>543.096437</ele>
        <time>2026-09-03T14:22:24.803Z</time>
      </trkpt>
      <trkpt lat="45.279743" lon="6.345667">
        <ele>543.385395</ele>
        <time>2026-09-03T14:22:27.815Z</time>
      </trkpt>
      <trkpt lat="45.279668" lon="6.345580">
        <ele>543.680054</ele>
        <time>2026-09-03T14:22:30.808Z</time>
      </trkpt>
      <trkpt lat="45.279587" lon="6.345493">
        <ele>543.989076</ele>
        <time>2026-09-03T14:22:33.816Z</time>
      </trkpt>
      <trkpt lat="45.279505" lon="6.345412">
        <ele>544.293020</ele>
        <time>2026-09-03T14:22:36.806Z</time>
      </trkpt>
      <trkpt lat="45.279428" lon="6.345333">
        <ele>544.582068</ele>
        <time>2026-09-03T14:22:39.806Z</time>
      </trkpt>
      <trkpt lat="45.279327" lon="6.345232">
        <ele>544.957950</ele>
        <time>2026-09-03T14:22:43.800Z</time>
      </trkpt>
      <trkpt lat="45.279238" lon="6.345160">
        <ele>545.269646</ele>
        <time>2026-09-03T14:22:46.798Z</time>
      </trkpt>
      <trkpt lat="45.279143" lon="6.345078">
        <ele>545.770939</ele>
        <time>2026-09-03T14:22:49.838Z</time>
      </trkpt>
      <trkpt lat="45.279050" lon="6.345020">
        <ele>546.408655</ele>
        <time>2026-09-03T14:22:52.830Z</time>
      </trkpt>
      <trkpt lat="45.278962" lon="6.344895">
        <ele>547.189909</ele>
        <time>2026-09-03T14:22:56.827Z</time>
      </trkpt>
      <trkpt lat="45.278870" lon="6.344790">
        <ele>547.930818</ele>
        <time>2026-09-03T14:23:00.838Z</time>
      </trkpt>
      <trkpt lat="45.278800" lon="6.344703">
        <ele>548.514735</ele>
        <time>2026-09-03T14:23:03.839Z</time>
      </trkpt>
      <trkpt lat="45.278715" lon="6.344608">
        <ele>549.193743</ele>
        <time>2026-09-03T14:23:07.811Z</time>
      </trkpt>
      <trkpt lat="45.278632" lon="6.344558">
        <ele>549.759802</ele>
        <time>2026-09-03T14:23:10.842Z</time>
      </trkpt>
      <trkpt lat="45.278525" lon="6.344480">
        <ele>550.514906</ele>
        <time>2026-09-03T14:23:14.809Z</time>
      </trkpt>
      <trkpt lat="45.278462" lon="6.344382">
        <ele>551.101404</ele>
        <time>2026-09-03T14:23:17.804Z</time>
      </trkpt>
      <trkpt lat="45.278387" lon="6.344310">
        <ele>551.669722</ele>
        <time>2026-09-03T14:23:20.842Z</time>
      </trkpt>
      <trkpt lat="45.278310" lon="6.344200">
        <ele>552.355278</ele>
        <time>2026-09-03T14:23:24.816Z</time>
      </trkpt>
      <trkpt lat="45.278245" lon="6.344102">
        <ele>552.950320</ele>
        <time>2026-09-03T14:23:27.836Z</time>
      </trkpt>
      <trkpt lat="45.278147" lon="6.344008">
        <ele>553.692725</ele>
        <time>2026-09-03T14:23:31.806Z</time>
      </trkpt>
      <trkpt lat="45.278088" lon="6.343897">
        <ele>554.307367</ele>
        <time>2026-09-03T14:23:35.834Z</time>
      </trkpt>
      <trkpt lat="45.277990" lon="6.343772">
        <ele>555.134231</ele>
        <time>2026-09-03T14:23:38.800Z</time>
      </trkpt>
      <trkpt lat="45.277915" lon="6.343662">
        <ele>555.810991</ele>
        <time>2026-09-03T14:23:41.891Z</time>
      </trkpt>
      <trkpt lat="45.277818" lon="6.343607">
        <ele>556.466760</ele>
        <time>2026-09-03T14:23:44.807Z</time>
      </trkpt>
      <trkpt lat="45.277722" lon="6.343558">
        <ele>557.047055</ele>
        <time>2026-09-03T14:23:47.799Z</time>
      </trkpt>
      <trkpt lat="45.277617" lon="6.343512">
        <ele>557.621180</ele>
        <time>2026-09-03T14:23:50.810Z</time>
      </trkpt>
      <trkpt lat="45.277498" lon="6.343575">
        <ele>558.284726</ele>
        <time>2026-09-03T14:23:53.808Z</time>
      </trkpt>
      <trkpt lat="45.277427" lon="6.343700">
        <ele>558.875379</ele>
        <time>2026-09-03T14:23:56.826Z</time>
      </trkpt>
      <trkpt lat="45.277370" lon="6.343845">
        <ele>559.486075</ele>
        <time>2026-09-03T14:23:59.804Z</time>
      </trkpt>
      <trkpt lat="45.277305" lon="6.343985">
        <ele>560.102785</ele>
        <time>2026-09-03T14:24:02.812Z</time>
      </trkpt>
      <trkpt lat="45.277230" lon="6.344112">
        <ele>560.712401</ele>
        <time>2026-09-03T14:24:05.810Z</time>
      </trkpt>
      <trkpt lat="45.277167" lon="6.344243">
        <ele>561.295813</ele>
        <time>2026-09-03T14:24:08.812Z</time>
      </trkpt>
      <trkpt lat="45.277092" lon="6.344393">
        <ele>561.972396</ele>
        <time>2026-09-03T14:24:11.821Z</time>
      </trkpt>
      <trkpt lat="45.277030" lon="6.344493">
        <ele>562.462443</ele>
        <time>2026-09-03T14:24:13.842Z</time>
      </trkpt>
      <trkpt lat="45.276955" lon="6.344622">
        <ele>563.077712</ele>
        <time>2026-09-03T14:24:15.833Z</time>
      </trkpt>
      <trkpt lat="45.276903" lon="6.344765">
        <ele>563.669561</ele>
        <time>2026-09-03T14:24:17.837Z</time>
      </trkpt>
      <trkpt lat="45.276810" lon="6.344912">
        <ele>564.396394</ele>
        <time>2026-09-03T14:24:19.834Z</time>
      </trkpt>
      <trkpt lat="45.276730" lon="6.345075">
        <ele>565.127105</ele>
        <time>2026-09-03T14:24:21.834Z</time>
      </trkpt>
      <trkpt lat="45.276638" lon="6.345195">
        <ele>565.779618</ele>
        <time>2026-09-03T14:24:23.831Z</time>
      </trkpt>
      <trkpt lat="45.276553" lon="6.345298">
        <ele>566.054079</ele>
        <time>2026-09-03T14:24:25.843Z</time>
      </trkpt>
      <trkpt lat="45.276465" lon="6.345447">
        <ele>565.747468</ele>
        <time>2026-09-03T14:24:27.812Z</time>
      </trkpt>
      <trkpt lat="45.276377" lon="6.345578">
        <ele>565.462004</ele>
        <time>2026-09-03T14:24:29.832Z</time>
      </trkpt>
      <trkpt lat="45.276275" lon="6.345690">
        <ele>565.173275</ele>
        <time>2026-09-03T14:24:31.805Z</time>
      </trkpt>
      <trkpt lat="45.276150" lon="6.345777">
        <ele>564.861506</ele>
        <time>2026-09-03T14:24:33.829Z</time>
      </trkpt>
      <trkpt lat="45.276003" lon="6.345893">
        <ele>564.484877</ele>
        <time>2026-09-03T14:24:35.795Z</time>
      </trkpt>
      <trkpt lat="45.275880" lon="6.346007">
        <ele>564.155947</ele>
        <time>2026-09-03T14:24:37.823Z</time>
      </trkpt>
      <trkpt lat="45.275800" lon="6.346095">
        <ele>563.929341</ele>
        <time>2026-09-03T14:24:39.824Z</time>
      </trkpt>
      <trkpt lat="45.275695" lon="6.346183">
        <ele>563.656293</ele>
        <time>2026-09-03T14:24:42.843Z</time>
      </trkpt>
      <trkpt lat="45.275630" lon="6.346275">
        <ele>563.450801</ele>
        <time>2026-09-03T14:24:44.811Z</time>
      </trkpt>
      <trkpt lat="45.275548" lon="6.346372">
        <ele>563.211818</ele>
        <time>2026-09-03T14:24:46.839Z</time>
      </trkpt>
      <trkpt lat="45.275473" lon="6.346468">
        <ele>562.985722</ele>
        <time>2026-09-03T14:24:48.813Z</time>
      </trkpt>
      <trkpt lat="45.275397" lon="6.346575">
        <ele>562.746086</ele>
        <time>2026-09-03T14:24:50.841Z</time>
      </trkpt>
      <trkpt lat="45.275325" lon="6.346690">
        <ele>562.503460</ele>
        <time>2026-09-03T14:24:52.842Z</time>
      </trkpt>
      <trkpt lat="45.275260" lon="6.346797">
        <ele>562.280652</ele>
        <time>2026-09-03T14:24:54.818Z</time>
      </trkpt>
      <trkpt lat="45.275192" lon="6.346880">
        <ele>562.010966</ele>
        <time>2026-09-03T14:24:56.842Z</time>
      </trkpt>
      <trkpt lat="45.275117" lon="6.346982">
        <ele>561.358667</ele>
        <time>2026-09-03T14:24:58.810Z</time>
      </trkpt>
      <trkpt lat="45.275038" lon="6.347072">
        <ele>560.722454</ele>
        <time>2026-09-03T14:25:00.843Z</time>
      </trkpt>
      <trkpt lat="45.274965" lon="6.347160">
        <ele>560.120955</ele>
        <time>2026-09-03T14:25:02.806Z</time>
      </trkpt>
      <trkpt lat="45.274883" lon="6.347263">
        <ele>559.433283</ele>
        <time>2026-09-03T14:25:06.841Z</time>
      </trkpt>
      <trkpt lat="45.274808" lon="6.347360">
        <ele>558.796069</ele>
        <time>2026-09-03T14:25:10.810Z</time>
      </trkpt>
      <trkpt lat="45.274725" lon="6.347435">
        <ele>558.178037</ele>
        <time>2026-09-03T14:25:25.843Z</time>
      </trkpt>
      <trkpt lat="45.274652" lon="6.347540">
        <ele>557.525388</ele>
        <time>2026-09-03T14:25:29.812Z</time>
      </trkpt>
      <trkpt lat="45.274588" lon="6.347642">
        <ele>556.921128</ele>
        <time>2026-09-03T14:25:32.845Z</time>
      </trkpt>
      <trkpt lat="45.274475" lon="6.347783">
        <ele>555.976225</ele>
        <time>2026-09-03T14:25:35.818Z</time>
      </trkpt>
      <trkpt lat="45.274395" lon="6.347893">
        <ele>555.276757</ele>
        <time>2026-09-03T14:25:37.835Z</time>
      </trkpt>
      <trkpt lat="45.274313" lon="6.347995">
        <ele>554.592003</ele>
        <time>2026-09-03T14:25:39.836Z</time>
      </trkpt>
      <trkpt lat="45.274218" lon="6.348100">
        <ele>553.835777</ele>
        <time>2026-09-03T14:25:41.837Z</time>
      </trkpt>
      <trkpt lat="45.274122" lon="6.348227">
        <ele>553.011634</ele>
        <time>2026-09-03T14:25:43.865Z</time>
      </trkpt>
      <trkpt lat="45.274022" lon="6.348372">
        <ele>552.113919</ele>
        <time>2026-09-03T14:25:45.803Z</time>
      </trkpt>
      <trkpt lat="45.273937" lon="6.348515">
        <ele>551.286229</ele>
        <time>2026-09-03T14:25:47.804Z</time>
      </trkpt>
      <trkpt lat="45.273857" lon="6.348623">
        <ele>550.752921</ele>
        <time>2026-09-03T14:25:49.805Z</time>
      </trkpt>
      <trkpt lat="45.273772" lon="6.348735">
        <ele>550.546086</ele>
        <time>2026-09-03T14:25:51.821Z</time>
      </trkpt>
      <trkpt lat="45.273657" lon="6.348870">
        <ele>550.279927</ele>
        <time>2026-09-03T14:25:53.806Z</time>
      </trkpt>
      <trkpt lat="45.273535" lon="6.348990">
        <ele>550.015178</ele>
        <time>2026-09-03T14:25:55.807Z</time>
      </trkpt>
      <trkpt lat="45.273428" lon="6.349070">
        <ele>549.799443</ele>
        <time>2026-09-03T14:25:57.810Z</time>
      </trkpt>
      <trkpt lat="45.273340" lon="6.349217">
        <ele>549.557108</ele>
        <time>2026-09-03T14:25:59.807Z</time>
      </trkpt>
      <trkpt lat="45.273253" lon="6.349355">
        <ele>549.324460</ele>
        <time>2026-09-03T14:26:01.806Z</time>
      </trkpt>
      <trkpt lat="45.273132" lon="6.349478">
        <ele>549.059003</ele>
        <time>2026-09-03T14:26:03.807Z</time>
      </trkpt>
      <trkpt lat="45.273012" lon="6.349593">
        <ele>548.800742</ele>
        <time>2026-09-03T14:26:05.811Z</time>
      </trkpt>
      <trkpt lat="45.272902" lon="6.349748">
        <ele>548.524328</ele>
        <time>2026-09-03T14:26:07.813Z</time>
      </trkpt>
      <trkpt lat="45.272785" lon="6.349892">
        <ele>548.248144</ele>
        <time>2026-09-03T14:26:09.827Z</time>
      </trkpt>
      <trkpt lat="45.272665" lon="6.350017">
        <ele>547.982657</ele>
        <time>2026-09-03T14:26:11.827Z</time>
      </trkpt>
      <trkpt lat="45.272563" lon="6.350143">
        <ele>547.741501</ele>
        <time>2026-09-03T14:26:13.819Z</time>
      </trkpt>
      <trkpt lat="45.272452" lon="6.350262">
        <ele>547.564166</ele>
        <time>2026-09-03T14:26:15.823Z</time>
      </trkpt>
      <trkpt lat="45.272340" lon="6.350413">
        <ele>547.460228</ele>
        <time>2026-09-03T14:26:17.835Z</time>
      </trkpt>
      <trkpt lat="45.272280" lon="6.350523">
        <ele>547.394293</ele>
        <time>2026-09-03T14:26:19.837Z</time>
      </trkpt>
      <trkpt lat="45.272212" lon="6.350640">
        <ele>547.322402</ele>
        <time>2026-09-03T14:26:21.839Z</time>
      </trkpt>
      <trkpt lat="45.272107" lon="6.350718">
        <ele>547.242638</ele>
        <time>2026-09-03T14:26:23.843Z</time>
      </trkpt>
      <trkpt lat="45.271990" lon="6.350725">
        <ele>547.163801</ele>
        <time>2026-09-03T14:26:25.810Z</time>
      </trkpt>
      <trkpt lat="45.271908" lon="6.350828">
        <ele>547.090121</ele>
        <time>2026-09-03T14:26:27.804Z</time>
      </trkpt>
      <trkpt lat="45.271837" lon="6.350918">
        <ele>547.026068</ele>
        <time>2026-09-03T14:26:29.800Z</time>
      </trkpt>
      <trkpt lat="45.271772" lon="6.351027">
        <ele>546.958380</ele>
        <time>2026-09-03T14:26:31.799Z</time>
      </trkpt>
      <trkpt lat="45.271688" lon="6.351107">
        <ele>546.890303</ele>
        <time>2026-09-03T14:26:33.801Z</time>
      </trkpt>
      <trkpt lat="45.271567" lon="6.351060">
        <ele>546.805856</ele>
        <time>2026-09-03T14:26:36.815Z</time>
      </trkpt>
      <trkpt lat="45.271490" lon="6.350977">
        <ele>546.740791</ele>
        <time>2026-09-03T14:26:38.802Z</time>
      </trkpt>
      <trkpt lat="45.271403" lon="6.350885">
        <ele>546.667782</ele>
        <time>2026-09-03T14:26:40.801Z</time>
      </trkpt>
      <trkpt lat="45.271315" lon="6.350783">
        <ele>546.591329</ele>
        <time>2026-09-03T14:26:42.818Z</time>
      </trkpt>
      <trkpt lat="45.271232" lon="6.350678">
        <ele>546.516516</ele>
        <time>2026-09-03T14:26:44.816Z</time>
      </trkpt>
      <trkpt lat="45.271138" lon="6.350595">
        <ele>546.442011</ele>
        <time>2026-09-03T14:26:46.802Z</time>
      </trkpt>
      <trkpt lat="45.271047" lon="6.350525">
        <ele>546.396169</ele>
        <time>2026-09-03T14:26:48.805Z</time>
      </trkpt>
      <trkpt lat="45.270965" lon="6.350470">
        <ele>546.396169</ele>
        <time>2026-09-03T14:26:50.821Z</time>
      </trkpt>
      <trkpt lat="45.270883" lon="6.350402">
        <ele>546.396169</ele>
        <time>2026-09-03T14:26:52.839Z</time>
      </trkpt>
      <trkpt lat="45.270798" lon="6.350333">
        <ele>546.396169</ele>
        <time>2026-09-03T14:26:54.813Z</time>
      </trkpt>
      <trkpt lat="45.270712" lon="6.350270">
        <ele>546.396169</ele>
        <time>2026-09-03T14:26:56.834Z</time>
      </trkpt>
      <trkpt lat="45.270630" lon="6.350187">
        <ele>546.396169</ele>
        <time>2026-09-03T14:26:58.801Z</time>
      </trkpt>
      <trkpt lat="45.270547" lon="6.350087">
        <ele>546.396169</ele>
        <time>2026-09-03T14:27:00.840Z</time>
      </trkpt>
      <trkpt lat="45.270432" lon="6.349982">
        <ele>546.396169</ele>
        <time>2026-09-03T14:27:03.835Z</time>
      </trkpt>
      <trkpt lat="45.270338" lon="6.349945">
        <ele>546.396169</ele>
        <time>2026-09-03T14:27:05.843Z</time>
      </trkpt>
      <trkpt lat="45.270235" lon="6.349925">
        <ele>546.396169</ele>
        <time>2026-09-03T14:27:07.809Z</time>
      </trkpt>
      <trkpt lat="45.270150" lon="6.349873">
        <ele>546.396169</ele>
        <time>2026-09-03T14:27:09.809Z</time>
      </trkpt>
      <trkpt lat="45.270068" lon="6.349803">
        <ele>546.396169</ele>
        <time>2026-09-03T14:27:11.806Z</time>
      </trkpt>
      <trkpt lat="45.269987" lon="6.349748">
        <ele>546.396169</ele>
        <time>2026-09-03T14:27:13.806Z</time>
      </trkpt>
      <trkpt lat="45.269902" lon="6.349692">
        <ele>546.396169</ele>
        <time>2026-09-03T14:27:15.819Z</time>
      </trkpt>
      <trkpt lat="45.269822" lon="6.349628">
        <ele>546.396169</ele>
        <time>2026-09-03T14:27:17.821Z</time>
      </trkpt>
      <trkpt lat="45.269740" lon="6.349568">
        <ele>546.396169</ele>
        <time>2026-09-03T14:27:19.807Z</time>
      </trkpt>
      <trkpt lat="45.269662" lon="6.349505">
        <ele>546.396169</ele>
        <time>2026-09-03T14:27:21.814Z</time>
      </trkpt>
      <trkpt lat="45.269585" lon="6.349437">
        <ele>546.396169</ele>
        <time>2026-09-03T14:27:23.805Z</time>
      </trkpt>
      <trkpt lat="45.269472" lon="6.349380">
        <ele>546.396169</ele>
        <time>2026-09-03T14:27:26.808Z</time>
      </trkpt>
      <trkpt lat="45.269358" lon="6.349320">
        <ele>546.396169</ele>
        <time>2026-09-03T14:27:29.808Z</time>
      </trkpt>
      <trkpt lat="45.269260" lon="6.349255">
        <ele>546.396169</ele>
        <time>2026-09-03T14:27:32.808Z</time>
      </trkpt>
    </trkseg>
  </trk>
</gpx>